{"type": "FeatureCollection", "features": [{"type": "Feature", "properties": {"id": 0, "zone": "High Hazard Zone", "FID": "0", "ZONE_": "High Hazard Zone", "SHAPE_Leng": "0.000352", "SHAPE_Area": "0", "aarea": "0.000013"}, "geometry": {"type": "Polygon", "coordinates": [[75.80085999999933, 11.79760999999966], [75.80091999999968, 11.79756000000086], [75.80100999999922, 11.79752000000003], [75.80085999999933, 11.79760999999966]]}}, {"type": "Feature", "properties": {"id": 1, "zone": "High Hazard Zone", "FID": "1", "ZONE_": "High Hazard Zone", "SHAPE_Leng": "0.001003", "SHAPE_Area": "0", "aarea": "0.000264"}, "geometry": {"type": "Polygon", "coordinates": [[75.98321000000035, 11.57521000000091], [75.98320921824126, 11.57519905537375], [75.9832000000006, 11.57507000000078], [75.98349000000051, 11.57481999999981], [75.98321000000035, 11.57521000000091]]}}, {"type": "Feature", "properties": {"id": 2, "zone": "Medium Hazard Zone", "FID": "2", "ZONE_": "Medium Hazard Zone", "SHAPE_Leng": "0.017767", "SHAPE_Area": "0.000017", "aarea": "0.203876"}, "geometry": {"type": "Polygon", "coordinates": [[75.77887999999987, 11.80315999999951], [75.77923769970519, 11.80351769970483], [75.77851867020942, 11.80310441164141], [75.77820585770908, 11.80287647414125], [75.77777405602818, 11.80264850091278], [75.77887999999987, 11.80315999999951]]}}, {"type": "Feature", "properties": {"id": 3, "zone": "High Hazard Zone", "FID": "3", "ZONE_": "High Hazard Zone", "SHAPE_Leng": "0.063423", "SHAPE_Area": "0.000097", "aarea": "1.188476"}, "geometry": {"type": "Polygon", "coordinates": [[75.9474800000007, 11.88926999999967], [75.94902000000005, 11.89052000000087], [75.94993000000063, 11.89165999999936], [75.95022000000066, 11.89257999999971], [75.95045000000023, 11.89355000000066], [75.95016000000031, 11.89441000000076], [75.9498199999998, 11.8958299999995], [75.94822000000019, 11.89668999999961], [75.9473099999996, 11.89766000000055], [75.9455899999994, 11.89782999999987], [75.94433999999997, 11.89856999999937], [75.94409000000087, 11.89849999999935], [75.94302000000063, 11.89926999999991], [75.94177999999918, 11.89926999999991], [75.93993000000049, 11.89957999999936], [75.93873999999964, 11.89834999999946], [75.93864000000033, 11.89782999999987], [75.93786999999978, 11.89576999999916], [75.93776000000071, 11.89468999999915], [75.93807000000015, 11.89268000000079], [75.93873999999964, 11.89211000000071], [75.93894999999978, 11.89107999999942], [75.93905000000086, 11.8898000000008], [75.93945999999961, 11.88882000000009], [75.93961999999917, 11.88804999999953], [75.93894999999978, 11.88690999999927], [75.93720000000029, 11.88654999999924], [75.93780999999943, 11.88546999999923], [75.93807000000015, 11.88464999999995], [75.93905000000086, 11.88392999999997], [75.93987000000014, 11.88392999999997], [75.94023000000017, 11.88527000000071], [75.94029000000043, 11.8860399999994], [75.94101000000049, 11.8860399999994], [75.94193000000085, 11.88608999999999], [75.9427599999999, 11.88639999999944], [75.94321999999923, 11.8872699999993], [75.94245000000045, 11.88794000000056], [75.94182999999977, 11.88882000000009], [75.94182999999977, 11.88933000000002], [75.94198999999934, 11.89026000000014], [75.94177999999918, 11.89124000000084], [75.94059999999988, 11.89288999999916], [75.94013000000086, 11.89380999999961], [75.94038999999974, 11.89464000000043], [75.94167999999989, 11.8942800000004], [75.9422400000003, 11.8943799999997], [75.94296000000028, 11.89473999999973], [75.94347999999987, 11.89492000000068], [75.94411000000039, 11.89400999999999], [75.94455999999988, 11.89292000000022], [75.94496000000073, 11.89155000000029], [75.94605000000051, 11.88971999999924], [75.9474800000007, 11.88926999999967]]}}, {"type": "Feature", "properties": {"id": 4, "zone": "High Hazard Zone", "FID": "4", "ZONE_": "High Hazard Zone", "SHAPE_Leng": "0.000352", "SHAPE_Area": "0", "aarea": "0.000013"}, "geometry": {"type": "Polygon", "coordinates": [[75.80085999999933, 11.79760999999966], [75.80091999999968, 11.79756000000086], [75.80100999999922, 11.79752000000003], [75.80085999999933, 11.79760999999966]]}}, {"type": "Feature", "properties": {"id": 5, "zone": "High Hazard Zone", "FID": "5", "ZONE_": "High Hazard Zone", "SHAPE_Leng": "0.047187", "SHAPE_Area": "0.000037", "aarea": "0.456248"}, "geometry": {"type": "Polygon", "coordinates": [[75.96639999999931, 11.86550999999965], [75.96650000000048, 11.86591000000042], [75.96635000000059, 11.86690000000089], [75.96550000000025, 11.86743000000024], [75.96502999999937, 11.86813000000078], [75.96385000000006, 11.86743000000024], [75.96340000000058, 11.86691000000065], [75.96298000000029, 11.86643999999977], [75.96233000000034, 11.86616999999937], [75.96186999999922, 11.86598000000053], [75.96174000000063, 11.86548000000037], [75.96166000000085, 11.8650799999996], [75.96159000000083, 11.86464999999955], [75.96162999999979, 11.86435999999954], [75.96176000000015, 11.86402000000089], [75.96192999999947, 11.8637299999991], [75.96226999999999, 11.86342999999941], [75.96227999999975, 11.86312999999973], [75.96205999999984, 11.86287000000086], [75.96173000000087, 11.86254000000012], [75.96176000000015, 11.86211999999974], [75.96183000000018, 11.86192999999912], [75.96192999999947, 11.86165000000073], [75.96210000000066, 11.86120999999914], [75.96213999999962, 11.86061999999944], [75.96195000000077, 11.86032999999951], [75.96162999999979, 11.8604799999994], [75.96102000000066, 11.8607499999998], [75.96075000000016, 11.86100000000077], [75.96075000000016, 11.86159000000047], [75.96096000000031, 11.86216000000056], [75.96102000000066, 11.86252000000059], [75.96106999999937, 11.86294000000088], [75.9608399999997, 11.86326000000009], [75.96032999999987, 11.86317000000055], [75.96008000000077, 11.86312999999973], [75.95987000000062, 11.86316000000079], [75.95972000000074, 11.86319000000007], [75.9596099999999, 11.86356999999954], [75.95965000000072, 11.86371999999934], [75.95977999999921, 11.86381000000075], [75.95993000000088, 11.86467000000085], [75.96010000000021, 11.86500999999949], [75.9601999999995, 11.86529999999951], [75.96029000000091, 11.86555000000047], [75.96001000000066, 11.86556999999991], [75.9596099999999, 11.86493999999947], [75.95917000000009, 11.86469000000037], [75.9590900000003, 11.86456999999977], [75.95881000000006, 11.8641200000002], [75.95888000000016, 11.86383000000027], [75.95869999999921, 11.86316000000079], [75.95876999999932, 11.86241999999951], [75.95852999999988, 11.86046999999964], [75.95858000000047, 11.86045000000012], [75.95891999999911, 11.86052000000014], [75.95957000000094, 11.86052000000014], [75.95991999999934, 11.86007000000065], [75.95967000000016, 11.85952], [75.95946999999977, 11.8590299999996], [75.95917000000009, 11.85848000000081], [75.95891999999911, 11.85807999999995], [75.95952000000035, 11.85748000000058], [75.96032000000011, 11.85722999999961], [75.96106999999937, 11.85748000000058], [75.96126000000008, 11.85763000000047], [75.96196000000053, 11.85822999999984], [75.96226000000023, 11.85858000000011], [75.96320999999986, 11.85832999999915], [75.96356000000014, 11.85867999999933], [75.96346000000084, 11.85957000000049], [75.96365999999944, 11.86002000000007], [75.96441000000048, 11.86011999999937], [75.96461000000086, 11.86052000000014], [75.96445999999919, 11.86091999999913], [75.9640600000002, 11.86131999999998], [75.96341000000034, 11.86187000000064], [75.96341000000034, 11.86237000000071], [75.96391000000041, 11.86256999999931], [75.96435999999999, 11.8631100000002], [75.96426000000068, 11.86355999999978], [75.96361000000073, 11.86431000000082], [75.96365999999944, 11.86485999999969], [75.96479999999971, 11.86500999999949], [75.96579999999993, 11.86526000000046], [75.96639999999931, 11.86550999999965]]}}, {"type": "Feature", "properties": {"id": 6, "zone": "High Hazard Zone", "FID": "6", "ZONE_": "High Hazard Zone", "SHAPE_Leng": "0.046748", "SHAPE_Area": "0.000074", "aarea": "0.909401"}, "geometry": {"type": "Polygon", "coordinates": [[75.95750000000046, 11.89507000000048], [75.95711999999914, 11.89522000000037], [75.9568299999992, 11.89538999999969], [75.95665000000012, 11.89586000000056], [75.95671000000038, 11.89621000000083], [75.9571500000002, 11.89660999999982], [75.95722999999997, 11.89704999999955], [75.95696999999925, 11.89729000000075], [75.95603999999912, 11.89729000000075], [75.9551300000003, 11.89713999999909], [75.95490000000063, 11.89688000000023], [75.95490000000063, 11.89617999999977], [75.95490000000063, 11.89561999999936], [75.95490000000063, 11.89497999999916], [75.95478000000003, 11.89430999999968], [75.95470000000024, 11.89389999999915], [75.9547600000005, 11.89366999999949], [75.95443999999952, 11.89320000000048], [75.95413999999984, 11.89308999999955], [75.9536800000005, 11.8928799999994], [75.95318000000043, 11.89252999999913], [75.95237000000091, 11.89215999999942], [75.95216000000076, 11.89169000000042], [75.9520300000004, 11.89163999999983], [75.95147244511023, 11.89044523952119], [75.95146999999999, 11.89043999999922], [75.95189000000028, 11.88995000000069], [75.9526700000006, 11.88952000000064], [75.95322999999915, 11.88903000000024], [75.95358999999918, 11.8888900000002], [75.95471999999968, 11.88832000000003], [75.95613000000053, 11.88669999999912], [75.95684000000074, 11.8860600000007], [75.9574699999994, 11.88571000000043], [75.95852999999988, 11.88620000000083], [75.95888999999993, 11.88760999999981], [75.95952000000035, 11.88796999999975], [75.9610100000009, 11.88789999999974], [75.96227999999975, 11.88775999999961], [75.96376000000052, 11.88732999999956], [75.96495999999935, 11.88725999999954], [75.9653899999994, 11.88789999999974], [75.96580999999969, 11.88853000000017], [75.96608999999987, 11.88903000000024], [75.96594999999982, 11.88938000000051], [75.96594999999982, 11.88966000000076], [75.9646799999991, 11.89064999999936], [75.96390000000065, 11.89086999999927], [75.96163999999955, 11.89163999999983], [75.96083000000003, 11.89139000000064], [75.96067000000038, 11.89136999999934], [75.96024000000033, 11.89156999999981], [75.95996999999993, 11.89177999999996], [75.95965000000072, 11.89177999999996], [75.95924000000011, 11.89160000000087], [75.9585999999999, 11.89160000000087], [75.95839999999953, 11.89180999999915], [75.95839999999953, 11.89221000000001], [75.95878000000086, 11.89285000000021], [75.95918999999961, 11.89320000000048], [75.9593600000007, 11.89352999999936], [75.95961999999966, 11.89381999999928], [75.9598299999998, 11.89414000000036], [75.9598299999998, 11.89445999999957], [75.9597099999992, 11.89474999999949], [75.95930000000045, 11.89492000000068], [75.95878000000086, 11.89492000000068], [75.95839999999953, 11.89492000000068], [75.95787000000017, 11.89492000000068], [75.95750000000046, 11.89507000000048]]}}, {"type": "Feature", "properties": {"id": 7, "zone": "High Hazard Zone", "FID": "7", "ZONE_": "High Hazard Zone", "SHAPE_Leng": "0.000839", "SHAPE_Area": "0", "aarea": "0.000364"}, "geometry": {"type": "Polygon", "coordinates": [[75.94859, 11.67350000000076], [75.94824999999948, 11.67345999999994], [75.94837999999984, 11.67330000000038], [75.94859, 11.67350000000076]]}}, {"type": "Feature", "properties": {"id": 8, "zone": "High Hazard Zone", "FID": "8", "ZONE_": "High Hazard Zone", "SHAPE_Leng": "0.033796", "SHAPE_Area": "0.000039", "aarea": "0.475564"}, "geometry": {"type": "Polygon", "coordinates": [[76.01202999999991, 11.54106999999931], [76.01214000000074, 11.54147000000008], [76.01216999999994, 11.54178999999929], [76.01065000000021, 11.54298000000014], [76.0085899999995, 11.54423999999923], [76.00864999999975, 11.54447000000077], [76.00807999999958, 11.5444900000002], [76.00749999999972, 11.54519000000074], [76.00749999999972, 11.54577000000059], [76.00714999999946, 11.54646999999936], [76.00656999999951, 11.54699000000073], [76.00563999999939, 11.54757000000067], [76.00489000000013, 11.54796999999966], [76.0039899999992, 11.54879000000071], [76.00288, 11.54915000000075], [76.00185000000057, 11.5498299999999], [76.00122000000015, 11.55034999999949], [76.00122999999982, 11.55055999999964], [76.00087999999964, 11.55069999999976], [76.00026000000074, 11.55047000000009], [76.00007999999978, 11.54972000000092], [76.00064999999996, 11.54858000000057], [76.0012800000004, 11.54760999999962], [76.00247999999924, 11.54635000000053], [76.00281999999974, 11.54441000000042], [76.00322000000051, 11.54384000000024], [76.00511000000004, 11.54304000000049], [76.00727999999982, 11.54263999999963], [76.00876000000059, 11.54167000000055], [76.00989999999908, 11.54097999999977], [76.00998000000072, 11.54097999999977], [76.01010999999923, 11.54089000000023], [76.01080999999976, 11.54083999999965], [76.01127000000088, 11.54077999999939], [76.01161999999928, 11.54077999999939], [76.0118600000005, 11.54095000000049], [76.01202999999991, 11.54106999999931]]}}, {"type": "Feature", "properties": {"id": 9, "zone": "High Hazard Zone", "FID": "9", "ZONE_": "High Hazard Zone", "SHAPE_Leng": "0.024", "SHAPE_Area": "0.000028", "aarea": "0.33915"}, "geometry": {"type": "Polygon", "coordinates": [[76.02620999999996, 11.51462999999969], [76.0267199999998, 11.5161000000007], [76.02753999999916, 11.51764999999981], [76.02850000000035, 11.52008999999999], [76.02865000000024, 11.52112999999917], [76.02784000000064, 11.52196999999975], [76.02633224970215, 11.52276880810475], [76.02633000000057, 11.5227699999996], [76.02600999999959, 11.52232999999979], [76.02584000000026, 11.52151000000051], [76.02532000000068, 11.52104999999939], [76.02508999999922, 11.52011999999918], [76.02479999999922, 11.51914000000034], [76.02455999999987, 11.5184399999998], [76.02404999999995, 11.51781999999913], [76.02395000000074, 11.51754000000074], [76.02387000000087, 11.51705000000034], [76.02352000000069, 11.51589000000055], [76.02304999999981, 11.5150699999995], [76.02299999999923, 11.51438000000049], [76.02310000000031, 11.51380000000064], [76.02424000000066, 11.51333999999953], [76.02549999999975, 11.51333999999953], [76.02577999999991, 11.51413999999929], [76.0256100000006, 11.51410000000033], [76.02620999999996, 11.51462999999969]]}}, {"type": "Feature", "properties": {"id": 10, "zone": "High Hazard Zone", "FID": "10", "ZONE_": "High Hazard Zone", "SHAPE_Leng": "0.075505", "SHAPE_Area": "0.000098", "aarea": "1.200691"}, "geometry": {"type": "Polygon", "coordinates": [[76.00893, 11.52729000000002], [76.00933000000077, 11.52786000000011], [76.0110499999992, 11.52700999999976], [76.01189999999954, 11.52621000000001], [76.01373000000059, 11.52471999999947], [76.01510000000052, 11.52484000000007], [76.01735999999984, 11.5254000000004], [76.0178899999992, 11.52534000000014], [76.01864000000023, 11.52534000000014], [76.01997999999911, 11.52534000000014], [76.02154999999951, 11.52505000000022], [76.02265000000082, 11.52482000000055], [76.02352000000069, 11.52482000000055], [76.02375000000026, 11.5254000000004], [76.02352000000069, 11.52579999999939], [76.02265000000082, 11.52598000000034], [76.02172000000061, 11.52598000000034], [76.02090999999932, 11.52643999999968], [76.02032999999938, 11.5273699999998], [76.01980000000002, 11.5281300000006], [76.01939999999925, 11.52894000000011], [76.01939999999925, 11.52958000000031], [76.0195100000001, 11.53021000000083], [76.0201500000003, 11.53067999999984], [76.02056000000083, 11.53109000000037], [76.02032999999938, 11.53160999999996], [76.0196300000007, 11.53177999999937], [76.01870000000058, 11.53177999999937], [76.01794999999946, 11.53177999999937], [76.01719000000053, 11.53172000000089], [76.0169000000005, 11.53125999999978], [76.0169000000005, 11.53032999999957], [76.01725000000077, 11.52987000000032], [76.01771999999978, 11.52939999999945], [76.0180099999998, 11.52910999999953], [76.01812000000064, 11.52875999999925], [76.01817999999912, 11.52823999999966], [76.0180099999998, 11.52772000000007], [76.01754000000071, 11.52745999999934], [76.01704000000063, 11.52757999999994], [76.01584000000003, 11.5282599999991], [76.01492999999934, 11.5291199999992], [76.01430000000076, 11.5291199999992], [76.01236000000065, 11.53048999999922], [76.01161999999928, 11.53048999999922], [76.01042000000054, 11.53031999999981], [76.00941000000056, 11.52993000000058], [76.00921999999993, 11.52986000000056], [76.00830999999924, 11.52945999999971], [76.00670999999964, 11.5291199999992], [76.00488000000037, 11.52940999999921], [76.00367999999985, 11.52945000000003], [76.0037400000001, 11.52870000000077], [76.00300000000061, 11.52870000000077], [76.00157000000033, 11.52916000000002], [76.00122000000015, 11.52904999999918], [76.00110999999922, 11.52842000000052], [76.00105000000073, 11.52733000000084], [76.00144999999972, 11.52635999999981], [76.00242000000075, 11.52498999999987], [76.00437000000053, 11.52390999999986], [76.00584999999954, 11.52270999999925], [76.0065900000009, 11.5219099999995], [76.0071100000005, 11.52122000000058], [76.00846168744087, 11.52073889091095], [76.00923920167432, 11.52068900512842], [76.01016998292515, 11.52046013012822], [76.01041119217435, 11.52036077961392], [76.0105500000009, 11.52033999999909], [76.01022999999984, 11.52052000000004], [76.01051999999984, 11.52151000000051], [76.01010999999923, 11.52249999999911], [76.00952999999937, 11.52302000000057], [76.00884000000046, 11.52376999999983], [76.00825000000076, 11.52434999999968], [76.00813999999993, 11.52511000000048], [76.00825000000076, 11.52592000000008], [76.00825000000076, 11.52649999999993], [76.00842999999985, 11.52730999999945], [76.00878999999988, 11.52717999999918], [76.00893, 11.52729000000002]]}}, {"type": "Feature", "properties": {"id": 11, "zone": "High Hazard Zone", "FID": "11", "ZONE_": "High Hazard Zone", "SHAPE_Leng": "0.030879", "SHAPE_Area": "0.00004", "aarea": "0.490461"}, "geometry": {"type": "Polygon", "coordinates": [[75.98178999999983, 11.56939000000057], [75.98100999999951, 11.56958999999918], [75.98048000000016, 11.57023999999914], [75.97952000000075, 11.57057999999965], [75.97765000000075, 11.57089000000087], [75.97695999999996, 11.57085000000005], [75.97635000000083, 11.57050999999954], [75.97576999999912, 11.56997000000042], [75.97538999999965, 11.56935999999951], [75.97520000000081, 11.5689199999997], [75.97523999999976, 11.56864999999921], [75.97573000000007, 11.56816000000068], [75.9764599999999, 11.56761999999978], [75.97733999999943, 11.56719999999949], [75.9784500000005, 11.56631999999987], [75.97883000000006, 11.56589999999958], [75.97890999999984, 11.56547999999929], [75.97890999999984, 11.56537999999999], [75.97928999999931, 11.56525999999938], [75.97998000000008, 11.56525999999938], [75.98040000000037, 11.56525999999938], [75.98074000000089, 11.56525999999938], [75.98100999999951, 11.56525999999938], [75.98173999999925, 11.5653000000002], [75.98251999999957, 11.56545999999977], [75.9826599999997, 11.56558000000037], [75.98322999999979, 11.56576999999921], [75.98351000000004, 11.56567999999967], [75.98379999999996, 11.56581000000004], [75.98532999999955, 11.56532999999949], [75.9860000000008, 11.56503999999948], [75.98651000000064, 11.56481999999957], [75.98675000000007, 11.56471000000059], [75.9867900000008, 11.56463000000072], [75.98692999999915, 11.56453999999941], [75.98766000000066, 11.56475999999931], [75.98780000000079, 11.56560999999965], [75.98754000000007, 11.56618999999959], [75.98745000000052, 11.56638000000021], [75.98737000000074, 11.5665599999993], [75.9865200000004, 11.56698999999935], [75.9855100000004, 11.56751000000081], [75.98523000000024, 11.56765000000084], [75.98247000000086, 11.56846000000045], [75.9819499999994, 11.56893999999922], [75.98178999999983, 11.56939000000057]]}}, {"type": "Feature", "properties": {"id": 12, "zone": "High Hazard Zone", "FID": "12", "ZONE_": "High Hazard Zone", "SHAPE_Leng": "0.044219", "SHAPE_Area": "0.000058", "aarea": "0.708674"}, "geometry": {"type": "Polygon", "coordinates": [[76.0422813883768, 11.944620420198], [76.04238000000082, 11.94393999999924], [76.0425899999991, 11.94348999999966], [76.04269000000026, 11.94305999999961], [76.04276000000029, 11.94282999999994], [76.04291000000008, 11.94251000000073], [76.04308999999925, 11.94216000000055], [76.0433200000007, 11.94182999999972], [76.0435199999993, 11.94165000000063], [76.04369000000041, 11.94150000000083], [76.04392000000007, 11.94139999999966], [76.04425000000082, 11.94134999999917], [76.04451999999945, 11.94134999999917], [76.04509999999938, 11.94145000000025], [76.04555000000073, 11.94165000000063], [76.04610999999929, 11.94177999999922], [76.04671000000053, 11.94182999999972], [76.04695999999971, 11.9417300000005], [76.04710999999952, 11.9417300000005], [76.04753999999957, 11.9419799999996], [76.04788999999984, 11.94258000000084], [76.04803999999963, 11.94296000000031], [76.0481199999995, 11.94346000000038], [76.0481199999995, 11.9439700000003], [76.0481400000008, 11.94451999999909], [76.04831999999989, 11.94520000000011], [76.04845000000026, 11.94563000000016], [76.04837000000047, 11.94637999999942], [76.04831999999989, 11.94700999999985], [76.04837000000047, 11.94769000000087], [76.04872000000066, 11.94808999999986], [76.04912999999941, 11.94816999999964], [76.04977999999936, 11.94822000000023], [76.05018000000022, 11.94822000000023], [76.05076000000007, 11.94816999999964], [76.05119000000012, 11.94807000000034], [76.05154000000039, 11.94792000000054], [76.05177000000006, 11.9477100000004], [76.05221999999955, 11.94756000000051], [76.05279999999948, 11.94749000000049], [76.05342999999992, 11.94750999999992], [76.05393000000008, 11.94758999999979], [76.05437999999957, 11.94769000000087], [76.05480999999962, 11.94796999999926], [76.05536000000026, 11.94874999999958], [76.0557200000003, 11.9495299999999], [76.05573999999983, 11.95047999999955], [76.05607000000057, 11.95129000000084], [76.05623999999989, 11.95211999999988], [76.05623999999989, 11.95282000000043], [76.05620000000094, 11.9533699999993], [76.05610999999953, 11.9533699999993], [76.0559400000002, 11.9533699999993], [76.05556399665646, 11.953215742218], [76.05508423296698, 11.95266819303068], [76.05297088921498, 11.95045566177869], [76.05258179546469, 11.9502286930284], [76.05244670170362, 11.95020987950291], [76.05205000000022, 11.95015000000058], [76.05154062775904, 11.95015821568169], [76.05142973296356, 11.95015906802842], [76.05083611753057, 11.95025408039119], [76.05041999999956, 11.9503199999999], [76.04973000000065, 11.95054999999957], [76.04910999999997, 11.95062999999935], [76.04864000000087, 11.95055999999933], [76.04830416824878, 11.95041037199139], [76.04763029546001, 11.9501066305283], [76.04729063645198, 11.94997337311715], [76.04686000000041, 11.94980000000031], [76.04623398686672, 11.94950189850864], [76.04569245170823, 11.94912147427741], [76.04545042535487, 11.9488263278542], [76.04537999999955, 11.94873999999982], [76.04536006413264, 11.94868932967144], [76.04514313920768, 11.94812775552648], [76.04494143527057, 11.94754448862015], [76.04474999999911, 11.94698000000066], [76.04364807073065, 11.94537957891815], [76.04348754545616, 11.94514559927369], [76.0431747329559, 11.94484044302347], [76.04279326420554, 11.9446897555233], [76.0422813883768, 11.944620420198]]}}, {"type": "Feature", "properties": {"id": 13, "zone": "High Hazard Zone", "FID": "13", "ZONE_": "High Hazard Zone", "SHAPE_Leng": "0.053994", "SHAPE_Area": "0.000068", "aarea": "0.831285"}, "geometry": {"type": "Polygon", "coordinates": [[76.01250000000068, 11.93353000000024], [76.01223000000029, 11.93380000000073], [76.01192000000084, 11.93395000000053], [76.01159999999986, 11.93414999999914], [76.01108999999994, 11.93453000000047], [76.01073999999976, 11.93483000000016], [76.01041000000077, 11.93518000000043], [76.01015999999981, 11.93542999999953], [76.00986000000013, 11.93583000000039], [76.00967999999918, 11.93643999999952], [76.00976000000082, 11.93721999999975], [76.00976000000082, 11.93785000000028], [76.00976000000082, 11.93834829375836], [76.00901031412495, 11.93810477564832], [76.00869000000057, 11.93800000000008], [76.00784000000023, 11.93738999999917], [76.00730315181602, 11.93674237361944], [76.00720976417236, 11.93662834926575], [76.00681829221395, 11.93602512166028], [76.00714999999946, 11.93622999999938], [76.00691999999978, 11.93548000000012], [76.00732000000065, 11.93444000000093], [76.00776000000046, 11.93351000000072], [76.00776000000046, 11.93326999999951], [76.00765999999929, 11.9325599999993], [76.00742999999962, 11.93192000000088], [76.00741999999994, 11.93159000000013], [76.00753000000078, 11.9312000000009], [76.00777000000012, 11.93080999999981], [76.00826000000052, 11.93048000000093], [76.00840000000065, 11.93008000000007], [76.00842999999985, 11.92971000000037], [76.00815999999945, 11.92928000000031], [76.00748999999996, 11.92891000000052], [76.0072600000003, 11.92880999999944], [76.00664999999938, 11.92843999999965], [76.00638000000076, 11.92806999999994], [76.00612999999979, 11.92735999999964], [76.00613999999946, 11.92714999999949], [76.00691999999978, 11.92619000000018], [76.00715999999922, 11.92567000000049], [76.00755999999998, 11.92525999999997], [76.00852999999915, 11.92463999999929], [76.00890000000072, 11.92438000000034], [76.0096699999995, 11.92357000000082], [76.01043999999997, 11.92256000000092], [76.0112900000004, 11.92213000000087], [76.01150000000055, 11.9220299999997], [76.01188999999978, 11.92179000000036], [76.01222000000053, 11.92179000000036], [76.01252999999997, 11.9217599999993], [76.01315000000065, 11.92194999999992], [76.01322000000076, 11.92197999999921], [76.01369999999953, 11.92216000000007], [76.01451000000091, 11.92226999999913], [76.01467000000046, 11.92223000000008], [76.0149099999999, 11.92223000000008], [76.01547999999998, 11.92209000000005], [76.01561000000035, 11.92209000000005], [76.01600999999934, 11.92173000000001], [76.01640000000043, 11.92145999999961], [76.01675000000071, 11.92145999999961], [76.01701999999933, 11.92151999999987], [76.01708999999936, 11.92164000000047], [76.01716999999913, 11.92177000000084], [76.01708999999936, 11.92195999999968], [76.01669000000037, 11.92236000000045], [76.01621999999949, 11.92293000000063], [76.01584999999979, 11.92364000000093], [76.01557999999929, 11.92396999999981], [76.01533999999995, 11.92413999999913], [76.01497000000016, 11.92447999999964], [76.0145699999994, 11.92468000000012], [76.01430000000076, 11.9249799999998], [76.01373000000059, 11.92554999999989], [76.01356999999916, 11.92595000000075], [76.01319999999946, 11.92628999999939], [76.01260999999975, 11.92665999999918], [76.01185000000082, 11.9267299999992], [76.01145999999973, 11.9266299999999], [76.01101999999992, 11.92640000000032], [76.01065000000021, 11.92626999999996], [76.01014000000029, 11.92636999999926], [76.00986999999989, 11.9265300000006], [76.00960999999916, 11.92674000000083], [76.0094700000009, 11.92696000000065], [76.00943000000008, 11.92698000000017], [76.00928000000019, 11.92737999999916], [76.00943000000008, 11.92786999999956], [76.0095700000002, 11.92802999999912], [76.00986999999989, 11.92834000000043], [76.01056000000067, 11.9289900000003], [76.01060999999939, 11.92904000000089], [76.0108, 11.92923999999949], [76.01087999999979, 11.92971000000037], [76.01085000000059, 11.93037999999976], [76.0113199999996, 11.93099000000076], [76.0115900000001, 11.93138999999975], [76.01199000000086, 11.93166000000015], [76.01240999999938, 11.93175999999945], [76.01305999999933, 11.93193000000064], [76.01319999999946, 11.93232999999963], [76.01310000000015, 11.93269999999942], [76.0126999999993, 11.93325999999975], [76.0126700000001, 11.93336000000092], [76.01259999999999, 11.9334199999994], [76.01250000000068, 11.93353000000024]]}}, {"type": "Feature", "properties": {"id": 14, "zone": "High Hazard Zone", "FID": "14", "ZONE_": "High Hazard Zone", "SHAPE_Leng": "0.031075", "SHAPE_Area": "0.000022", "aarea": "0.264832"}, "geometry": {"type": "Polygon", "coordinates": [[75.93260999999985, 11.91808999999922], [75.9321799999998, 11.91844999999925], [75.93173999999999, 11.9185600000001], [75.93149000000089, 11.91866999999907], [75.93113000000085, 11.91889000000084], [75.93041000000088, 11.91925000000079], [75.92994, 11.91938999999914], [75.92957999999997, 11.91986000000001], [75.92849999999996, 11.92017999999913], [75.92789000000083, 11.9203300000008], [75.92908999999966, 11.91925000000079], [75.92988999999942, 11.91792999999957], [75.93034000000077, 11.91798999999992], [75.93068999999926, 11.91731000000076], [75.93172000000047, 11.91536000000089], [75.9325700000009, 11.91388000000003], [75.93376999999964, 11.91238999999949], [75.93606000000003, 11.91188999999942], [75.93691000000037, 11.91171000000034], [75.93816999999946, 11.91148000000067], [75.93843999999986, 11.91099000000027], [75.93856000000038, 11.91108000000008], [75.93887999999967, 11.91131999999924], [75.93887999999967, 11.91186000000014], [75.93851999999973, 11.91239999999925], [75.93801999999957, 11.91272000000024], [75.93740000000068, 11.91294000000014], [75.93671999999965, 11.91318999999934], [75.93618000000063, 11.91325999999935], [75.93563999999974, 11.91340999999924], [75.93528999999947, 11.9135900000001], [75.93527999999971, 11.91361999999939], [75.9348100000007, 11.91441999999914], [75.93445000000067, 11.91491999999921], [75.93409000000062, 11.91542999999913], [75.93373000000068, 11.91589000000025], [75.93339999999993, 11.91650999999914], [75.93315000000075, 11.91700999999921], [75.93289999999978, 11.91758999999915], [75.93260999999985, 11.91808999999922]]}}, {"type": "Feature", "properties": {"id": 15, "zone": "High Hazard Zone", "FID": "15", "ZONE_": "High Hazard Zone", "SHAPE_Leng": "0.073728", "SHAPE_Area": "0.000108", "aarea": "1.322634"}, "geometry": {"type": "Polygon", "coordinates": [[75.91929999999957, 11.72192999999971], [75.92029000000004, 11.72204000000055], [75.92071000000033, 11.72204000000055], [75.92101999999977, 11.72213999999985], [75.9213799999998, 11.72235], [75.92149000000065, 11.72271000000003], [75.92158999999995, 11.72338999999918], [75.92158999999995, 11.72416999999951], [75.92158999999995, 11.72521000000056], [75.9213799999998, 11.7259400000003], [75.9212800000005, 11.72614000000068], [75.92080999999962, 11.72645999999989], [75.91977000000044, 11.72745000000036], [75.91899000000012, 11.7278100000003], [75.91872999999939, 11.72796999999995], [75.9177899999995, 11.72811999999975], [75.91669999999974, 11.72817000000033], [75.91575999999985, 11.7282799999994], [75.91488000000022, 11.7284299999992], [75.91425999999956, 11.72900999999914], [75.9136799999997, 11.72911000000022], [75.91274999999949, 11.72920999999952], [75.91237999999979, 11.72920999999952], [75.91150000000016, 11.72920999999952], [75.91113000000045, 11.72920999999952], [75.90976000000043, 11.72897999999985], [75.90892999999961, 11.72897999999985], [75.90782000000033, 11.72848999999954], [75.90656999999922, 11.72822000000092], [75.90608000000069, 11.72808000000079], [75.90574000000018, 11.72787000000065], [75.90545999999992, 11.72724999999988], [75.90517999999976, 11.72675999999958], [75.90510999999974, 11.72626999999918], [75.90463000000088, 11.72626999999918], [75.90449000000085, 11.72640999999931], [75.90421000000059, 11.72682999999959], [75.90393000000043, 11.72710999999985], [75.90351999999982, 11.72724999999988], [75.9030299999995, 11.72717999999987], [75.90274999999924, 11.72675999999958], [75.9024100000006, 11.72607000000066], [75.9024100000006, 11.72515999999997], [75.9024100000006, 11.72446999999919], [75.9024100000006, 11.72371000000017], [75.90234000000059, 11.72307999999974], [75.90220000000046, 11.72266999999921], [75.90171000000007, 11.72259999999919], [75.90101999999938, 11.72259999999919], [75.90033000000037, 11.72266999999921], [75.89969999999994, 11.72300999999972], [75.89893999999913, 11.7238500000003], [75.89796999999997, 11.7238500000003], [75.89747999999966, 11.72364000000015], [75.89747999999966, 11.72279999999957], [75.8976899999998, 11.72176000000039], [75.8976899999998, 11.72095000000078], [75.89903000000045, 11.72132000000057], [75.89950999999931, 11.7206000000006], [75.90228000000025, 11.71981000000051], [75.90466000000016, 11.71894000000065], [75.90663999999923, 11.71815000000057], [75.90846000000052, 11.71877999999922], [75.90805999999975, 11.72004999999994], [75.90632000000002, 11.72140000000035], [75.90576999999936, 11.7230600000003], [75.90759000000074, 11.7238500000003], [75.90862000000017, 11.72472000000016], [75.90980999999924, 11.72503999999937], [75.91099000000033, 11.72495999999959], [75.91304999999917, 11.72590999999924], [75.9156700000003, 11.72472000000016], [75.91764999999938, 11.72464000000038], [75.91947000000076, 11.7238500000003], [75.91947000000076, 11.72273999999923], [75.91900999999964, 11.72199999999973], [75.91929999999957, 11.72192999999971]]}}, {"type": "Feature", "properties": {"id": 16, "zone": "High Hazard Zone", "FID": "16", "ZONE_": "High Hazard Zone", "SHAPE_Leng": "0.408391", "SHAPE_Area": "0.001161", "aarea": "14.218506"}, "geometry": {"type": "Polygon", "coordinates": [[76.2222600000005, 11.5391299999992], [76.22190000000047, 11.53984999999918], [76.22190000000047, 11.54097999999977], [76.2221699999991, 11.54183999999987], [76.22229999999946, 11.54255999999985], [76.22239000000079, 11.54347000000054], [76.22285000000012, 11.54459999999927], [76.22324999999911, 11.54519000000074], [76.2232999999997, 11.54586000000013], [76.22330999999936, 11.54622999999993], [76.22298000000048, 11.54644999999983], [76.2225099999996, 11.54644999999983], [76.22131000000077, 11.54622999999993], [76.2207899999994, 11.54579999999988], [76.2203200000004, 11.54515999999968], [76.2203200000004, 11.54442999999994], [76.2203200000004, 11.54353000000079], [76.22019999999979, 11.54250999999927], [76.21990000000001, 11.54131000000052], [76.21981000000048, 11.54053999999996], [76.21951000000078, 11.54005999999932], [76.21938000000043, 11.53951000000053], [76.21960000000033, 11.5387800000008], [76.21990000000001, 11.53822000000038], [76.21994000000083, 11.53780000000009], [76.21994000000083, 11.53680999999962], [76.21990000000001, 11.53616999999943], [76.21933999999969, 11.53487999999927], [76.21865000000068, 11.53363999999962], [76.21826999999935, 11.53329999999911], [76.21782999999962, 11.53320999999957], [76.21737000000029, 11.53410000000073], [76.2157200000001, 11.53456000000006], [76.2155999999995, 11.53604000000084], [76.21531999999934, 11.53656000000043], [76.21418000000085, 11.53770000000079], [76.21205999999988, 11.53775999999927], [76.21058000000087, 11.53713000000061], [76.21011999999976, 11.53615999999967], [76.21068999999986, 11.53529999999956], [76.21120999999945, 11.53456000000006], [76.2116100000003, 11.53404000000047], [76.21224000000073, 11.53302000000072], [76.21228999999946, 11.53192999999917], [76.21218000000049, 11.53112999999942], [76.21218000000049, 11.52969999999914], [76.21218000000049, 11.52913000000082], [76.21195000000081, 11.52719000000071], [76.21195000000081, 11.52668000000088], [76.21183999999997, 11.52570999999985], [76.21212000000014, 11.52474000000077], [76.21332000000075, 11.52404999999999], [76.21502999999942, 11.52347999999981], [76.21692000000071, 11.5243900000005], [76.21891999999931, 11.52398999999964], [76.21909000000049, 11.52376000000007], [76.21966000000067, 11.52318999999989], [76.22052000000077, 11.52284999999938], [76.22211000000061, 11.52222000000072], [76.22285999999988, 11.52124999999978], [76.22314000000004, 11.52061999999934], [76.22211000000061, 11.52038999999967], [76.21966000000067, 11.52165000000063], [76.21788999999988, 11.52165000000063], [76.21578000000045, 11.52222000000072], [76.21412000000059, 11.52222000000072], [76.21269000000031, 11.52222000000072], [76.21081000000046, 11.52222000000072], [76.20960999999984, 11.52210999999988], [76.20909000000026, 11.52096999999961], [76.20852000000016, 11.5198199999995], [76.20852000000016, 11.51821999999989], [76.2082900000005, 11.51713999999989], [76.20737999999982, 11.51684999999996], [76.20635000000038, 11.51850999999991], [76.20680999999972, 11.52108000000045], [76.20721000000049, 11.52268000000006], [76.2078999999994, 11.52445000000076], [76.20840999999923, 11.52621999999977], [76.20887000000035, 11.52719000000071], [76.20921000000085, 11.52879000000032], [76.20944000000053, 11.52965000000042], [76.20897999999941, 11.53045000000017], [76.2070399999993, 11.52924999999956], [76.20590000000081, 11.52828000000048], [76.2041800000006, 11.52793000000021], [76.2031000000006, 11.52908000000024], [76.2031000000006, 11.53061999999959], [76.20253000000051, 11.52999000000093], [76.20149999999921, 11.52867999999947], [76.2005900000004, 11.52770000000054], [76.1997300000003, 11.52691000000046], [76.19899000000079, 11.52582000000078], [76.19830000000002, 11.5243900000005], [76.19779000000018, 11.52284999999938], [76.19676000000076, 11.52181999999995], [76.19578999999973, 11.5214199999991], [76.19492999999963, 11.52124999999978], [76.19435999999953, 11.52204999999962], [76.19339000000036, 11.52268000000006], [76.19161999999957, 11.5231399999993], [76.19059000000016, 11.5231399999993], [76.19024999999965, 11.52268000000006], [76.19042000000083, 11.52181999999995], [76.1905299999999, 11.52090999999927], [76.19075999999947, 11.52016999999977], [76.19167999999992, 11.51862000000075], [76.19235999999908, 11.5174299999999], [76.1931600000007, 11.51560000000063], [76.19345000000062, 11.51411000000009], [76.1947600000003, 11.51331000000025], [76.19533000000048, 11.51303000000008], [76.19544999999921, 11.51166000000015], [76.1947600000003, 11.51106000000069], [76.19235999999908, 11.51301000000056], [76.19081999999982, 11.51471999999923], [76.19036000000048, 11.51712000000045], [76.18910999999937, 11.51826000000072], [76.18750999999978, 11.51963000000065], [76.1856800000005, 11.52094000000033], [76.18356999999921, 11.52139999999966], [76.18237000000046, 11.52260000000028], [76.1811099999995, 11.52317000000036], [76.17957000000025, 11.5227699999996], [76.17836999999963, 11.52231000000026], [76.17734000000021, 11.52088999999974], [76.17642999999953, 11.5185399999991], [76.17499999999924, 11.51775000000089], [76.17345999999999, 11.5185399999991], [76.17180000000005, 11.52020000000083], [76.17078000000038, 11.52151000000051], [76.16906000000017, 11.52266000000053], [76.16855000000034, 11.52260000000028], [76.1664400000009, 11.52333999999978], [76.16540999999962, 11.52403000000047], [76.1643800000002, 11.52426000000013], [76.16317999999958, 11.52311000000011], [76.1610099999998, 11.52270999999925], [76.16094999999954, 11.52174000000017], [76.15906999999969, 11.52123000000025], [76.15839000000054, 11.52123000000025], [76.15789000000038, 11.52108000000045], [76.1565599999994, 11.52099000000091], [76.15639999999985, 11.52096999999961], [76.15639492957585, 11.52096957746427], [76.1560399999998, 11.52094000000033], [76.15589000000001, 11.52085000000079], [76.15574517643265, 11.52063729038535], [76.15557000000081, 11.52037999999991], [76.15557000000081, 11.52008999999999], [76.15566000000034, 11.51965999999994], [76.15566000000034, 11.51876000000088], [76.15582999999967, 11.51845999999932], [76.15639000000009, 11.51817999999916], [76.15690999999967, 11.51763000000028], [76.15763999999942, 11.51706999999987], [76.15824000000065, 11.51673999999912], [76.15848999999984, 11.5166900000004], [76.1589199999999, 11.51660000000086], [76.15956000000008, 11.51656000000004], [76.15999000000014, 11.51656000000004], [76.16050999999973, 11.51634000000013], [76.16093000000002, 11.51586999999926], [76.16131999999925, 11.51526999999988], [76.16131999999925, 11.51459000000064], [76.16131999999925, 11.51389999999995], [76.16119000000076, 11.51317000000021], [76.16063000000034, 11.51252999999993], [76.15993999999955, 11.51212999999916], [76.15991000000027, 11.51209999999987], [76.15956000000008, 11.51167999999958], [76.15956000000008, 11.51089999999935], [76.16007999999968, 11.51035000000047], [76.16055000000055, 11.51035000000047], [76.16119000000076, 11.51025999999907], [76.16195999999945, 11.51056000000062], [76.16229999999996, 11.51077000000076], [76.16307000000052, 11.5111300000008], [76.1647200000007, 11.51136000000046], [76.1652900000008, 11.51101999999995], [76.16575000000013, 11.51032999999917], [76.16728999999938, 11.50907999999984], [76.1675799999994, 11.50839000000084], [76.16832000000068, 11.50707999999939], [76.1692299999995, 11.50655999999979], [76.17014999999995, 11.50547999999978], [76.17158000000013, 11.50474000000028], [76.17266000000015, 11.50331000000009], [76.17460000000025, 11.50251000000025], [76.17683000000038, 11.50128000000044], [76.17779999999946, 11.50100000000019], [76.18025999999917, 11.50053999999908], [76.18116999999985, 11.49997000000076], [76.1840800000009, 11.49893999999947], [76.18556999999967, 11.49927999999998], [76.18744999999943, 11.49927999999998], [76.18922000000022, 11.49927999999998], [76.19042000000083, 11.49916999999914], [76.19179000000076, 11.49864999999955], [76.19277999999937, 11.49799999999959], [76.19321826425804, 11.49834637013936], [76.19339751434578, 11.49849034885773], [76.19401551434638, 11.49887944260811], [76.1943206705967, 11.49903488010822], [76.19536592059764, 11.50000191135912], [76.19686888934905, 11.50067044260974], [76.19699488775471, 11.50084747207283], [76.19724999999929, 11.50121000000033], [76.19761676324644, 11.50174063618626], [76.19771979381221, 11.50189085647242], [76.1975899999998, 11.50243000000047], [76.19659999999934, 11.50273000000015], [76.19565999999945, 11.50273000000015], [76.19471999999948, 11.50273000000015], [76.19360000000052, 11.50276999999911], [76.19278999999914, 11.50289999999948], [76.19038999999977, 11.50413999999913], [76.18915000000011, 11.50439999999977], [76.18794999999959, 11.50499999999924], [76.18700999999962, 11.50554999999989], [76.18627999999988, 11.50654000000027], [76.18560000000073, 11.50748000000024], [76.18520999999963, 11.50799000000007], [76.18453000000048, 11.50855000000049], [76.18397000000006, 11.50931999999918], [76.18354000000001, 11.51072999999994], [76.18354000000001, 11.51124999999953], [76.18474000000063, 11.51129000000036], [76.18636999999943, 11.51099000000067], [76.18675000000076, 11.51035000000047], [76.18743999999967, 11.50971000000028], [76.18837999999964, 11.5083799999993], [76.18949000000062, 11.50782000000075], [76.1905599999991, 11.50748000000024], [76.19197999999962, 11.50718000000055], [76.19296000000031, 11.50713999999973], [76.19395000000078, 11.50700999999937], [76.1947600000003, 11.50697000000032], [76.1955999999991, 11.50689000000054], [76.19585000000008, 11.50689000000054], [76.1964800000005, 11.50689000000054], [76.19743000000015, 11.50706999999962], [76.19788999999949, 11.50734000000011], [76.19856000000074, 11.5075199999992], [76.19879000000041, 11.5077399999991], [76.19893000000044, 11.50811000000068], [76.19906000000081, 11.50823999999917], [76.1992399999999, 11.50864999999979], [76.19974000000006, 11.50883000000065], [76.20054999999958, 11.50892000000019], [76.20096000000011, 11.50900999999974], [76.20118999999977, 11.50969000000075], [76.20096000000011, 11.51019000000091], [76.20060000000016, 11.51072999999994], [76.20005999999918, 11.5108600000003], [76.19919999999908, 11.51127000000083], [76.19860999999946, 11.51140999999918], [76.19801999999986, 11.51176999999913], [76.19774999999936, 11.51231000000011], [76.19715999999976, 11.51294000000054], [76.19662000000064, 11.51375999999982], [76.19612000000056, 11.5150699999995], [76.19612000000056, 11.51552000000085], [76.19612000000056, 11.51605999999997], [76.19612000000056, 11.51647000000049], [76.19638999999918, 11.51697000000056], [76.1968500000003, 11.51723999999919], [76.19774999999936, 11.51756000000026], [76.19846999999933, 11.51756000000026], [76.19919999999908, 11.5173300000006], [76.20001000000046, 11.51709999999915], [76.20096000000011, 11.5167899999997], [76.20159000000054, 11.51692000000007], [76.20199999999929, 11.51723999999919], [76.20235999999932, 11.51792000000021], [76.20235999999932, 11.51845999999932], [76.20271999999936, 11.5190500000008], [76.20312999999989, 11.5190500000008], [76.20312999999989, 11.51845999999932], [76.20312999999989, 11.51747000000072], [76.20357999999946, 11.51542999999944], [76.20367000000077, 11.51483999999983], [76.20412000000034, 11.51366000000052], [76.20473999999925, 11.51304999999961], [76.20585000000031, 11.51231999999978], [76.20628000000036, 11.51228000000082], [76.20717999999943, 11.51215000000046], [76.20786000000045, 11.51215000000046], [76.20842000000086, 11.5121899999995], [76.2093999999997, 11.51231999999978], [76.20969999999939, 11.51266000000029], [76.21009000000048, 11.51291999999924], [76.21060000000031, 11.51291999999924], [76.21111000000023, 11.51291999999924], [76.21112999999967, 11.51294000000054], [76.21159000000078, 11.51353000000015], [76.21176999999986, 11.51408000000081], [76.21204000000036, 11.51466000000075], [76.21240000000039, 11.51561000000039], [76.21267000000078, 11.51642999999967], [76.21303000000083, 11.51709999999915], [76.21349000000006, 11.51750999999968], [76.21421000000014, 11.51756000000026], [76.21488999999929, 11.51756000000026], [76.21560999999926, 11.51756000000026], [76.21642000000065, 11.51756000000026], [76.21709999999989, 11.51756000000026], [76.21801000000049, 11.51759999999922], [76.21859000000043, 11.51809999999929], [76.21945000000053, 11.51809999999929], [76.22031000000064, 11.51805000000057], [76.22180999999907, 11.51795999999925], [76.22252999999913, 11.51795999999925], [76.2235700000001, 11.51778000000017], [76.22424999999933, 11.51773999999935], [76.22484000000081, 11.51772999999959], [76.22542000000067, 11.51817999999916], [76.22545999999961, 11.51916999999954], [76.22545999999961, 11.51989999999937], [76.22515999999993, 11.52071000000066], [76.22481999999943, 11.52135000000086], [76.22451999999974, 11.5219099999995], [76.22430999999959, 11.52251000000073], [76.22400999999991, 11.52302000000057], [76.22384000000058, 11.52383999999985], [76.22392000000036, 11.52452000000086], [76.22408999999969, 11.52498999999987], [76.22468999999906, 11.52528999999956], [76.22532999999935, 11.52534000000014], [76.22580000000013, 11.52534000000014], [76.22648999999913, 11.52528999999956], [76.22734999999923, 11.52534000000014], [76.22816000000053, 11.52534000000014], [76.22880000000082, 11.5253799999991], [76.22948999999973, 11.52541999999992], [76.23026000000029, 11.52546000000075], [76.23103000000086, 11.52580999999915], [76.23176000000059, 11.52619000000048], [76.2330399999992, 11.52665999999949], [76.2342245393602, 11.52698848570524], [76.23445892063405, 11.52728366138452], [76.23500060813451, 11.52759075513486], [76.23569488938514, 11.52743913013466], [76.2357864536987, 11.52741369444555], [76.23624000000018, 11.52729000000002], [76.23748999999951, 11.52683000000068], [76.2381800000003, 11.52644999999935], [76.23850626800696, 11.52624476689843], [76.23880004563806, 11.52606297388339], [76.2392730768885, 11.52544975513286], [76.23942852843595, 11.5254059643225], [76.2398099999991, 11.52529999999932], [76.24001999999923, 11.52518000000058], [76.2407899999998, 11.52719000000071], [76.24129999999973, 11.52844999999981], [76.24313000000076, 11.53038999999992], [76.24387000000027, 11.53204000000001], [76.24403999999959, 11.53302000000072], [76.24301999999993, 11.53312999999978], [76.24119000000066, 11.53347000000029], [76.23925000000054, 11.53358999999912], [76.23792999999932, 11.53410000000073], [76.2365599999994, 11.53398999999989], [76.23514000000065, 11.53420999999979], [76.23497999999923, 11.53428999999957], [76.23437999999986, 11.53428999999957], [76.2337000000007, 11.53424000000085], [76.23322999999982, 11.53403000000071], [76.23320000000054, 11.53401999999917], [76.23274999999919, 11.53355999999984], [76.23274999999919, 11.5329500000007], [76.23274999999919, 11.53283999999986], [76.23260999999916, 11.53275000000032], [76.23188999999908, 11.53225000000016], [76.23152999999914, 11.53189000000022], [76.23112000000039, 11.53144000000064], [76.2305799999995, 11.53098999999929], [76.2299899999998, 11.53072000000066], [76.22957999999927, 11.53048999999922], [76.22899999999933, 11.53008000000047], [76.22813999999923, 11.52999000000093], [76.22687000000037, 11.53044000000041], [76.22582999999942, 11.5310800000007], [76.22559999999974, 11.53130000000052], [76.22524999999948, 11.53148999999936], [76.22499000000062, 11.5320699999993], [76.22486000000025, 11.53257999999913], [76.22481999999943, 11.53275000000032], [76.22460999999927, 11.53275000000032], [76.22401999999967, 11.53239000000029], [76.22334000000042, 11.53239000000029], [76.22288999999907, 11.53239000000029], [76.2224600000009, 11.53283999999986], [76.22220999999992, 11.53357999999936], [76.22220999999992, 11.5337899999995], [76.22229999999946, 11.53483000000047], [76.22256999999986, 11.53592000000024], [76.22342999999996, 11.5366400000003], [76.22429000000007, 11.53700000000025], [76.22506000000062, 11.53700000000025], [76.22559999999974, 11.53695999999942], [76.22567999999953, 11.53689999999917], [76.22588999999967, 11.53692000000047], [76.22606000000086, 11.53763000000068], [76.22606000000086, 11.53813000000084], [76.22568999999929, 11.53853999999959], [76.22573999999987, 11.53908000000048], [76.22601000000027, 11.53948999999924], [76.22601000000027, 11.54017000000025], [76.22596999999953, 11.54039000000007], [76.22559999999974, 11.54083999999965], [76.22496999999932, 11.54103000000036], [76.2245500000008, 11.54103000000036], [76.22423999999957, 11.54088000000047], [76.22367999999916, 11.54032999999981], [76.22360999999914, 11.54008000000071], [76.22324999999911, 11.53922000000061], [76.22288999999907, 11.53898999999908], [76.2222600000005, 11.5391299999992]]}}, {"type": "Feature", "properties": {"id": 17, "zone": "High Hazard Zone", "FID": "17", "ZONE_": "High Hazard Zone", "SHAPE_Leng": "0.002117", "SHAPE_Area": "0", "aarea": "0.000348"}, "geometry": {"type": "Polygon", "coordinates": [[76.11325000000033, 11.55047000000009], [76.11396000000056, 11.55124000000066], [76.11325000000033, 11.55054999999996], [76.11325000000033, 11.55047000000009]]}}, {"type": "Feature", "properties": {"id": 18, "zone": "High Hazard Zone", "FID": "18", "ZONE_": "High Hazard Zone", "SHAPE_Leng": "0.063142", "SHAPE_Area": "0.000082", "aarea": "1.004576"}, "geometry": {"type": "Polygon", "coordinates": [[76.04336999999941, 11.93655000000036], [76.04284000000007, 11.93683000000053], [76.04233000000023, 11.93706000000019], [76.04164999999921, 11.93728999999986], [76.04084999999937, 11.93751999999953], [76.0401000000002, 11.93780999999946], [76.03930000000035, 11.93831999999929], [76.03879000000052, 11.93849000000047], [76.03828000000068, 11.93922999999997], [76.03796999999938, 11.93973999999981], [76.03758999999991, 11.93958000000024], [76.03621999999997, 11.93963000000074], [76.03598000000055, 11.93988999999969], [76.0358699999997, 11.93981999999959], [76.03552604438416, 11.93960199996183], [76.0351638891984, 11.93936728676833], [76.0345382641978, 11.93898772426796], [76.03414917044752, 11.93883609926785], [76.03321838919659, 11.93876553676774], [76.03268432669616, 11.93876838051778], [76.03237158901142, 11.93879126972395], [76.03152000000047, 11.93885000000042], [76.03059000000026, 11.93901000000007], [76.03004999999936, 11.93916999999963], [76.02969747514952, 11.93934855154775], [76.02928160794299, 11.93955803676848], [76.02894902833194, 11.93984725842905], [76.02874999999945, 11.94001999999997], [76.02874978333001, 11.94002052813173], [76.02874754544246, 11.94002247426894], [76.02870101358239, 11.94013940439176], [76.0285899999999, 11.94040999999929], [76.02844, 11.94094000000042], [76.02812931091222, 11.94146061414705], [76.02806854544178, 11.94156075552038], [76.0280365709549, 11.94158204894421], [76.02759999999942, 11.94187000000054], [76.02732456789093, 11.94195160951408], [76.0270614516909, 11.94202803677079], [76.02629088919016, 11.94210909927088], [76.02570763574728, 11.94218963955572], [76.02512000000029, 11.94226999999953], [76.02472310046537, 11.94234559991075], [76.02427673293833, 11.94242953677114], [76.0234192947561, 11.9425563420544], [76.02319263102476, 11.94258961379514], [76.02281188918697, 11.9425153805213], [76.02247976050418, 11.94218976050439], [76.02241999999929, 11.94212999999949], [76.02203000000006, 11.94167999999992], [76.0215700000008, 11.94129000000069], [76.0212300000003, 11.94117999999985], [76.02120602550964, 11.94117999999985], [76.02109526418535, 11.94114494301995], [76.02062988918486, 11.94107056801992], [76.01977538918406, 11.94077016176965], [76.01938629543369, 11.94069481801957], [76.01874318728598, 11.94050212485823], [76.01873999999954, 11.9405000000006], [76.01865592008228, 11.94047597716684], [76.01838682668281, 11.94039534926932], [76.01802597414527, 11.94021965691612], [76.0172999999995, 11.93986000000041], [76.01684000000024, 11.93980999999982], [76.0170799999996, 11.93922999999997], [76.01745999999915, 11.93848000000071], [76.01772999999955, 11.93751999999953], [76.0181599999996, 11.93682000000076], [76.01838999999927, 11.93634000000022], [76.0190899999998, 11.93598999999995], [76.01977000000083, 11.93598999999995], [76.02067999999964, 11.93605999999997], [76.02108000000041, 11.93641000000024], [76.02160999999977, 11.9367899999997], [76.02166000000035, 11.93708999999948], [76.02261, 11.9377700000005], [76.02275999999979, 11.93805000000066], [76.02298999999947, 11.93858000000002], [76.02332000000021, 11.93870000000062], [76.02363999999942, 11.93874999999934], [76.02412000000005, 11.93872999999981], [76.02533000000044, 11.93844999999965], [76.02598000000039, 11.93816999999949], [76.02643999999964, 11.93797000000088], [76.02723999999948, 11.93766999999933], [76.02822000000019, 11.93742000000023], [76.02846999999929, 11.93732000000092], [76.02885000000062, 11.93697000000065], [76.02937999999997, 11.93658999999932], [76.02943000000047, 11.93628999999963], [76.02995999999983, 11.93619000000033], [76.03068999999957, 11.93619000000033], [76.0314199999993, 11.93643999999952], [76.03178999999909, 11.93665999999943], [76.0322500000002, 11.93684000000029], [76.03307999999925, 11.93692000000007], [76.03370999999969, 11.93704000000067], [76.03441000000022, 11.93658999999932], [76.03454000000059, 11.93641000000024], [76.03496000000088, 11.93641000000024], [76.03547000000071, 11.93677000000027], [76.03612000000066, 11.93699000000018], [76.0368799999997, 11.93697000000065], [76.03739999999928, 11.93658999999932], [76.03758000000015, 11.93628999999963], [76.03797999999914, 11.93591000000017], [76.03851000000036, 11.93581000000086], [76.03888999999982, 11.93581000000086], [76.03991999999924, 11.93570999999978], [76.0402200000008, 11.93562999999991], [76.04112999999963, 11.93557999999942], [76.04176000000005, 11.93550999999931], [76.0424600000006, 11.93548000000012], [76.04308999999925, 11.93548000000012], [76.04312999999999, 11.93548999999988], [76.04336999999941, 11.93586999999934], [76.04336999999941, 11.93637999999918], [76.04336999999941, 11.93655000000036]]}}, {"type": "Feature", "properties": {"id": 19, "zone": "High Hazard Zone", "FID": "19", "ZONE_": "High Hazard Zone", "SHAPE_Leng": "0.237675", "SHAPE_Area": "0.000351", "aarea": "4.287555"}, "geometry": {"type": "Polygon", "coordinates": [[75.9589699999997, 11.93965000000026], [75.9583299999995, 11.93983999999911], [75.95773000000004, 11.93997999999923], [75.95678000000039, 11.94019999999905], [75.95612000000077, 11.94023999999987], [75.9552800000001, 11.94019999999905], [75.95430999999915, 11.9400100000003], [75.95345000000091, 11.93970000000085], [75.95269000000012, 11.93936000000034], [75.95175999999991, 11.9392700000008], [75.95067000000014, 11.93938999999953], [75.94936000000055, 11.93947999999908], [75.94832999999926, 11.93952999999966], [75.94765000000011, 11.93957000000048], [75.9472399999995, 11.93928000000047], [75.94691000000061, 11.93906000000065], [75.9467199999999, 11.93893000000029], [75.9465700000001, 11.93858999999978], [75.94649999999999, 11.93814999999996], [75.94649999999999, 11.93771999999991], [75.94649999999999, 11.9373799999994], [75.9465700000001, 11.93704000000067], [75.9469399999998, 11.93635999999965], [75.94714000000019, 11.93660000000095], [75.94738999999937, 11.93704000000067], [75.94764000000035, 11.93750000000001], [75.94839999999928, 11.93778999999993], [75.94897999999922, 11.93786999999971], [75.9493000000002, 11.93794999999958], [75.94935000000079, 11.93800999999984], [75.95010999999981, 11.93814999999996], [75.9505800000006, 11.93819000000079], [75.95173000000071, 11.93822999999974], [75.9519099999998, 11.93793999999982], [75.95248999999964, 11.93786999999971], [75.95284999999969, 11.93812000000068], [75.95339000000057, 11.93742999999999], [75.95364999999944, 11.93653000000084], [75.95392999999969, 11.93552000000094], [75.95469000000048, 11.93541000000001], [75.95529999999962, 11.9355599999999], [75.95565999999965, 11.93581000000086], [75.95652999999952, 11.93610000000079], [75.95738999999962, 11.93610000000079], [75.95818999999938, 11.93567000000074], [75.95916000000032, 11.93533999999999], [75.95923000000043, 11.93497999999996], [75.9598800000003, 11.93444000000093], [75.96063999999932, 11.93418999999996], [75.96121999999926, 11.93401000000088], [75.96183000000018, 11.93390000000004], [75.96248000000013, 11.93390000000004], [75.96298000000029, 11.93390000000004], [75.96378000000004, 11.93375999999991], [75.9640600000002, 11.93375999999991], [75.96524999999929, 11.93365000000085], [75.96625999999927, 11.93365000000085], [75.96673000000006, 11.9335699999992], [75.96738000000002, 11.93329000000081], [75.96767000000003, 11.93313999999915], [75.96824999999988, 11.93219999999927], [75.96908000000079, 11.93176999999922], [75.96947000000002, 11.9316999999992], [75.96947000000002, 11.93090999999911], [75.96947000000002, 11.9304400000001], [75.96951000000084, 11.92993000000027], [75.96951000000084, 11.92950000000022], [75.96951000000084, 11.9285999999993], [75.96951000000084, 11.92827000000032], [75.96975999999994, 11.92755000000035], [75.97069999999982, 11.92741000000022], [75.97119999999998, 11.92741000000022], [75.97174000000088, 11.92686999999933], [75.97247000000061, 11.9265099999993], [75.9730400000008, 11.92621999999937], [75.97319000000059, 11.92671999999944], [75.97422999999978, 11.92654000000036], [75.97506000000068, 11.92654000000036], [75.97602999999985, 11.92662000000023], [75.9766099999997, 11.92705000000028], [75.97682999999961, 11.92729999999938], [75.97761999999969, 11.92758999999931], [75.97802000000046, 11.92780999999921], [75.97848999999955, 11.92801999999936], [75.97869999999969, 11.92791000000038], [75.97852000000061, 11.92700999999946], [75.97838000000048, 11.92647000000034], [75.97790999999961, 11.92561000000024], [75.97751000000062, 11.92517000000042], [75.9774400000006, 11.92453000000023], [75.9774400000006, 11.92390999999956], [75.97754999999958, 11.92344000000046], [75.97816000000059, 11.92333999999938], [75.97896000000034, 11.92337000000044], [75.9794600000005, 11.9234799999995], [75.97996000000056, 11.92330000000042], [75.98042999999957, 11.92330000000042], [75.98086999999938, 11.92330000000042], [75.98112000000036, 11.92373000000047], [75.98129999999944, 11.9240200000004], [75.98141000000037, 11.92460000000025], [75.98151999999935, 11.9252500000002], [75.98201999999951, 11.92546000000035], [75.98259999999935, 11.92563999999943], [75.98338999999943, 11.9257199999993], [75.9842599999993, 11.92568000000026], [75.9851199999994, 11.92561000000024], [75.98554999999945, 11.92561000000024], [75.98609000000035, 11.9254999999994], [75.98619999999941, 11.92513999999936], [75.98619999999941, 11.92477999999933], [75.98609000000035, 11.92438000000034], [75.98569999999926, 11.92409000000042], [75.9854400000004, 11.92352000000024], [75.98508000000035, 11.92333999999938], [75.98480000000019, 11.92294000000039], [75.98432999999932, 11.9223999999995], [75.9837900000002, 11.92188999999966], [75.98331999999932, 11.92152999999963], [75.98309999999951, 11.92128000000044], [75.9828099999995, 11.92080999999965], [75.98244999999956, 11.92027000000054], [75.98227000000047, 11.91933000000066], [75.98309999999951, 11.91897000000062], [75.9836400000004, 11.91897000000062], [75.98429000000036, 11.91897000000062], [75.98482999999939, 11.91897000000062], [75.98598999999918, 11.91900999999958], [75.98670999999925, 11.91885999999978], [75.9877500000002, 11.91861000000059], [75.98850999999922, 11.91842999999973], [75.98955999999995, 11.91811000000052], [75.98991999999998, 11.9180400000005], [75.99035000000003, 11.91775000000049], [75.99027000000025, 11.91785999999955], [75.99041000000038, 11.91792999999957], [75.99102999999918, 11.91792999999957], [75.9914900000003, 11.91795936170277], [75.99150000000006, 11.91796000000063], [75.99183000000082, 11.91832000000067], [75.9918600000001, 11.91878999999967], [75.9918600000001, 11.91919000000053], [75.99171999999997, 11.9196900000006], [75.99167999999915, 11.92013000000041], [75.99157000000017, 11.92070000000059], [75.99157000000017, 11.92123999999971], [75.99154000000088, 11.92174999999954], [75.99143000000005, 11.9221500000003], [75.99143000000005, 11.92287000000037], [75.99143000000005, 11.92337000000044], [75.99143000000005, 11.92376999999943], [75.99143999999981, 11.92384999999921], [75.99193000000011, 11.92388000000027], [75.99291000000082, 11.92416000000052], [75.99387999999999, 11.92416000000052], [75.99484999999916, 11.9242699999995], [75.99560999999996, 11.92445000000045], [75.99623000000062, 11.92484999999944], [75.99651000000088, 11.92542999999929], [75.99666000000067, 11.92590000000016], [75.99661999999985, 11.92676000000026], [75.99690999999987, 11.92698000000017], [75.99760000000056, 11.92708999999924], [75.99820999999979, 11.92715999999925], [75.99877999999987, 11.92715999999925], [75.99906999999989, 11.92671999999944], [75.99964999999973, 11.92626000000019], [75.99964999999973, 11.92575000000036], [75.99969000000056, 11.92539000000033], [76.0001200000006, 11.92474000000037], [76.00043999999983, 11.92441999999939], [76.00106000000049, 11.92416000000052], [76.0013799999997, 11.92383999999945], [76.00151999999983, 11.92352000000024], [76.00155000000089, 11.92302000000017], [76.0011599999998, 11.9226699999999], [76.0009100000007, 11.92253999999953], [76.0009100000007, 11.92242000000079], [76.00102999999943, 11.92209000000005], [76.00172000000022, 11.92173000000001], [76.00222000000028, 11.92173000000001], [76.00268999999938, 11.92173000000001], [76.00359999999998, 11.92125999999914], [76.00424000000018, 11.9209200000005], [76.00470999999928, 11.92072000000011], [76.00504000000002, 11.92012000000065], [76.0053399999997, 11.91968000000084], [76.00581000000058, 11.91891000000037], [76.0060799999992, 11.91878], [76.0063499999997, 11.91847000000055], [76.00648999999973, 11.91811000000052], [76.00657999999927, 11.91807999999946], [76.00695000000084, 11.91770999999975], [76.00769000000035, 11.91696000000049], [76.00815999999945, 11.91611999999983], [76.00892000000024, 11.91582000000014], [76.00971000000024, 11.91497999999956], [76.00996999999919, 11.91489999999978], [76.0103099999997, 11.91477999999918], [76.0105800000001, 11.91464000000092], [76.0109499999999, 11.9144500000002], [76.0113199999996, 11.91440999999938], [76.01137999999995, 11.9147200000007], [76.01137999999995, 11.91511999999969], [76.01124999999958, 11.91545000000043], [76.0105800000001, 11.91585999999918], [76.01046999999926, 11.91648999999962], [76.01031999999937, 11.91670999999953], [76.01014000000029, 11.91683000000013], [76.00984000000061, 11.9170599999998], [76.00971000000024, 11.91747000000032], [76.00943999999984, 11.91786999999931], [76.00929999999971, 11.91836999999938], [76.00893, 11.91886999999954], [76.00856999999998, 11.91906999999993], [76.00822999999946, 11.91948000000045], [76.00815999999945, 11.91971000000012], [76.00847000000067, 11.91998000000061], [76.0088300000007, 11.91985000000025], [76.0094700000009, 11.91968000000084], [76.00996999999919, 11.91980999999943], [76.0102100000004, 11.91985000000025], [76.01071000000047, 11.91971000000012], [76.01087999999979, 11.91928000000007], [76.01080999999976, 11.91897000000062], [76.01087999999979, 11.91871999999966], [76.0109799999991, 11.91836999999938], [76.0110000000004, 11.91832000000067], [76.0110700000005, 11.91808999999922], [76.01128000000064, 11.91781000000083], [76.01160999999952, 11.91740000000031], [76.01221000000076, 11.91725000000042], [76.01293000000074, 11.91706999999947], [76.01376999999954, 11.91669], [76.01452000000067, 11.91662999999975], [76.0154999999995, 11.91654999999988], [76.01568000000046, 11.9165400000002], [76.01648000000021, 11.91670999999953], [76.01671999999965, 11.91669999999976], [76.01763000000024, 11.91686999999909], [76.01857999999989, 11.91662999999975], [76.01908000000005, 11.91662999999975], [76.02016000000006, 11.91655999999964], [76.02078000000073, 11.91655999999964], [76.02124999999982, 11.91655999999964], [76.02121000000078, 11.91712999999982], [76.02200000000086, 11.91756999999963], [76.02215000000066, 11.9180400000005], [76.02193000000075, 11.91857999999953], [76.02138999999987, 11.91885999999978], [76.02063000000093, 11.91885999999978], [76.01977000000083, 11.9188300000005], [76.01936999999997, 11.91857999999953], [76.0184300000001, 11.91821999999959], [76.01735000000008, 11.91799999999968], [76.01685, 11.91798000000016], [76.01658999999928, 11.91837999999915], [76.01605000000016, 11.9190500000004], [76.01575000000048, 11.91944999999939], [76.0156999999999, 11.9195199999995], [76.01540999999997, 11.91992000000027], [76.01507999999922, 11.9201599999997], [76.01449999999929, 11.92038999999928], [76.01430000000076, 11.92038999999928], [76.01389999999991, 11.9205500000007], [76.01347999999962, 11.92057999999999], [76.01296000000002, 11.92060999999918], [76.01231999999983, 11.92065000000001], [76.01179000000047, 11.9209200000005], [76.01147999999925, 11.92101000000004], [76.0112900000004, 11.92109999999958], [76.0109499999999, 11.92125999999914], [76.0105800000001, 11.92131999999949], [76.00996999999919, 11.92167999999943], [76.0096900000008, 11.92203999999946], [76.00866999999927, 11.92266000000014], [76.00796000000084, 11.92312999999923], [76.00728999999959, 11.92353999999976], [76.00712999999993, 11.92374000000014], [76.0067199999994, 11.92427999999926], [76.00664999999938, 11.92432000000008], [76.0060799999992, 11.92468000000012], [76.00527999999936, 11.92497000000004], [76.00439999999982, 11.92554999999989], [76.00394000000048, 11.92614999999935], [76.00328000000086, 11.92698999999993], [76.00249000000078, 11.92786999999956], [76.00213000000075, 11.9280799999997], [76.0013799999997, 11.92829999999961], [76.00064999999996, 11.92907000000017], [75.99995999999919, 11.92951999999966], [75.99986999999965, 11.92958], [75.99893999999952, 11.93016999999961], [75.9978100000008, 11.93048000000093], [75.99668999999996, 11.93063000000073], [75.99530000000051, 11.93072000000027], [75.99465000000055, 11.93007000000031], [75.9925999999996, 11.92905000000065], [75.99243000000027, 11.92891000000052], [75.9917399999995, 11.92835999999987], [75.99092999999998, 11.92784000000027], [75.99071999999974, 11.92764999999965], [75.99049999999993, 11.92743999999951], [75.99023999999919, 11.92683000000037], [75.9899399999995, 11.92622999999913], [75.98967000000088, 11.92539000000033], [75.98963999999982, 11.92495000000052], [75.98963999999982, 11.9248599999992], [75.98990000000046, 11.92433999999961], [75.98991999999998, 11.92390999999956], [75.98991999999998, 11.92330000000042], [75.9898400000002, 11.92275999999944], [75.98951999999922, 11.92232999999939], [75.98927000000003, 11.92186000000038], [75.98897000000034, 11.9217599999993], [75.9879000000001, 11.92180000000003], [75.9868900000001, 11.92195999999968], [75.98681000000032, 11.92208000000029], [75.98582999999962, 11.92206000000076], [75.98614000000093, 11.92250000000057], [75.98643000000085, 11.92292000000086], [75.98641999999923, 11.92296999999958], [75.98660999999994, 11.92312999999923], [75.9875300000003, 11.92394000000062], [75.98805999999965, 11.92461000000001], [75.9882400000006, 11.92523000000077], [75.98856999999948, 11.92569000000002], [75.98886999999927, 11.92609000000087], [75.98899999999954, 11.92658999999917], [75.98847000000028, 11.9273699999994], [75.98773000000077, 11.92779999999945], [75.98742999999922, 11.92785000000003], [75.98727999999933, 11.92787999999932], [75.98699999999917, 11.92802999999912], [75.98616000000037, 11.92802999999912], [75.98536000000061, 11.92828000000009], [75.9840899999999, 11.92858999999953], [75.98254000000087, 11.92921000000021], [75.98171000000005, 11.92964000000026], [75.98031000000084, 11.93072000000027], [75.98008999999915, 11.93156000000094], [75.98006999999963, 11.93188000000006], [75.9797799999997, 11.93224999999985], [75.97961000000029, 11.93231000000011], [75.97938000000072, 11.93225999999961], [75.97928999999931, 11.93221000000089], [75.97861000000016, 11.93178000000084], [75.9779600000002, 11.93174999999978], [75.97731000000024, 11.93174999999978], [75.97623000000023, 11.9320900000002], [75.9754799999992, 11.93189999999958], [75.97479999999995, 11.93133999999916], [75.9741200000008, 11.93144000000033], [75.97374999999923, 11.93198999999912], [75.97371999999994, 11.93232999999963], [75.9739000000009, 11.93339000000012], [75.97386999999983, 11.93375999999991], [75.97357229954896, 11.93428593746309], [75.97164917038931, 11.93494700551424], [75.97111312943039, 11.93509358166439], [75.97078999999937, 11.93518000000043], [75.96925844585577, 11.93571703846568], [75.9692500000001, 11.93571999999946], [75.96824000000012, 11.93603000000077], [75.96700000000055, 11.93649000000002], [75.96607000000043, 11.93679999999947], [75.96528938785741, 11.93709828268886], [75.96483610788287, 11.9372682555164], [75.96413757481886, 11.93747712537399], [75.9640600000002, 11.93750000000001], [75.96282000000063, 11.93795999999925], [75.96262804382133, 11.93796355474393], [75.96228026413051, 11.93796538051706], [75.96107544394707, 11.9385655783683], [75.95941999999918, 11.93920000000069], [75.9589699999997, 11.93965000000026]]}}, {"type": "Feature", "properties": {"id": 20, "zone": "High Hazard Zone", "FID": "20", "ZONE_": "High Hazard Zone", "SHAPE_Leng": "0.028892", "SHAPE_Area": "0.00003", "aarea": "0.364538"}, "geometry": {"type": "Polygon", "coordinates": [[75.95449999999987, 11.89999999999965], [75.95650000000023, 11.90046000000076], [75.9585000000006, 11.90012000000025], [75.95940999999951, 11.89954000000031], [75.95958000000061, 11.89942999999947], [75.96147000000023, 11.89954000000031], [75.96232000000057, 11.90040000000042], [75.96267000000084, 11.90171000000009], [75.96318000000068, 11.90240000000087], [75.96488999999924, 11.90349000000064], [75.96608999999987, 11.90473999999998], [75.96615999999997, 11.90480000000023], [75.96503999999914, 11.90456000000089], [75.96436999999966, 11.90456000000089], [75.96391000000041, 11.90456000000089], [75.96300999999949, 11.90456000000089], [75.96251999999917, 11.90445999999972], [75.9624600000006, 11.90416000000004], [75.96162999999979, 11.90372999999999], [75.96073000000072, 11.90372999999999], [75.96025999999985, 11.90368999999916], [75.95967999999992, 11.90368999999916], [75.95917999999985, 11.90329999999993], [75.95849000000094, 11.90267999999926], [75.95636999999986, 11.90283000000093], [75.95554000000082, 11.90267999999926], [75.95511000000077, 11.90224999999921], [75.95478000000003, 11.90149000000019], [75.95456000000013, 11.90077000000021], [75.95449999999987, 11.89999999999965]]}}, {"type": "Feature", "properties": {"id": 21, "zone": "High Hazard Zone", "FID": "21", "ZONE_": "High Hazard Zone", "SHAPE_Leng": "0.029211", "SHAPE_Area": "0.000029", "aarea": "0.356927"}, "geometry": {"type": "Polygon", "coordinates": [[76.01092000000061, 11.85759999999941], [76.00994999999966, 11.85716999999936], [76.00749999999972, 11.85750999999978], [76.00618000000028, 11.85820000000056], [76.00549999999927, 11.85904999999912], [76.00332999999958, 11.86076999999933], [76.00217999999946, 11.86110999999984], [76.00127000000064, 11.86139999999976], [76.00094999999965, 11.86179000000086], [76.00045999999925, 11.86161999999967], [76.00014000000013, 11.86125999999964], [75.99987999999941, 11.86072000000061], [75.99980999999939, 11.86010999999961], [75.99985999999988, 11.85992000000076], [76.00024999999911, 11.8597900000004], [76.0007900000001, 11.85957000000049], [76.00139999999922, 11.85931999999961], [76.00201000000014, 11.8590299999996], [76.00269999999905, 11.85871000000039], [76.00316999999993, 11.85830999999962], [76.00359999999998, 11.85763000000047], [76.0039899999992, 11.85705000000053], [76.00449999999913, 11.85664999999968], [76.0049999999992, 11.85607999999959], [76.00544000000079, 11.85556999999976], [76.00597999999991, 11.85527999999974], [76.00655000000008, 11.85496000000053], [76.00705999999991, 11.85462999999978], [76.0078200000007, 11.85438000000068], [76.00868000000081, 11.85426999999984], [76.0094700000009, 11.85453000000048], [76.01020000000064, 11.85518000000044], [76.01077000000082, 11.8559299999997], [76.01087999999979, 11.85679999999956], [76.01092000000061, 11.85759999999941]]}}, {"type": "Feature", "properties": {"id": 22, "zone": "High Hazard Zone", "FID": "22", "ZONE_": "High Hazard Zone", "SHAPE_Leng": "0.038774", "SHAPE_Area": "0.000045", "aarea": "0.555753"}, "geometry": {"type": "Polygon", "coordinates": [[75.9994100000004, 11.86189000000016], [75.99939000000087, 11.86220999999928], [75.99990000000071, 11.86290000000006], [75.9994399999996, 11.86426999999999], [75.99882000000069, 11.86541000000035], [75.99825000000052, 11.86598000000053], [75.99796000000059, 11.86650000000012], [75.99806999999966, 11.86758000000013], [75.99863999999984, 11.86901000000032], [75.99886999999941, 11.86974999999982], [75.99876000000044, 11.87095000000043], [75.99863999999984, 11.87220999999952], [75.99726999999982, 11.8736399999998], [75.99664999999914, 11.87465999999947], [75.99550000000089, 11.87426000000048], [75.99516000000038, 11.87346000000072], [75.99442000000089, 11.87299999999961], [75.99454999999946, 11.87299999999961], [75.99509000000036, 11.87282000000052], [75.9954500000003, 11.87254000000027], [75.9958499999993, 11.87196000000042], [75.99612999999955, 11.87131000000046], [75.99620999999932, 11.87073000000052], [75.99632000000017, 11.87001000000055], [75.99632000000017, 11.86951000000048], [75.99627999999935, 11.8688199999997], [75.99612999999955, 11.86828000000058], [75.9959199999994, 11.86799000000066], [75.99497999999952, 11.8673400000007], [75.99473000000033, 11.8673400000007], [75.99401000000036, 11.8673400000007], [75.99324999999955, 11.8673400000007], [75.99252999999958, 11.86701999999971], [75.99221000000037, 11.86655000000061], [75.99221000000037, 11.86583000000064], [75.99206000000048, 11.86463999999979], [75.99209999999952, 11.8638499999997], [75.99252999999958, 11.86326999999985], [75.99338999999968, 11.86312999999973], [75.99408000000037, 11.86312999999973], [75.99495000000023, 11.86312999999973], [75.99555999999937, 11.86323000000081], [75.9958499999993, 11.86359000000084], [75.9966800000002, 11.86367000000062], [75.9973200000004, 11.86367000000062], [75.99786999999928, 11.86333999999987], [75.99822999999923, 11.8628399999998], [75.99879999999939, 11.86225999999986], [75.99927000000027, 11.86208000000078], [75.9994100000004, 11.86189000000016]]}}, {"type": "Feature", "properties": {"id": 23, "zone": "High Hazard Zone", "FID": "23", "ZONE_": "High Hazard Zone", "SHAPE_Leng": "0.042203", "SHAPE_Area": "0.000044", "aarea": "0.534519"}, "geometry": {"type": "Polygon", "coordinates": [[76.00523000000064, 11.87350999999944], [76.00510000000028, 11.87372999999934], [76.00469999999952, 11.87429999999952], [76.00383999999941, 11.87464000000003], [76.00297999999931, 11.87464000000003], [76.00213000000075, 11.87441000000036], [76.0006400000002, 11.87343999999942], [76.00109999999954, 11.87298000000008], [76.00156000000065, 11.87218000000033], [76.00172999999998, 11.87149999999931], [76.0011599999998, 11.87092999999913], [76.00058999999962, 11.87024000000022], [75.99990000000071, 11.86899000000088], [76.00019000000063, 11.8675600000006], [76.00041000000054, 11.86699000000043], [76.00109999999954, 11.86539000000083], [76.00201000000014, 11.86453000000072], [76.00264000000057, 11.86310000000044], [76.00354999999948, 11.86282000000028], [76.00440999999958, 11.86179000000086], [76.00595000000071, 11.86030999999999], [76.00669999999988, 11.85987000000027], [76.00669999999988, 11.85993000000052], [76.00647999999997, 11.86080000000039], [76.00647999999997, 11.86147999999954], [76.00662999999986, 11.86220999999928], [76.00662999999986, 11.86304000000019], [76.00684000000001, 11.86383000000027], [76.00705999999991, 11.8645899999992], [76.00724000000086, 11.8652000000002], [76.00698999999989, 11.8659900000002], [76.00645000000078, 11.8664599999993], [76.00568999999997, 11.86657000000014], [76.00497, 11.86657000000014], [76.00417000000016, 11.86652999999932], [76.00341999999912, 11.8664599999993], [76.00247999999924, 11.86650000000012], [76.00216000000003, 11.86710999999925], [76.00194000000012, 11.8676899999991], [76.00194000000012, 11.86852000000001], [76.00233999999911, 11.86912999999915], [76.00295000000003, 11.86967000000004], [76.00338000000008, 11.87027999999917], [76.00341999999912, 11.87096999999995], [76.00359999999998, 11.87151000000085], [76.00359999999998, 11.87204999999996], [76.00391999999918, 11.87255000000003], [76.00497, 11.87348999999992], [76.00523000000064, 11.87350999999944]]}}, {"type": "Feature", "properties": {"id": 24, "zone": "High Hazard Zone", "FID": "24", "ZONE_": "High Hazard Zone", "SHAPE_Leng": "0.276354", "SHAPE_Area": "0.000528", "aarea": "6.458155"}, "geometry": {"type": "Polygon", "coordinates": [[76.08393375000858, 11.55108749998058], [76.08384610169499, 11.55128976531883], [76.08381999999987, 11.55134999999972], [76.08288999999967, 11.55153000000067], [76.08195999999954, 11.55169999999999], [76.08107000000015, 11.55169999999999], [76.08098000000062, 11.55169999999999], [76.07986999999954, 11.55163999999965], [76.07923999999912, 11.5511800000004], [76.0787700000001, 11.55070999999952], [76.0779600000005, 11.55037000000088], [76.07785999999942, 11.55035999999925], [76.0778100000007, 11.5503200000003], [76.07762999999974, 11.5497799999994], [76.07723000000075, 11.54960999999999], [76.07667000000035, 11.54963999999928], [76.0765599999995, 11.54984999999942], [76.0762400000003, 11.55017000000041], [76.07582000000001, 11.55039000000031], [76.07527999999911, 11.55055999999964], [76.07465000000045, 11.55067000000057], [76.0737300000001, 11.55067000000057], [76.07334000000087, 11.55067000000057], [76.07277000000069, 11.55048999999962], [76.0722000000005, 11.5504199999996], [76.0717600000007, 11.55017000000041], [76.07191000000059, 11.54990999999977], [76.07227000000061, 11.54925999999981], [76.07273999999963, 11.5490900000004], [76.07320000000074, 11.54880000000047], [76.07372000000034, 11.54880000000047], [76.07453999999962, 11.54828000000088], [76.07540999999948, 11.54787000000035], [76.07610000000025, 11.54769999999917], [76.07690999999977, 11.54745999999974], [76.0777899999994, 11.5468299999993], [76.07841999999984, 11.54565999999975], [76.07860000000069, 11.5452000000005], [76.07899999999968, 11.54473999999939], [76.07970000000023, 11.54473999999939], [76.07999000000015, 11.54473999999939], [76.08050999999975, 11.54473999999939], [76.08074999999917, 11.54491000000049], [76.08127000000063, 11.5450799999999], [76.08133000000089, 11.5452000000005], [76.08137999999961, 11.54529000000005], [76.08156000000055, 11.54560999999926], [76.08208999999991, 11.54592000000048], [76.08243000000041, 11.54671000000056], [76.0825399999994, 11.54723000000016], [76.08272000000035, 11.5483299999996], [76.0832499999997, 11.54868999999963], [76.08381999999987, 11.5489400000006], [76.0848499999993, 11.54937000000065], [76.08524000000031, 11.54944000000067], [76.08573000000071, 11.54944000000067], [76.08662, 11.54937000000065], [76.08705000000005, 11.54913999999921], [76.08693999999922, 11.54895000000036], [76.08670999999954, 11.54848999999925], [76.08653000000047, 11.54843000000077], [76.0861999999997, 11.54831000000017], [76.08590999999979, 11.54642000000055], [76.0853399999996, 11.54534000000054], [76.0844300000008, 11.54379999999942], [76.08431999999995, 11.54270999999974], [76.08448999999926, 11.54168000000023], [76.08460000000011, 11.54003000000013], [76.08466000000045, 11.53882999999952], [76.08431999999995, 11.53780000000009], [76.08386000000061, 11.53631999999923], [76.08396999999968, 11.53545999999912], [76.08448999999926, 11.53477000000021], [76.08511000000003, 11.53426000000038], [76.08568999999989, 11.53391999999987], [76.08648999999973, 11.53340000000028], [76.08722999999922, 11.53483000000047], [76.08750999999938, 11.53643000000007], [76.08785999999967, 11.53751999999984], [76.08842999999975, 11.53849000000078], [76.08945999999926, 11.53910999999968], [76.08997000000087, 11.53951000000053], [76.08997000000087, 11.53954999999949], [76.09008999999969, 11.54018999999969], [76.09043999999997, 11.54118000000016], [76.09079000000024, 11.54250999999927], [76.09079000000024, 11.54362000000034], [76.09137000000008, 11.54507000000014], [76.09159999999976, 11.54687000000012], [76.09259000000023, 11.54732999999946], [76.09304999999947, 11.54721000000063], [76.09375000000001, 11.5464599999996], [76.09386000000086, 11.54542000000041], [76.09386000000086, 11.54459999999927], [76.09346000000009, 11.54378999999975], [76.09298999999922, 11.54269000000022], [76.09229000000053, 11.54186999999907], [76.09229000000053, 11.54095000000049], [76.09249000000092, 11.54026999999947], [76.09288000000015, 11.54013999999919], [76.0938000000006, 11.54009000000038], [76.09494000000086, 11.54009000000038], [76.09658999999918, 11.53957000000079], [76.09762000000048, 11.53910999999968], [76.0977399999992, 11.53825999999934], [76.0977399999992, 11.53751999999984], [76.0973900000008, 11.53716999999957], [76.09658999999918, 11.53682999999906], [76.09498999999958, 11.53659999999948], [76.09300000000076, 11.53693999999999], [76.09139999999937, 11.53693999999999], [76.08973999999942, 11.53636999999981], [76.08820000000017, 11.53574999999914], [76.08934000000043, 11.53375000000055], [76.08940000000078, 11.53271999999926], [76.08906000000027, 11.53140999999958], [76.0888300000006, 11.53031999999981], [76.08820000000017, 11.52868999999915], [76.08762999999999, 11.52868999999915], [76.08699999999956, 11.52988999999976], [76.08666000000082, 11.53125999999978], [76.08609000000074, 11.53233999999979], [76.08517000000029, 11.5330799999992], [76.08386000000061, 11.5328000000009], [76.08414000000086, 11.53160000000029], [76.08453999999985, 11.52880000000008], [76.08357000000069, 11.5266300000003], [76.08254999999916, 11.52555000000029], [76.08294000000025, 11.52399999999941], [76.08300000000051, 11.5229199999994], [76.08300000000051, 11.52172000000065], [76.08277000000093, 11.5200600000007], [76.08300000000051, 11.51931999999943], [76.08345999999985, 11.51800999999975], [76.08448999999926, 11.5166900000004], [76.08472000000071, 11.51520999999954], [76.08511000000003, 11.51447000000004], [76.08631000000055, 11.51481000000055], [76.08728999999948, 11.51584000000006], [76.08813999999983, 11.5154399999992], [76.08768000000057, 11.51447000000004], [76.0879700000005, 11.51360999999993], [76.08922999999959, 11.5131000000001], [76.0903099999996, 11.51367000000028], [76.09059999999953, 11.51549999999955], [76.09087999999979, 11.51737999999932], [76.09087999999979, 11.51869000000077], [76.09065000000011, 11.52001000000021], [76.09224999999971, 11.52068999999936], [76.09259999999999, 11.52154999999946], [76.09374000000025, 11.52240999999957], [76.09533999999985, 11.52240999999957], [76.09613999999961, 11.52188999999997], [76.09756000000013, 11.52246000000015], [76.09858999999965, 11.52309000000058], [76.09932999999914, 11.52234999999931], [76.10047999999917, 11.52246000000015], [76.10072000000038, 11.52218999999966], [76.10099000000086, 11.52261999999971], [76.10230000000045, 11.52318999999989], [76.1028800000004, 11.52376000000007], [76.10282000000005, 11.52450999999924], [76.10259000000038, 11.52507999999941], [76.10247999999953, 11.52587999999926], [76.1043000000009, 11.52719000000071], [76.10567000000084, 11.52822000000014], [76.10686999999959, 11.52913000000082], [76.1085899999998, 11.53022000000059], [76.10931999999953, 11.52994000000034], [76.10938999999964, 11.52996999999963], [76.10993000000053, 11.53017999999977], [76.1105599999992, 11.53052999999995], [76.11102000000031, 11.53077999999915], [76.11133999999952, 11.53113999999918], [76.11195000000042, 11.53160000000029], [76.11211999999975, 11.53195000000047], [76.11223000000068, 11.53233999999979], [76.11251000000084, 11.53314999999931], [76.11254000000012, 11.53327999999967], [76.11224000000036, 11.53461000000065], [76.1089300000003, 11.5343300000004], [76.1048200000005, 11.53165000000079], [76.1029299999991, 11.52993000000058], [76.10075999999933, 11.53032999999957], [76.09951, 11.53032999999957], [76.09819000000066, 11.53022000000059], [76.09682000000063, 11.52965000000042], [76.09649999999964, 11.52939999999945], [76.09618000000043, 11.52880000000008], [76.09562000000001, 11.52777000000056], [76.09504999999993, 11.52730999999945], [76.09419999999959, 11.52649999999993], [76.09362999999941, 11.52563999999983], [76.09264000000071, 11.52469000000019], [76.09079999999992, 11.52338000000051], [76.09034000000067, 11.52246000000015], [76.0894499999995, 11.52207000000092], [76.08825000000067, 11.52188999999997], [76.08778999999956, 11.52177999999913], [76.0879700000005, 11.52262999999947], [76.08825000000067, 11.52326999999967], [76.08923999999935, 11.52383999999985], [76.09013000000051, 11.5243699999992], [76.09098000000085, 11.52514999999952], [76.09175999999931, 11.5258900000008], [76.09182999999942, 11.52625000000083], [76.09182999999942, 11.52678000000019], [76.0919300000005, 11.52723999999943], [76.09200000000052, 11.52780999999961], [76.0921799999996, 11.5282299999999], [76.09252999999988, 11.52872999999997], [76.09278000000084, 11.52932999999943], [76.09295999999993, 11.53029000000061], [76.09281999999989, 11.53088999999999], [76.09245999999986, 11.5314500000004], [76.09231999999973, 11.53226999999968], [76.09250000000068, 11.53273000000079], [76.09303000000004, 11.53276000000008], [76.09348999999928, 11.53268999999997], [76.09395000000039, 11.53237000000085], [76.09476999999967, 11.53183999999963], [76.09547000000022, 11.53174000000033], [76.0962899999995, 11.53127999999922], [76.09742000000008, 11.53103000000011], [76.09830999999939, 11.53103000000011], [76.09871000000024, 11.53103000000011], [76.10047999999917, 11.53125000000002], [76.1022699999994, 11.53192999999917], [76.10296999999993, 11.53333000000017], [76.1034400000008, 11.5337899999995], [76.10378999999921, 11.53449000000005], [76.10412999999973, 11.53542000000017], [76.10425000000032, 11.53692000000047], [76.10441999999965, 11.53779000000033], [76.10495000000087, 11.53883999999928], [76.10524000000079, 11.53965000000066], [76.10521999999949, 11.5400100000006], [76.10483000000026, 11.54030000000053], [76.10454000000026, 11.54058000000078], [76.10428999999928, 11.54125000000017], [76.10440000000021, 11.54175000000033], [76.10454000000026, 11.54234999999971], [76.10464999999931, 11.5427400000008], [76.10440000000021, 11.54351999999926], [76.10421999999926, 11.54398000000037], [76.1033700000007, 11.5444399999997], [76.10178000000086, 11.54540000000089], [76.1015299999999, 11.54593000000024], [76.1008899999997, 11.54603999999931], [76.1001500000002, 11.54624999999945], [76.09951, 11.54638999999949], [76.0988400000006, 11.54638999999949], [76.09820000000032, 11.54628000000051], [76.0974900000001, 11.54567999999927], [76.09670999999979, 11.54557999999997], [76.0962899999995, 11.54579000000012], [76.0962899999995, 11.5464599999996], [76.0962899999995, 11.54728000000065], [76.0962899999995, 11.54773999999999], [76.09625000000054, 11.54847999999949], [76.09585999999945, 11.54890999999954], [76.09438000000044, 11.54951000000078], [76.09346000000009, 11.54951000000078], [76.09250000000068, 11.54951000000078], [76.09158000000023, 11.5491899999997], [76.09087000000002, 11.54882999999976], [76.09036999999987, 11.5482300000003], [76.08984000000059, 11.54721000000063], [76.08916999999924, 11.54638999999949], [76.08859999999916, 11.54567999999927], [76.08820999999993, 11.54483000000071], [76.08792999999967, 11.54401999999933], [76.0873599999995, 11.54284999999978], [76.08704000000039, 11.54349000000006], [76.08707999999933, 11.54448000000044], [76.0873300000003, 11.54546999999913], [76.08754000000044, 11.54617999999934], [76.08813999999983, 11.54716999999981], [76.08834999999996, 11.54816000000028], [76.08834999999996, 11.54875999999965], [76.08820999999993, 11.54946999999996], [76.08792999999967, 11.55018000000017], [76.0873300000003, 11.55046000000042], [76.08679999999917, 11.55063999999951], [76.08626999999981, 11.55075000000035], [76.08576999999966, 11.55077999999954], [76.08491999999931, 11.55077999999954], [76.08441999999926, 11.55077999999954], [76.08410000000003, 11.55075000000035], [76.08409000000027, 11.55075000000035], [76.08408000000051, 11.55075000000035], [76.08393375000858, 11.55108749998058]]}}, {"type": "Feature", "properties": {"id": 25, "zone": "High Hazard Zone", "FID": "25", "ZONE_": "High Hazard Zone", "SHAPE_Leng": "0.027231", "SHAPE_Area": "0.00002", "aarea": "0.250279"}, "geometry": {"type": "Polygon", "coordinates": [[76.13469000000077, 11.5183199999992], [76.13455000000066, 11.51843000000004], [76.13393999999974, 11.51847000000086], [76.13347000000064, 11.51852999999934], [76.13290000000056, 11.51877000000055], [76.1320300000007, 11.51896999999916], [76.1312199999993, 11.51916999999954], [76.13040999999978, 11.51910999999928], [76.12963999999923, 11.51927000000071], [76.12917000000013, 11.51980999999973], [76.12882999999962, 11.52047999999922], [76.12802999999987, 11.52085000000079], [76.12661999999911, 11.52074999999971], [76.12557000000017, 11.52054999999923], [76.1247000000003, 11.52024999999955], [76.12385999999972, 11.51951000000005], [76.12341999999991, 11.51886999999985], [76.12325000000058, 11.51850000000015], [76.1229500000009, 11.51776000000065], [76.12284999999973, 11.51708999999939], [76.1233200000006, 11.51747000000072], [76.12526000000071, 11.51808999999953], [76.12754999999923, 11.51808999999953], [76.12925999999968, 11.51769000000054], [76.13109000000081, 11.51798000000055], [76.13228999999956, 11.51798000000055], [76.13336999999956, 11.51775000000089], [76.13393999999974, 11.5175799999997], [76.13469000000077, 11.5183199999992]]}}, {"type": "Feature", "properties": {"id": 26, "zone": "High Hazard Zone", "FID": "26", "ZONE_": "High Hazard Zone", "SHAPE_Leng": "0.018317", "SHAPE_Area": "0.000013", "aarea": "0.156869"}, "geometry": {"type": "Polygon", "coordinates": [[76.11923999999999, 11.48584999999909], [76.11923999999999, 11.48614000000088], [76.11928000000081, 11.48660000000022], [76.11952999999993, 11.48705999999946], [76.12026999999942, 11.48748999999952], [76.12046000000014, 11.48752000000058], [76.12073000000053, 11.48783999999979], [76.12154000000014, 11.48847999999998], [76.12234999999966, 11.4889199999998], [76.12284999999973, 11.48921999999948], [76.1233200000006, 11.48976000000038], [76.1235199999992, 11.49015999999937], [76.1235199999992, 11.49021999999971], [76.1232, 11.49001999999924], [76.12166000000074, 11.48961000000058], [76.12043000000085, 11.4894100000001], [76.11945000000014, 11.48927000000007], [76.11866000000006, 11.48899999999958], [76.11811999999917, 11.48879999999919], [76.1174699999992, 11.4882799999996], [76.11692000000042, 11.48821999999925], [76.11644999999955, 11.48753000000034], [76.11641000000058, 11.4867799999993], [76.1166799999992, 11.4863100000002], [76.11715999999976, 11.48610000000006], [76.11780999999972, 11.48600000000076], [76.1183500000006, 11.48573000000035], [76.11923999999999, 11.48584999999909]]}}, {"type": "Feature", "properties": {"id": 27, "zone": "High Hazard Zone", "FID": "27", "ZONE_": "High Hazard Zone", "SHAPE_Leng": "0.052199", "SHAPE_Area": "0.000033", "aarea": "0.407146"}, "geometry": {"type": "Polygon", "coordinates": [[76.23632999999973, 11.62177999999952], [76.23681000000036, 11.62183000000002], [76.2376600000007, 11.62212000000003], [76.23826999999984, 11.62243999999915], [76.23893999999932, 11.62321999999947], [76.23919000000019, 11.62375000000069], [76.23940000000043, 11.62478000000012], [76.23947000000045, 11.62556000000044], [76.23971999999955, 11.62687999999979], [76.23971999999955, 11.62744999999997], [76.23983000000048, 11.62818999999947], [76.23985999999968, 11.62880000000038], [76.23971999999955, 11.62965000000081], [76.23961000000058, 11.63063999999941], [76.23936999999937, 11.63106999999946], [76.23883000000025, 11.63120999999959], [76.23826999999984, 11.63132000000043], [76.23762999999964, 11.63132000000043], [76.23731000000043, 11.6316700000007], [76.23723000000065, 11.63224000000079], [76.23726999999961, 11.63292000000003], [76.23726999999961, 11.63349000000021], [76.23709000000052, 11.63405000000053], [76.23705999999946, 11.63448000000058], [76.23676999999954, 11.63491000000064], [76.23634999999925, 11.63539999999917], [76.2355700000007, 11.63603999999945], [76.23509999999992, 11.63618999999925], [76.23443000000044, 11.63618999999925], [76.23351, 11.63636000000044], [76.2329699999991, 11.63665000000036], [76.2326200000007, 11.63729000000056], [76.23255000000067, 11.63757000000081], [76.23233000000077, 11.63813999999912], [76.23200999999969, 11.63863999999919], [76.23143999999961, 11.63891999999945], [76.2299899999998, 11.63924000000043], [76.22903000000039, 11.63919999999961], [76.22856999999928, 11.63863999999919], [76.22835999999914, 11.63808000000064], [76.22845000000055, 11.63807000000088], [76.23056999999974, 11.63807000000088], [76.23107999999957, 11.63777999999909], [76.23154000000068, 11.63680999999992], [76.23187999999932, 11.63543999999999], [76.2340499999991, 11.63515999999983], [76.23536000000055, 11.63532999999915], [76.23547999999938, 11.6348699999999], [76.23575999999954, 11.63423999999938], [76.23616000000041, 11.63276000000038], [76.23575999999954, 11.63145000000079], [76.23588000000015, 11.6304199999995], [76.23690999999967, 11.63035999999916], [76.23770999999942, 11.62979000000084], [76.23782000000027, 11.62968], [76.23782000000027, 11.62893000000074], [76.23782000000027, 11.62756000000081], [76.23782000000027, 11.62652999999952], [76.23782000000027, 11.62567999999918], [76.23782000000027, 11.62476000000059], [76.23782000000027, 11.62401999999932], [76.2374199999995, 11.6229899999998], [76.23632999999973, 11.62177999999952]]}}, {"type": "Feature", "properties": {"id": 28, "zone": "High Hazard Zone", "FID": "28", "ZONE_": "High Hazard Zone", "SHAPE_Leng": "0.018144", "SHAPE_Area": "0.000011", "aarea": "0.137811"}, "geometry": {"type": "Polygon", "coordinates": [[76.20508999999952, 11.62255000000008], [76.20508999999952, 11.62322999999923], [76.20508999999952, 11.62399999999979], [76.20465999999946, 11.62422999999946], [76.20392999999964, 11.62442999999985], [76.20304000000034, 11.62419000000042], [76.20264999999925, 11.62354000000046], [76.20163999999934, 11.62334000000008], [76.20082999999974, 11.62334000000008], [76.1999799999994, 11.62329999999925], [76.19913000000092, 11.62314999999945], [76.19873999999983, 11.62288000000083], [76.19851000000016, 11.62233999999994], [76.19843000000039, 11.62147999999983], [76.19843000000039, 11.62105999999945], [76.1990900000001, 11.62067000000023], [76.19929000000049, 11.62051000000067], [76.1994599999998, 11.62096000000015], [76.20054999999958, 11.62168999999998], [76.20087000000056, 11.62168999999998], [76.20096000000011, 11.62177999999952], [76.20201000000091, 11.62187000000084], [76.20264999999925, 11.62213999999946], [76.20338000000085, 11.62296000000061], [76.20392999999964, 11.62277999999966], [76.20508999999952, 11.62255000000008]]}}, {"type": "Feature", "properties": {"id": 29, "zone": "High Hazard Zone", "FID": "29", "ZONE_": "High Hazard Zone", "SHAPE_Leng": "0.037902", "SHAPE_Area": "0.000028", "aarea": "0.337568"}, "geometry": {"type": "Polygon", "coordinates": [[75.90417999999953, 11.7131499999996], [75.9034200000006, 11.71339000000081], [75.90260999999921, 11.7139100000004], [75.90267999999924, 11.71419000000056], [75.90199000000031, 11.71534000000068], [75.90084000000029, 11.71569000000086], [75.89940000000024, 11.71666000000003], [75.89864999999921, 11.71694999999995], [75.89745000000038, 11.71735000000081], [75.89646999999967, 11.71769999999922], [75.8955000000005, 11.71816000000033], [75.89480999999981, 11.71867999999992], [75.89388999999936, 11.7192500000001], [75.89291000000053, 11.71941999999942], [75.89205000000042, 11.71941999999942], [75.89135999999964, 11.71931000000044], [75.8903800000007, 11.71902000000043], [75.88981000000062, 11.71816000000033], [75.8897699999998, 11.71800000000077], [75.88983000000006, 11.71809000000031], [75.8902899999994, 11.71818999999961], [75.89043999999919, 11.71818999999961], [75.89082000000052, 11.71818999999961], [75.89120999999975, 11.71810000000007], [75.89169000000038, 11.71800000000077], [75.89207999999961, 11.71795000000018], [75.89241000000037, 11.71789999999969], [75.89285000000018, 11.71766000000026], [75.89322999999965, 11.71746999999964], [75.89371000000028, 11.71723000000021], [75.8941500000001, 11.71703999999959], [75.89434000000071, 11.71694000000028], [75.89506000000078, 11.71656000000073], [75.89545000000001, 11.71622000000022], [75.89593000000055, 11.71611999999914], [75.89669999999934, 11.71564000000037], [75.8971299999994, 11.71539999999916], [75.8975699999992, 11.71535000000044], [75.89804999999974, 11.71535000000044], [75.89830000000072, 11.71535000000044], [75.8985499999999, 11.71512000000077], [75.89972999999922, 11.71433000000069], [75.90114999999965, 11.71392999999992], [75.9018500000002, 11.71318000000066], [75.9018500000002, 11.71308999999926], [75.9018500000002, 11.71284999999991], [75.9018500000002, 11.7126599999992], [75.9018500000002, 11.71221999999939], [75.90180999999937, 11.71155], [75.90176000000065, 11.71102000000064], [75.90176000000065, 11.71033999999963], [75.90177000000041, 11.71032999999986], [75.90194999999949, 11.7106899999999], [75.90242000000036, 11.7108399999997], [75.90300999999998, 11.7108399999997], [75.90348000000085, 11.71104000000017], [75.90392000000067, 11.71175000000038], [75.90415000000033, 11.71234000000008], [75.90415000000033, 11.71281000000087], [75.90417999999953, 11.7131499999996]]}}, {"type": "Feature", "properties": {"id": 30, "zone": "High Hazard Zone", "FID": "30", "ZONE_": "High Hazard Zone", "SHAPE_Leng": "0.001003", "SHAPE_Area": "0", "aarea": "0.000264"}, "geometry": {"type": "Polygon", "coordinates": [[75.98321000000035, 11.57521000000091], [75.98320921824126, 11.57519905537375], [75.9832000000006, 11.57507000000078], [75.98349000000051, 11.57481999999981], [75.98321000000035, 11.57521000000091]]}}, {"type": "Feature", "properties": {"id": 31, "zone": "High Hazard Zone", "FID": "31", "ZONE_": "High Hazard Zone", "SHAPE_Leng": "0.122763", "SHAPE_Area": "0.000175", "aarea": "2.139978"}, "geometry": {"type": "Polygon", "coordinates": [[75.97678000000089, 11.59001999999963], [75.9760900000001, 11.59001999999963], [75.97563000000086, 11.58984000000054], [75.97551999999993, 11.58892999999986], [75.97631999999977, 11.58806000000008], [75.97730000000048, 11.5880099999995], [75.9784500000005, 11.58794999999915], [75.97925000000035, 11.58789000000067], [75.97947999999992, 11.58755000000016], [75.97925000000035, 11.58685999999947], [75.97854000000005, 11.58660000000052], [75.97871999999913, 11.58638000000061], [75.97871999999913, 11.58597000000008], [75.97795000000043, 11.58568000000016], [75.97767999999995, 11.58539000000014], [75.97733999999943, 11.58526999999954], [75.97691999999914, 11.58503999999996], [75.9766099999997, 11.58424000000012], [75.9767300000003, 11.58359000000016], [75.97725999999966, 11.58241000000085], [75.97811, 11.58141000000071], [75.97913999999942, 11.58061000000086], [75.97993999999926, 11.57995999999913], [75.98077999999984, 11.57946000000083], [75.98090000000045, 11.57877000000005], [75.98077999999984, 11.57815999999914], [75.98017000000071, 11.57719999999974], [75.97918000000024, 11.57667000000038], [75.9786700000004, 11.57647999999976], [75.9783299999999, 11.5765900000006], [75.97730000000048, 11.5773599999993], [75.9765800000005, 11.57789000000052], [75.97576999999912, 11.5779700000003], [75.97481999999947, 11.57769999999981], [75.97450000000026, 11.57737000000092], [75.97328999999989, 11.57609000000044], [75.97316999999929, 11.57605999999938], [75.97297000000069, 11.5759799999996], [75.97251999999934, 11.5758299999998], [75.97174000000088, 11.5758299999998], [75.97144999999908, 11.5758299999998], [75.97046000000049, 11.5758299999998], [75.96954000000004, 11.57552000000035], [75.96896000000018, 11.57455999999908], [75.96884999999925, 11.57387999999993], [75.96889000000007, 11.57295999999948], [75.96934999999941, 11.57228000000033], [75.97023000000081, 11.57163000000037], [75.97076000000017, 11.57086999999957], [75.97183000000041, 11.57033000000045], [75.97275000000077, 11.57010000000079], [75.97343999999978, 11.57010000000079], [75.97416999999952, 11.57010000000079], [75.97465999999983, 11.57010000000079], [75.97496999999927, 11.57050999999954], [75.97511999999917, 11.57085000000005], [75.97538999999965, 11.57107999999972], [75.97580999999994, 11.57127000000034], [75.97718999999964, 11.57164999999989], [75.97767999999995, 11.57164999999989], [75.9783299999999, 11.57138999999916], [75.9788700000008, 11.57135000000021], [75.9794399999992, 11.57135000000021], [75.97993999999926, 11.57130999999938], [75.98035999999955, 11.57122999999951], [75.98093999999949, 11.57104000000076], [75.9814299999998, 11.57077000000027], [75.98170000000029, 11.57057999999965], [75.98227000000047, 11.57042999999976], [75.98262000000065, 11.57030999999916], [75.98315000000001, 11.57023999999914], [75.98327000000062, 11.57023999999914], [75.98331999999932, 11.57022999999938], [75.98337999999967, 11.57034999999998], [75.98337999999967, 11.57086999999957], [75.98337999999967, 11.57163000000037], [75.98384000000078, 11.57186000000004], [75.98437000000014, 11.57186000000004], [75.98540999999933, 11.5719200000003], [75.98552999999993, 11.57227000000057], [75.98552999999993, 11.57296999999924], [75.98495, 11.57337999999977], [75.98424999999953, 11.57408000000031], [75.98349000000051, 11.57466000000025], [75.9833999999992, 11.57488999999983], [75.9832000000006, 11.57507000000078], [75.98320921824126, 11.57519905537375], [75.98321000000035, 11.57521000000091], [75.98288999999927, 11.57562999999933], [75.98295999999938, 11.57632000000011], [75.98315000000001, 11.57685999999923], [75.98353999999924, 11.57731000000058], [75.98358000000006, 11.5774299999994], [75.98389999999927, 11.57767000000061], [75.98522000000048, 11.57857999999943], [75.9863700000005, 11.57915999999928], [75.98763999999936, 11.57927000000021], [75.98849999999946, 11.5791000000008], [75.99159999999937, 11.57795000000077], [75.99216999999955, 11.57743999999908], [75.99337999999992, 11.57662999999956], [75.9944699999996, 11.57652000000049], [75.99579000000081, 11.57703000000041], [75.99596999999999, 11.57812999999986], [75.9954500000003, 11.57898999999996], [75.99487000000046, 11.57962000000039], [75.99424000000002, 11.57995999999913], [75.99308999999991, 11.58054000000084], [75.9923500000004, 11.58083000000077], [75.9923500000004, 11.58151000000001], [75.99258000000007, 11.5820299999996], [75.99263000000066, 11.58283999999912], [75.99263000000066, 11.58369999999922], [75.99194999999963, 11.58473000000051], [75.9913699999997, 11.58554000000003], [75.99034000000027, 11.58588000000054], [75.98970000000008, 11.58570999999935], [75.98970000000008, 11.58416000000034], [75.9891299999999, 11.58369999999922], [75.98890000000033, 11.58311999999929], [75.98902000000092, 11.58231999999953], [75.99039000000086, 11.58139999999908], [75.99130999999944, 11.5804800000005], [75.99222999999981, 11.5803099999994], [75.99239999999921, 11.57956000000014], [75.99216999999955, 11.5791000000008], [75.99120000000038, 11.57939000000082], [75.98992999999975, 11.58013999999999], [75.98896000000057, 11.58042000000024], [75.9881499999992, 11.5804800000005], [75.98746000000028, 11.58059999999932], [75.98648999999934, 11.58064999999991], [75.98596999999974, 11.58059999999932], [75.98522000000048, 11.58013999999999], [75.98430000000003, 11.57985000000006], [75.98378000000044, 11.57985000000006], [75.98365000000017, 11.58034000000046], [75.98335000000039, 11.58106000000044], [75.98272999999972, 11.58186999999995], [75.98227000000047, 11.5825499999992], [75.98165999999947, 11.58309000000009], [75.98067000000087, 11.58388999999985], [75.9803200000006, 11.58443000000083], [75.98026000000026, 11.58446999999978], [75.9802299999992, 11.58489999999984], [75.9813799999993, 11.58570999999935], [75.98200999999975, 11.58690999999997], [75.98206000000023, 11.58794999999915], [75.98171999999973, 11.58904000000079], [75.98079999999936, 11.58950000000003], [75.97993999999926, 11.58950000000003], [75.97907999999916, 11.58950000000003], [75.97792999999913, 11.58950000000003], [75.97678000000089, 11.59001999999963]]}}, {"type": "Feature", "properties": {"id": 32, "zone": "High Hazard Zone", "FID": "32", "ZONE_": "High Hazard Zone", "SHAPE_Leng": "0.088714", "SHAPE_Area": "0.000082", "aarea": "1.003061"}, "geometry": {"type": "Polygon", "coordinates": [[75.94225000000006, 11.93581000000086], [75.94225000000006, 11.93653000000084], [75.94231000000032, 11.93662000000038], [75.94231000000032, 11.93675000000075], [75.94231000000032, 11.93721999999975], [75.94231000000032, 11.93771999999991], [75.94195000000038, 11.93819000000079], [75.94165000000069, 11.93862000000084], [75.94117999999982, 11.93812000000068], [75.94067999999974, 11.93672999999945], [75.9403700000003, 11.93611000000055], [75.94001000000027, 11.93575000000052], [75.93974999999953, 11.93567000000074], [75.93916999999969, 11.93575000000052], [75.93801999999957, 11.93596000000066], [75.93799905677383, 11.93595695985493], [75.93787382660778, 11.93565272426487], [75.93779754535775, 11.93534566176456], [75.93760633750065, 11.93473706300988], [75.93777000000047, 11.93454000000023], [75.93827000000054, 11.93406999999936], [75.93857999999999, 11.93352000000048], [75.93872999999988, 11.93276999999944], [75.93901000000004, 11.93205999999914], [75.9389200000005, 11.93166000000015], [75.93898000000084, 11.93129000000044], [75.93922999999994, 11.93097999999922], [75.93965999999999, 11.93029999999998], [75.93990999999919, 11.92979999999991], [75.94030999999995, 11.92951999999966], [75.94130000000042, 11.92880999999944], [75.94182999999977, 11.92815999999948], [75.9429799999998, 11.92704000000052], [75.94366000000082, 11.9264800000001], [75.9442099999997, 11.92607999999925], [75.94498999999993, 11.92613999999959], [75.94554000000059, 11.92613999999959], [75.9456800000007, 11.92636999999926], [75.94570999999999, 11.92641999999976], [75.94667999999908, 11.92629999999915], [75.9493000000002, 11.92612999999983], [75.95216000000076, 11.92567000000049], [75.95529999999962, 11.92492999999922], [75.95643999999989, 11.92459000000057], [75.95953000000011, 11.92361999999954], [75.96140999999989, 11.92269999999918], [75.96323999999915, 11.92189999999934], [75.9650700000002, 11.92115999999984], [75.96672000000038, 11.92099000000051], [75.96724999999974, 11.92084000000072], [75.96758000000048, 11.92057000000023], [75.96847999999954, 11.92016999999946], [75.96967000000039, 11.92006000000039], [75.97049999999943, 11.91999000000029], [75.9711499999994, 11.91999000000029], [75.9716900000003, 11.92002999999933], [75.9717600000004, 11.92059999999951], [75.9713699999993, 11.92095999999945], [75.97068000000039, 11.92143000000033], [75.97020999999951, 11.92186000000038], [75.96982000000028, 11.92218999999935], [75.96924000000034, 11.92244000000032], [75.96869999999946, 11.9227699999992], [75.9682699999994, 11.92290999999933], [75.96775999999957, 11.92297999999935], [75.96771000000085, 11.92297999999935], [75.96764000000074, 11.92309999999995], [75.96671000000062, 11.92317000000006], [75.96570000000064, 11.92357000000082], [75.96490000000088, 11.92382000000001], [75.96414999999975, 11.92396999999981], [75.96274000000086, 11.92396999999981], [75.96179999999912, 11.92432999999984], [75.96094000000087, 11.92504999999982], [75.96065000000085, 11.92530000000079], [75.95934999999916, 11.92569999999978], [75.95859000000014, 11.92569999999978], [75.9572200000002, 11.92590999999992], [75.95571000000015, 11.92597999999994], [75.95321999999939, 11.92667000000072], [75.95174000000038, 11.92696000000065], [75.95083999999954, 11.92710000000077], [75.94944000000034, 11.9273900000007], [75.94802999999958, 11.9278599999998], [75.94670000000046, 11.92790000000062], [75.94612000000052, 11.92816999999924], [75.94570999999999, 11.9281300000002], [75.94491999999991, 11.92808999999946], [75.94409000000087, 11.92820000000031], [75.94366000000082, 11.92842000000021], [75.94347999999987, 11.92907000000017], [75.94343999999914, 11.92950000000022], [75.94340999999986, 11.93010999999936], [75.94294000000085, 11.93054999999917], [75.9426100000001, 11.93101999999995], [75.94235999999913, 11.93152000000011], [75.94213999999923, 11.93212999999925], [75.94213999999923, 11.93277999999921], [75.94213999999923, 11.93349999999918], [75.94213999999923, 11.93404000000007], [75.94222000000077, 11.93447999999989], [75.94222000000077, 11.93502000000078], [75.9422400000003, 11.93541999999977], [75.94225000000006, 11.93581000000086]]}}, {"type": "Feature", "properties": {"id": 33, "zone": "High Hazard Zone", "FID": "33", "ZONE_": "High Hazard Zone", "SHAPE_Leng": "0.033057", "SHAPE_Area": "0.000047", "aarea": "0.574937"}, "geometry": {"type": "Polygon", "coordinates": [[75.9381300000005, 11.92923999999949], [75.93793999999978, 11.92986999999993], [75.9375400000008, 11.93123999999986], [75.93742999999996, 11.93135000000079], [75.93668000000069, 11.93181000000004], [75.93503000000051, 11.93306999999913], [75.93194000000037, 11.93306999999913], [75.92936999999982, 11.93306999999913], [75.92755000000032, 11.93215000000055], [75.92675000000057, 11.93015000000018], [75.92628999999945, 11.92776000000049], [75.92628999999945, 11.92661000000047], [75.9264375035497, 11.92614824975887], [75.92646788909721, 11.92609309925595], [75.92652582284417, 11.92591828238279], [75.92658999999914, 11.92622999999913], [75.9268400000001, 11.9272700000001], [75.92773999999916, 11.92773999999919], [75.92864000000009, 11.92809999999914], [75.92936000000006, 11.92864000000012], [75.93001000000002, 11.92890000000076], [75.93087999999989, 11.92890000000076], [75.93152999999984, 11.92886000000003], [75.93210000000002, 11.92868000000085], [75.9325700000009, 11.92813999999996], [75.93437000000088, 11.92813999999996], [75.93524000000075, 11.92845999999917], [75.93577999999977, 11.9288199999992], [75.93632000000066, 11.92904000000089], [75.93728999999983, 11.92904000000089], [75.93769000000069, 11.92904000000089], [75.93793999999978, 11.92907999999984], [75.9381300000005, 11.92923999999949]]}}, {"type": "Feature", "properties": {"id": 34, "zone": "High Hazard Zone", "FID": "34", "ZONE_": "High Hazard Zone", "SHAPE_Leng": "0.013731", "SHAPE_Area": "0.00001", "aarea": "0.116676"}, "geometry": {"type": "Polygon", "coordinates": [[75.94253000000023, 11.90394999999989], [75.94231000000032, 11.90394999999989], [75.94187000000059, 11.90397999999918], [75.94161999999963, 11.90409000000002], [75.94118999999958, 11.90423000000006], [75.94089999999956, 11.90440999999923], [75.94053999999961, 11.90469999999915], [75.94014000000062, 11.90480999999999], [75.93964000000047, 11.90488000000001], [75.9392399999997, 11.90495999999988], [75.93885000000047, 11.90499000000094], [75.9383799999996, 11.90517000000003], [75.93784000000049, 11.90541999999913], [75.93772999999965, 11.90553999999973], [75.93772999999965, 11.9050599999991], [75.93793999999978, 11.90413000000084], [75.93841000000066, 11.90351000000008], [75.93909999999958, 11.90301000000001], [75.93957000000046, 11.9027900000001], [75.94046999999951, 11.90224999999921], [75.94075999999953, 11.90200000000002], [75.94190999999955, 11.90185000000022], [75.94219999999947, 11.90243000000007], [75.94262999999953, 11.9027900000001], [75.94262999999953, 11.90365999999997], [75.94253000000023, 11.90394999999989]]}}, {"type": "Feature", "properties": {"id": 35, "zone": "High Hazard Zone", "FID": "35", "ZONE_": "High Hazard Zone", "SHAPE_Leng": "0.019695", "SHAPE_Area": "0.000019", "aarea": "0.227712"}, "geometry": {"type": "Polygon", "coordinates": [[75.94616999999924, 11.89881000000058], [75.94587999999932, 11.89904000000024], [75.94555000000035, 11.89943999999923], [75.94555000000035, 11.90008999999919], [75.94584000000036, 11.90073999999915], [75.9464499999995, 11.90121000000002], [75.94688999999921, 11.90171000000009], [75.94692000000028, 11.90224999999921], [75.94692000000028, 11.90283000000093], [75.94688999999921, 11.90322000000015], [75.94651999999951, 11.90394999999989], [75.94613000000028, 11.90444999999996], [75.9456599999994, 11.90469999999915], [75.94505000000028, 11.90499000000094], [75.94478999999954, 11.90541999999913], [75.94467000000081, 11.90590999999953], [75.94415999999912, 11.9057699999994], [75.94290999999978, 11.90486000000058], [75.94325000000029, 11.90433999999912], [75.9435900000008, 11.90406000000073], [75.9433700000009, 11.90320000000063], [75.94302000000063, 11.90245999999935], [75.94256999999928, 11.90120000000026], [75.94290999999978, 11.90017000000084], [75.94364999999928, 11.89999999999965], [75.94433999999997, 11.89976999999998], [75.94541999999998, 11.89909000000083], [75.94616999999924, 11.89881000000058]]}}, {"type": "Feature", "properties": {"id": 36, "zone": "High Hazard Zone", "FID": "36", "ZONE_": "High Hazard Zone", "SHAPE_Leng": "0.060667", "SHAPE_Area": "0.000075", "aarea": "0.914323"}, "geometry": {"type": "Polygon", "coordinates": [[75.98524, 11.88579999999997], [75.9851400000007, 11.88653999999947], [75.98507000000059, 11.88759000000029], [75.98485000000078, 11.88809000000036], [75.98459000000005, 11.88848999999935], [75.9839100000008, 11.88848999999935], [75.98341000000073, 11.88884999999938], [75.98341000000073, 11.88961000000018], [75.98365999999984, 11.89033000000016], [75.98384000000078, 11.8912299999993], [75.98384000000078, 11.89184000000022], [75.98355000000086, 11.89242000000015], [75.98286999999985, 11.89252999999913], [75.98204000000081, 11.89252999999913], [75.98113999999988, 11.89252999999913], [75.98091999999997, 11.89309999999931], [75.98038000000085, 11.8932499999992], [75.97969000000016, 11.89317999999909], [75.97904999999987, 11.89328000000026], [75.97858000000087, 11.8932499999992], [75.97792999999913, 11.89317999999909], [75.97720999999908, 11.89317999999909], [75.97655999999911, 11.89314000000013], [75.9758700000002, 11.89292000000022], [75.9754799999992, 11.89264000000006], [75.97443000000024, 11.89223999999921], [75.97400000000019, 11.89172999999937], [75.97229999999942, 11.89172999999937], [75.97147000000038, 11.89187999999926], [75.97063999999956, 11.89228000000003], [75.96982000000028, 11.89357000000018], [75.96924000000034, 11.89458000000017], [75.96873000000052, 11.89556000000088], [75.96823000000045, 11.89605999999908], [75.96715000000043, 11.89648999999913], [75.9665700000005, 11.89652999999996], [75.96607000000043, 11.89641999999911], [75.96506000000043, 11.89700000000083], [75.96443999999977, 11.89746999999993], [75.96357999999967, 11.89782999999987], [75.96245000000093, 11.89796000000024], [75.96249999999965, 11.89725999999969], [75.96277999999981, 11.89617999999977], [75.96375000000076, 11.89509], [75.96631999999953, 11.89383000000091], [75.96745999999989, 11.89337999999956], [75.96838000000024, 11.89251999999946], [75.96991999999959, 11.89155000000029], [75.97134999999977, 11.8906399999996], [75.97288999999913, 11.88989000000034], [75.97472000000018, 11.8897799999995], [75.97688999999995, 11.88989000000034], [75.97733999999943, 11.89018000000036], [75.97831000000038, 11.88948999999958], [75.9794600000005, 11.88783999999939], [75.98048000000016, 11.8864099999992], [75.98259999999935, 11.8858400000008], [75.98494000000032, 11.8858400000008], [75.98524, 11.88579999999997]]}}, {"type": "Feature", "properties": {"id": 37, "zone": "High Hazard Zone", "FID": "37", "ZONE_": "High Hazard Zone", "SHAPE_Leng": "0.041837", "SHAPE_Area": "0.000047", "aarea": "0.570162"}, "geometry": {"type": "Polygon", "coordinates": [[76.02702999999924, 11.87464000000003], [76.02628000000007, 11.87478999999983], [76.02551999999928, 11.87543999999979], [76.02515999999925, 11.87564999999993], [76.02418000000031, 11.87605000000079], [76.02231000000032, 11.87670000000075], [76.02159000000024, 11.87670000000075], [76.02025999999935, 11.87622999999987], [76.01895999999944, 11.87569000000076], [76.01823999999947, 11.87507999999976], [76.0181599999996, 11.87413999999987], [76.01798000000052, 11.87355000000026], [76.01798000000052, 11.8735424000015], [76.01798000000052, 11.87325000000057], [76.01798000000052, 11.87305999999986], [76.01837999999951, 11.87266000000087], [76.01859999999941, 11.87233999999989], [76.01967999999943, 11.87240999999991], [76.02000000000041, 11.87305999999986], [76.02044000000022, 11.87344999999918], [76.02118999999948, 11.8736399999998], [76.02146999999964, 11.87392999999973], [76.02274000000037, 11.87334999999988], [76.02392999999935, 11.87305999999986], [76.02443999999927, 11.87308999999915], [76.02529999999938, 11.87305999999986], [76.02599000000006, 11.87288000000078], [76.0272100000002, 11.87240999999991], [76.02793000000017, 11.87211999999998], [76.02848000000083, 11.87190000000007], [76.02894000000016, 11.87158000000086], [76.0296999999991, 11.87099999999915], [76.02995999999983, 11.87083999999959], [76.03057000000082, 11.87020999999915], [76.0306500000006, 11.86983999999936], [76.03124999999999, 11.8696799999998], [76.03194000000076, 11.86979000000064], [76.03278999999932, 11.87018999999963], [76.0333100000007, 11.87053000000014], [76.03478999999969, 11.87053000000014], [76.03538999999907, 11.87053000000014], [76.03470999999992, 11.87132999999999], [76.03441999999998, 11.87204999999996], [76.0341700000008, 11.87259000000086], [76.03348999999977, 11.87312999999997], [76.03297999999995, 11.87334999999988], [76.03240999999977, 11.87353000000074], [76.03136000000082, 11.87374000000088], [76.02985000000085, 11.87370999999982], [76.02908999999997, 11.87370999999982], [76.02858000000013, 11.87370999999982], [76.02793000000017, 11.87389000000077], [76.02702999999924, 11.87464000000003]]}}, {"type": "Feature", "properties": {"id": 38, "zone": "High Hazard Zone", "FID": "38", "ZONE_": "High Hazard Zone", "SHAPE_Leng": "0.038394", "SHAPE_Area": "0.000031", "aarea": "0.373317"}, "geometry": {"type": "Polygon", "coordinates": [[76.03460000000085, 11.86910999999962], [76.03307999999925, 11.86847999999919], [76.03256999999942, 11.86767999999934], [76.03153999999999, 11.86687999999959], [76.03074000000015, 11.86687999999959], [76.03046999999965, 11.86686999999982], [76.0299400000004, 11.86722999999986], [76.02971000000072, 11.86786000000029], [76.02896999999936, 11.86882999999946], [76.02783000000088, 11.86957000000073], [76.02668000000084, 11.87111999999975], [76.02628000000007, 11.87111999999975], [76.02507999999946, 11.87082999999983], [76.02456999999954, 11.87082999999983], [76.02246000000011, 11.87025999999965], [76.02189000000003, 11.87025999999965], [76.0212599999995, 11.87025999999965], [76.02080000000025, 11.87048999999932], [76.02054999999929, 11.87075999999981], [76.02053999999953, 11.87053000000014], [76.02053999999953, 11.86978000000088], [76.02053999999953, 11.86931000000001], [76.02072000000047, 11.8690600000009], [76.02094000000038, 11.86870000000087], [76.02130000000032, 11.8683000000001], [76.02176999999942, 11.8680800000002], [76.02219999999947, 11.8680800000002], [76.02260000000024, 11.86818999999926], [76.02313999999936, 11.86861999999931], [76.02356999999941, 11.86902000000008], [76.0243300000002, 11.86926999999927], [76.02515999999925, 11.86926999999927], [76.02594999999933, 11.86883999999922], [76.02673999999932, 11.86844000000023], [76.02731999999926, 11.86804999999914], [76.02767999999921, 11.86765000000015], [76.02848000000083, 11.86681999999924], [76.02880000000003, 11.86631999999917], [76.02937999999997, 11.86551999999941], [76.02985000000085, 11.86501999999926], [76.03038999999988, 11.86479999999935], [76.03124999999999, 11.86486999999946], [76.03261999999991, 11.8652299999994], [76.03312999999983, 11.86566999999921], [76.0342400000009, 11.86621000000011], [76.03460000000085, 11.86688999999935], [76.03460000000085, 11.86787000000005], [76.03460000000085, 11.86910999999962]]}}, {"type": "Feature", "properties": {"id": 39, "zone": "High Hazard Zone", "FID": "39", "ZONE_": "High Hazard Zone", "SHAPE_Leng": "0.040214", "SHAPE_Area": "0.000023", "aarea": "0.280595"}, "geometry": {"type": "Polygon", "coordinates": [[76.06929999999922, 11.87670000000075], [76.06876999999986, 11.87670000000075], [76.0672300000006, 11.87636000000024], [76.0647700000009, 11.87680999999972], [76.06329000000004, 11.87572999999971], [76.0633999999991, 11.87464000000003], [76.06396999999927, 11.87429999999952], [76.06316999999943, 11.87390000000053], [76.06214999999978, 11.87390000000053], [76.0603200000005, 11.87396000000079], [76.05940999999981, 11.87470000000029], [76.0591199999999, 11.87562000000074], [76.05838000000038, 11.87566999999946], [76.05701000000046, 11.87521999999988], [76.05592000000068, 11.87527000000047], [76.05574999999949, 11.87419000000046], [76.05523999999967, 11.87286999999924], [76.05488999999939, 11.87155999999957], [76.05488999999939, 11.87087000000065], [76.05594999999997, 11.87128999999916], [76.05642000000084, 11.87204999999996], [76.05671000000076, 11.87288000000078], [76.05724999999988, 11.87367000000086], [76.05774999999996, 11.87396000000079], [76.05825999999979, 11.87399999999984], [76.05880000000067, 11.87399999999984], [76.0591899999999, 11.87344999999918], [76.05981000000067, 11.87305999999986], [76.06067000000077, 11.87276999999994], [76.06171999999972, 11.87266000000087], [76.06262000000065, 11.87269999999992], [76.0632700000006, 11.87269999999992], [76.06373999999961, 11.87295000000089], [76.06449000000065, 11.87348999999992], [76.0647499999995, 11.87425000000071], [76.06488999999964, 11.87482000000089], [76.06524999999966, 11.87507999999976], [76.06579000000056, 11.87511000000082], [76.06615000000059, 11.87540000000083], [76.06651000000053, 11.87562000000074], [76.0673800000004, 11.87555000000063], [76.06827999999946, 11.87586999999984], [76.06899999999953, 11.87629999999989], [76.06929999999922, 11.87670000000075]]}}, {"type": "Feature", "properties": {"id": 40, "zone": "High Hazard Zone", "FID": "40", "ZONE_": "High Hazard Zone", "SHAPE_Leng": "0.036374", "SHAPE_Area": "0.000028", "aarea": "0.343824"}, "geometry": {"type": "Polygon", "coordinates": [[75.9777400000003, 11.87650000000027], [75.97752000000038, 11.87650000000027], [75.97589999999948, 11.87687999999983], [75.97515000000023, 11.8773799999999], [75.9742700000006, 11.8771300000008], [75.9742700000006, 11.87718999999928], [75.97371000000018, 11.87794000000032], [75.97401999999963, 11.87874999999983], [75.9739000000009, 11.87924999999999], [75.9730199999995, 11.87975000000006], [75.97201999999926, 11.87962999999946], [75.97108999999914, 11.8790000000008], [75.97040000000014, 11.87855999999921], [75.96933999999965, 11.87812999999916], [75.96833999999942, 11.87794000000032], [75.96790999999936, 11.87792000000079], [75.96774999999981, 11.87632999999918], [75.96647999999918, 11.87527000000047], [75.9653899999994, 11.87469000000053], [75.9655600000006, 11.87448000000038], [75.96616999999974, 11.87383000000042], [75.96667999999956, 11.87321999999951], [75.96722000000045, 11.87282000000052], [75.96787000000042, 11.87239000000047], [75.96869999999946, 11.87235999999941], [75.96926999999963, 11.87254000000027], [75.96955999999956, 11.87321999999951], [75.96955999999956, 11.87398000000031], [75.96955999999956, 11.87458999999945], [75.96955999999956, 11.87559999999944], [75.96970999999935, 11.87665000000016], [75.97010000000044, 11.87729000000036], [75.97056999999946, 11.87758000000028], [75.9716900000003, 11.87783999999924], [75.97244999999931, 11.87783999999924], [75.9728400000004, 11.87732999999931], [75.97330999999942, 11.87672000000018], [75.97371000000018, 11.87629000000013], [75.97431999999931, 11.8757800000003], [75.97503999999938, 11.87545999999931], [75.9758700000002, 11.87520000000045], [75.97652000000015, 11.87509999999928], [75.97720999999908, 11.87552999999933], [75.9777400000003, 11.87650000000027]]}}, {"type": "Feature", "properties": {"id": 41, "zone": "High Hazard Zone", "FID": "41", "ZONE_": "High Hazard Zone", "SHAPE_Leng": "0.0308", "SHAPE_Area": "0.000027", "aarea": "0.331919"}, "geometry": {"type": "Polygon", "coordinates": [[75.96693000000053, 11.86152000000036], [75.96695999999973, 11.86158000000071], [75.96721000000069, 11.86071000000085], [75.96739999999954, 11.8591500000002], [75.96815000000058, 11.85815000000006], [75.96889999999983, 11.85839999999916], [75.96964999999909, 11.8591500000002], [75.97046000000049, 11.85952], [75.9711499999994, 11.86052000000014], [75.97140000000036, 11.86158000000071], [75.97102000000089, 11.86226999999963], [75.97146000000062, 11.86252000000059], [75.97271000000003, 11.86320999999951], [75.97334000000048, 11.86407999999937], [75.97364999999992, 11.86527000000022], [75.97327000000045, 11.86583000000064], [75.97234000000024, 11.86595999999914], [75.97142999999956, 11.86629999999965], [75.97046000000049, 11.86623999999939], [75.9698900000003, 11.86623999999939], [75.96905999999949, 11.86623999999939], [75.96889999999983, 11.86628999999997], [75.96902000000044, 11.86620000000043], [75.9701399999994, 11.86565999999945], [75.97071999999935, 11.86519000000044], [75.97083000000019, 11.86457999999944], [75.96999999999937, 11.86443999999941], [75.9689099999996, 11.86433000000034], [75.96876999999947, 11.86356999999954], [75.96876999999947, 11.86291999999958], [75.96862999999944, 11.86231000000045], [75.96794000000043, 11.86205999999948], [75.96717999999963, 11.86306999999938], [75.96686000000042, 11.86378999999945], [75.96696999999949, 11.86267000000039], [75.96693000000053, 11.86202000000052], [75.96693000000053, 11.86152000000036]]}}, {"type": "Feature", "properties": {"id": 42, "zone": "High Hazard Zone", "FID": "42", "ZONE_": "High Hazard Zone", "SHAPE_Leng": "0.062163", "SHAPE_Area": "0.000053", "aarea": "0.646218"}, "geometry": {"type": "Polygon", "coordinates": [[76.01323000000052, 11.87327999999977], [76.0127200000006, 11.87344999999918], [76.01149000000079, 11.8740300000009], [76.01051999999984, 11.87464000000003], [76.00979999999979, 11.87482000000089], [76.00943999999984, 11.8752600000007], [76.00893, 11.87572999999971], [76.00818000000075, 11.87605000000079], [76.00784999999999, 11.87665999999992], [76.00755999999998, 11.8771300000008], [76.00695000000084, 11.87757000000052], [76.00645000000078, 11.87817999999974], [76.00597999999991, 11.87865000000053], [76.00561999999987, 11.87882999999961], [76.00525999999992, 11.87886000000067], [76.00485999999907, 11.87889999999972], [76.00446000000008, 11.87894000000054], [76.00355999999915, 11.87894000000054], [76.0031299999991, 11.87879000000066], [76.00276999999916, 11.87853999999969], [76.00218999999922, 11.8781400000007], [76.0007900000001, 11.87774999999969], [75.9997800000001, 11.87742000000072], [75.99887999999918, 11.8773500000007], [75.99807999999942, 11.87742000000072], [75.99778999999941, 11.87785000000077], [75.99711000000025, 11.87807000000068], [75.99656999999937, 11.87857000000075], [75.99610000000027, 11.87896999999974], [75.99588000000035, 11.87954999999968], [75.9956999999995, 11.88002000000055], [75.99562999999948, 11.88062999999969], [75.99548999999935, 11.88103000000045], [75.99516000000038, 11.88131000000071], [75.99468999999951, 11.88160000000063], [75.99418999999943, 11.88206999999964], [75.9936799999996, 11.88254000000051], [75.99331999999957, 11.88300999999952], [75.99288999999952, 11.88329999999954], [75.99249000000053, 11.88365999999948], [75.99209999999952, 11.88394999999949], [75.99163000000043, 11.88401999999951], [75.99101999999952, 11.88401999999951], [75.98997000000057, 11.88391000000045], [75.98972999999937, 11.88393999999973], [75.98991000000022, 11.88356999999994], [75.99058999999947, 11.88191999999984], [75.99128000000016, 11.88048999999956], [75.99185000000034, 11.87956999999911], [75.99310999999943, 11.8790000000008], [75.9949300000007, 11.87797999999927], [75.99806999999966, 11.87602999999949], [76.00052999999936, 11.87615000000009], [76.00132999999911, 11.87659999999958], [76.00196999999932, 11.87759000000004], [76.00217999999946, 11.87751000000026], [76.00326999999923, 11.87733999999908], [76.00377999999907, 11.87785000000077], [76.00504000000002, 11.87865000000053], [76.00532999999994, 11.87808000000044], [76.00532999999994, 11.87757000000052], [76.00469999999952, 11.87630999999965], [76.00492999999918, 11.87550999999981], [76.00590000000012, 11.87442999999989], [76.00669999999988, 11.87379999999936], [76.00767000000091, 11.87328999999953], [76.00841000000041, 11.87305999999986], [76.00960999999916, 11.87254000000027], [76.0109799999991, 11.87248999999978], [76.01178000000071, 11.87270999999968], [76.01323000000052, 11.87327999999977]]}}, {"type": "Feature", "properties": {"id": 43, "zone": "High Hazard Zone", "FID": "43", "ZONE_": "High Hazard Zone", "SHAPE_Leng": "0.026685", "SHAPE_Area": "0.000022", "aarea": "0.263632"}, "geometry": {"type": "Polygon", "coordinates": [[75.9918600000001, 11.86922000000046], [75.99094999999942, 11.87019999999939], [75.99057999999971, 11.87195000000066], [75.99044999999934, 11.87327000000001], [75.99027000000025, 11.87407999999962], [75.99001999999929, 11.87550999999981], [75.99039000000086, 11.87625999999907], [75.99051999999936, 11.87708000000021], [75.9907000000003, 11.87801000000033], [75.99100999999976, 11.87895000000022], [75.9907000000003, 11.87905999999928], [75.9905099999996, 11.87898999999926], [75.98971999999961, 11.87838000000013], [75.9890300000006, 11.87797999999927], [75.98877999999972, 11.87737000000014], [75.98834999999967, 11.87686000000031], [75.98831000000062, 11.87636000000024], [75.98841999999969, 11.87520000000045], [75.98855999999981, 11.8747700000004], [75.98882000000046, 11.87412000000044], [75.98884999999974, 11.8735400000005], [75.98884999999974, 11.87282000000052], [75.98884999999974, 11.8721399999995], [75.98882000000046, 11.87160000000039], [75.98870999999961, 11.87112999999951], [75.98855999999981, 11.87076999999957], [75.98809000000071, 11.87037000000058], [75.98798999999964, 11.8698299999996], [75.9880200000007, 11.86917999999973], [75.9884899999997, 11.86867999999957], [75.98891999999975, 11.86838999999965], [75.98942999999959, 11.86816999999974], [75.99019000000048, 11.86816999999974], [75.99086999999963, 11.86828000000058], [75.99180999999952, 11.86888999999972], [75.9918600000001, 11.86922000000046]]}}, {"type": "Feature", "properties": {"id": 44, "zone": "High Hazard Zone", "FID": "44", "ZONE_": "High Hazard Zone", "SHAPE_Leng": "0.043463", "SHAPE_Area": "0.00003", "aarea": "0.367253"}, "geometry": {"type": "Polygon", "coordinates": [[75.97511999999917, 11.85472999999909], [75.97568999999933, 11.8543000000009], [75.97611999999938, 11.8533200000002], [75.97648999999909, 11.85306999999923], [75.97681000000009, 11.85299999999912], [75.97727999999918, 11.85296000000016], [75.97748999999932, 11.85346999999999], [75.97712999999929, 11.85414999999924], [75.97717000000011, 11.85515999999914], [75.97748999999932, 11.85591999999994], [75.97777999999924, 11.85652999999907], [75.97803999999998, 11.85711000000079], [75.97803999999998, 11.85772000000001], [75.97835999999918, 11.85843999999999], [75.97849999999923, 11.85904999999912], [75.97871999999913, 11.85937999999987], [75.97940999999992, 11.85949000000071], [75.97950999999921, 11.85959999999978], [75.9804199999999, 11.85978000000073], [75.98149999999991, 11.85963000000084], [75.98218000000084, 11.85963000000084], [75.98286999999985, 11.85980999999992], [75.98319000000083, 11.86035000000081], [75.98322999999979, 11.86117999999986], [75.98326000000085, 11.86182999999981], [75.98315999999977, 11.8627699999997], [75.98269000000076, 11.86312999999973], [75.98214999999978, 11.86297999999984], [75.98221999999988, 11.86230000000069], [75.98221999999988, 11.86168999999969], [75.98211000000082, 11.8612900000007], [75.98149999999991, 11.86107000000088], [75.98048999999992, 11.86103999999982], [75.97969000000016, 11.86100000000077], [75.97878999999924, 11.86100000000077], [75.97803999999998, 11.8605299999999], [75.97717000000011, 11.8597399999999], [75.97676999999935, 11.85891000000086], [75.97667000000004, 11.8581900000008], [75.97667000000004, 11.85760999999908], [75.97667000000004, 11.85704000000077], [75.97662999999922, 11.85668000000074], [75.97648999999909, 11.85627999999997], [75.97604999999928, 11.85623999999915], [75.97551000000026, 11.85627999999997], [75.9750100000001, 11.85639000000081], [75.97465000000015, 11.8568899999991], [75.97457000000028, 11.85735999999998], [75.97474999999936, 11.85793999999983], [75.9750800000002, 11.85836999999988], [75.97525999999928, 11.85894999999982], [75.97518999999917, 11.85944999999989], [75.97489999999925, 11.8596699999998], [75.97443000000024, 11.85978000000073], [75.97395999999937, 11.85978000000073], [75.97374999999923, 11.8596699999998], [75.97357000000014, 11.85949000000071], [75.9734599999992, 11.85937999999987], [75.9734599999992, 11.85879999999993], [75.97309999999926, 11.85855000000083], [75.97258999999944, 11.85855000000083], [75.97212000000034, 11.85832999999915], [75.97208999999928, 11.85772000000001], [75.97208999999928, 11.85724999999914], [75.97241000000035, 11.85714000000007], [75.9728400000004, 11.8568899999991], [75.97316999999929, 11.85639000000081], [75.97316999999929, 11.8558099999991], [75.97342000000026, 11.85522999999925], [75.97388999999926, 11.85502000000088], [75.97511999999917, 11.85472999999909]]}}, {"type": "Feature", "properties": {"id": 45, "zone": "High Hazard Zone", "FID": "45", "ZONE_": "High Hazard Zone", "SHAPE_Leng": "0.031782", "SHAPE_Area": "0.000017", "aarea": "0.202106"}, "geometry": {"type": "Polygon", "coordinates": [[75.93118999999933, 11.84236000000055], [75.93102999999978, 11.84307000000085], [75.93114000000061, 11.84391999999933], [75.93172000000047, 11.84466000000069], [75.93149000000089, 11.84552000000079], [75.93223000000039, 11.84563999999953], [75.93313999999921, 11.84563999999953], [75.93507999999932, 11.84528999999926], [75.9349099999999, 11.84591999999978], [75.93360000000033, 11.84700999999946], [75.93286000000082, 11.84775000000083], [75.9320599999992, 11.84821000000008], [75.9325700000009, 11.84860999999907], [75.93309000000049, 11.84917999999924], [75.93137000000029, 11.84883000000084], [75.93034000000077, 11.84814999999982], [75.92908999999966, 11.84842999999998], [75.92840000000066, 11.84900999999992], [75.92794999999931, 11.84992000000061], [75.92755000000032, 11.84935000000043], [75.92685999999954, 11.84792000000015], [75.92718000000062, 11.84763999999999], [75.92726000000039, 11.8476100000007], [75.92764999999962, 11.84757999999964], [75.92794999999931, 11.84730999999924], [75.92830999999934, 11.84710000000087], [75.92866999999937, 11.84683000000038], [75.92922000000003, 11.84662000000024], [75.92979000000011, 11.84655999999998], [75.9302100000004, 11.84677000000012], [75.93089999999941, 11.84719000000041], [75.93140999999925, 11.84713000000007], [75.93152999999984, 11.84683000000038], [75.93150000000055, 11.84632000000055], [75.93099000000073, 11.84592999999946], [75.93057000000044, 11.84535999999937], [75.93057000000044, 11.84473000000071], [75.93078000000058, 11.84422000000088], [75.93093000000047, 11.84376999999953], [75.93080999999987, 11.84338000000021], [75.93080999999987, 11.84302000000027], [75.93095999999967, 11.84257000000069], [75.93118999999933, 11.84236000000055]]}}, {"type": "Feature", "properties": {"id": 46, "zone": "High Hazard Zone", "FID": "46", "ZONE_": "High Hazard Zone", "SHAPE_Leng": "0.071325", "SHAPE_Area": "0.000065", "aarea": "0.791149"}, "geometry": {"type": "Polygon", "coordinates": [[75.8089799999998, 11.75083000000082], [75.80868000000012, 11.7523600000004], [75.80882999999993, 11.75346999999969], [75.80964999999921, 11.75400000000083], [75.81061000000048, 11.75328000000085], [75.81133000000045, 11.75337000000039], [75.81220000000032, 11.75331999999981], [75.81349000000047, 11.75368999999951], [75.81370000000061, 11.75417999999991], [75.8138500000005, 11.75517000000038], [75.81427000000079, 11.75553000000032], [75.81454999999917, 11.75567000000045], [75.81503999999948, 11.75512999999955], [75.81555999999908, 11.75537000000076], [75.81646, 11.75530000000074], [75.81653999999979, 11.75524000000039], [75.81703999999995, 11.75496000000023], [75.81718999999974, 11.75474000000033], [75.81720999999926, 11.75482000000011], [75.8178399999997, 11.75443000000088], [75.81803000000032, 11.75389999999975], [75.81884999999968, 11.75400000000083], [75.81904000000031, 11.75433999999947], [75.81938000000082, 11.75404999999954], [75.81967000000074, 11.75317999999968], [75.81942999999954, 11.75269999999913], [75.8198599999996, 11.75240999999912], [75.82078000000004, 11.75240999999912], [75.82188999999924, 11.75279000000045], [75.82242000000046, 11.75341999999911], [75.82285000000051, 11.75424000000017], [75.82251000000001, 11.75491999999941], [75.82188999999924, 11.75548999999959], [75.82092000000007, 11.75684], [75.82034000000023, 11.75776000000045], [75.82043999999954, 11.75794999999929], [75.82115999999951, 11.75765999999928], [75.82271000000038, 11.75646000000053], [75.82303999999927, 11.75568999999997], [75.82415000000034, 11.75554000000008], [75.82415000000034, 11.75631000000064], [75.82433999999918, 11.75736999999935], [75.82539999999976, 11.75813999999991], [75.82531000000013, 11.75900999999978], [75.8248700000004, 11.75969000000079], [75.82390999999913, 11.75978000000034], [75.82271000000038, 11.76012000000085], [75.82198000000065, 11.75958999999963], [75.82260999999922, 11.75911000000086], [75.82285000000051, 11.75827000000028], [75.82106999999996, 11.75861000000079], [75.82043999999954, 11.75892000000023], [75.81960000000073, 11.75857999999972], [75.81926999999997, 11.75852999999914], [75.81890000000018, 11.75815999999944], [75.81890000000018, 11.75783000000046], [75.81907999999927, 11.75746000000076], [75.81935999999952, 11.75727999999981], [75.81987999999912, 11.75704000000038], [75.8202999999994, 11.75653000000055], [75.82039000000081, 11.75563999999939], [75.8198300000004, 11.7554600000003], [75.81960000000073, 11.75602000000072], [75.81935999999952, 11.75625000000039], [75.81862000000002, 11.75657999999927], [75.81791999999948, 11.75676000000022], [75.81745000000048, 11.75685999999952], [75.81689000000006, 11.75718000000051], [75.81657000000085, 11.75750999999948], [75.81657000000085, 11.75787999999918], [75.81652000000035, 11.75852999999914], [75.81595999999993, 11.75863000000031], [75.81511999999927, 11.75871999999985], [75.81423999999973, 11.75871999999985], [75.81358999999978, 11.75863000000031], [75.81321000000021, 11.75839000000088], [75.81233000000069, 11.7576000000008], [75.8122800000001, 11.75690000000034], [75.81219000000056, 11.75662000000009], [75.81166999999918, 11.75625000000039], [75.81143999999952, 11.75605999999967], [75.8111200000003, 11.7558300000001], [75.81064999999943, 11.75591999999964], [75.81022999999914, 11.75591999999964], [75.80971999999932, 11.75639000000042], [75.80916000000067, 11.75639000000042], [75.80854999999976, 11.75611000000026], [75.80809000000042, 11.75591999999964], [75.80733999999939, 11.75568999999997], [75.80696999999968, 11.75535999999922], [75.80673000000026, 11.75429000000075], [75.80673000000026, 11.75331000000005], [75.80710999999972, 11.75243000000042], [75.80743000000079, 11.75195999999963], [75.80784999999922, 11.75136000000017], [75.80851000000071, 11.75102999999942], [75.8089799999998, 11.75083000000082]]}}, {"type": "Feature", "properties": {"id": 47, "zone": "High Hazard Zone", "FID": "47", "ZONE_": "High Hazard Zone", "SHAPE_Leng": "0.045199", "SHAPE_Area": "0.000034", "aarea": "0.409256"}, "geometry": {"type": "Polygon", "coordinates": [[75.81850999999918, 11.76048000000079], [75.8182099999995, 11.76142000000076], [75.82000999999948, 11.76411999999981], [75.8195899999992, 11.76445000000055], [75.81832000000034, 11.76487000000084], [75.81768000000014, 11.76473000000081], [75.81603999999972, 11.76430000000076], [75.81463000000073, 11.76459000000068], [75.81335000000034, 11.76430000000076], [75.81292000000029, 11.76487000000084], [75.81342000000045, 11.76607999999944], [75.81413000000066, 11.76664999999953], [75.8154799999993, 11.76713999999993], [75.81625999999962, 11.7669999999998], [75.81761000000003, 11.76657999999951], [75.81874000000063, 11.76657999999951], [75.8195899999992, 11.76657999999951], [75.8201700000009, 11.7667500000007], [75.82050999999954, 11.76685999999976], [75.82121999999985, 11.76742999999985], [75.82079999999948, 11.76828000000019], [75.81919999999987, 11.76874999999929], [75.81883999999992, 11.76937999999972], [75.8187999999991, 11.7692399999996], [75.81862000000002, 11.76864000000023], [75.81819999999973, 11.76816999999935], [75.8176899999999, 11.76812000000063], [75.81698999999936, 11.76802999999931], [75.81618999999951, 11.76779999999965], [75.81545000000001, 11.76779999999965], [75.81480000000015, 11.76793999999968], [75.81367999999931, 11.76802999999931], [75.81270000000039, 11.76770000000034], [75.81166999999918, 11.76714999999969], [75.81134999999998, 11.7662600000003], [75.81126000000043, 11.76533000000018], [75.8113900000008, 11.7645400000001], [75.81177000000027, 11.76397999999968], [75.81199999999993, 11.76360000000021], [75.81205000000043, 11.76346000000009], [75.81222999999952, 11.76337000000055], [75.81278999999992, 11.76300000000084], [75.81344999999965, 11.76295000000026], [75.81405000000089, 11.76295000000026], [75.81488999999969, 11.76295000000026], [75.81559000000014, 11.76295000000026], [75.81618999999951, 11.76289999999976], [75.81624000000009, 11.76267000000009], [75.81657000000085, 11.76182999999942], [75.8167099999991, 11.76123000000005], [75.81754999999977, 11.7605299999996], [75.81828999999928, 11.7605299999996], [75.81850999999918, 11.76048000000079]]}}, {"type": "Feature", "properties": {"id": 48, "zone": "High Hazard Zone", "FID": "48", "ZONE_": "High Hazard Zone", "SHAPE_Leng": "0.031167", "SHAPE_Area": "0.000026", "aarea": "0.315212"}, "geometry": {"type": "Polygon", "coordinates": [[75.79990000000002, 11.76701999999932], [75.79992999999921, 11.76700999999956], [75.80057999999917, 11.76682000000072], [75.8013300000002, 11.76677000000022], [75.80178999999954, 11.76677000000022], [75.80263000000012, 11.76677000000022], [75.80337999999938, 11.76682000000072], [75.80412000000067, 11.76682000000072], [75.80464000000025, 11.76700999999956], [75.80566, 11.76737999999936], [75.80650000000058, 11.76737999999936], [75.80696999999968, 11.76775000000093], [75.80743000000079, 11.76798000000051], [75.80798999999935, 11.76816999999935], [75.80860000000025, 11.76826000000076], [75.80939000000033, 11.7684000000008], [75.81027999999972, 11.7684499999996], [75.8111200000003, 11.7684499999996], [75.81199999999993, 11.7684499999996], [75.8128400000005, 11.76864000000023], [75.81335000000034, 11.76901000000002], [75.81405000000089, 11.77008000000027], [75.81414000000042, 11.77069999999916], [75.81213999999997, 11.77033999999913], [75.81007999999926, 11.76977000000082], [75.80781000000026, 11.76991000000086], [75.80603999999947, 11.76991000000086], [75.80299000000015, 11.76892000000048], [75.80240000000046, 11.76900000000026], [75.80203000000076, 11.76893999999991], [75.80135999999949, 11.7684700000009], [75.80069000000002, 11.76800999999979], [75.80006999999934, 11.76739000000089], [75.79990000000002, 11.76701999999932]]}}, {"type": "Feature", "properties": {"id": 49, "zone": "High Hazard Zone", "FID": "49", "ZONE_": "High Hazard Zone", "SHAPE_Leng": "0.062472", "SHAPE_Area": "0.000051", "aarea": "0.623427"}, "geometry": {"type": "Polygon", "coordinates": [[75.79725999999937, 11.74227000000062], [75.79809000000027, 11.74263000000065], [75.79882999999977, 11.74288999999951], [75.7998800000005, 11.74415000000047], [75.80083000000013, 11.74537000000052], [75.80214999999949, 11.74610000000025], [75.80304000000065, 11.74647000000005], [75.80345999999916, 11.74741999999969], [75.80378000000015, 11.74820999999978], [75.80388999999921, 11.74899999999977], [75.80441000000067, 11.74973999999927], [75.80478000000038, 11.75], [75.80520000000067, 11.75], [75.80575999999931, 11.75022999999967], [75.80594000000016, 11.75056000000042], [75.80594000000016, 11.75124999999933], [75.80594000000016, 11.75204999999918], [75.80571000000059, 11.75293000000058], [75.80551999999987, 11.75353999999971], [75.80551999999987, 11.75404999999954], [75.80551999999987, 11.75475000000009], [75.80551999999987, 11.75554000000008], [75.80566, 11.75600999999918], [75.80585000000063, 11.75665999999914], [75.80589999999934, 11.75758999999926], [75.80566, 11.7582899999998], [75.80520000000067, 11.75862000000055], [75.80426000000078, 11.75862000000055], [75.80361000000083, 11.75862000000055], [75.80277000000025, 11.75862000000055], [75.80217000000087, 11.75862000000055], [75.8017, 11.75893999999967], [75.80124000000066, 11.75921999999992], [75.80082000000037, 11.75955000000067], [75.8003499999995, 11.75983000000083], [75.79965000000082, 11.76001999999968], [75.79904999999958, 11.7601599999998], [75.79844000000045, 11.76029000000017], [75.79782999999954, 11.76029000000017], [75.79709000000004, 11.76029000000017], [75.79606000000062, 11.76029000000017], [75.79541000000066, 11.76029000000017], [75.79490000000074, 11.75950000000008], [75.79472999999965, 11.75913000000038], [75.79579000000012, 11.75913000000038], [75.79687000000014, 11.75877000000035], [75.79745999999975, 11.75844999999936], [75.79802000000016, 11.75814999999967], [75.79821000000088, 11.75805000000037], [75.79903999999992, 11.75773999999915], [75.80027999999949, 11.75727999999981], [75.80135999999949, 11.75706999999966], [75.80208999999923, 11.7569100000001], [75.80296000000087, 11.75665999999914], [75.80348000000046, 11.75609000000074], [75.80352999999927, 11.75573000000079], [75.80348000000046, 11.75505999999953], [75.80348000000046, 11.7543299999998], [75.80352999999927, 11.75424999999993], [75.80348000000046, 11.75398999999929], [75.80380999999943, 11.75325999999946], [75.80405000000064, 11.75282999999941], [75.80424999999924, 11.75230000000014], [75.80438999999937, 11.75166999999962], [75.80377000000048, 11.75086999999986], [75.80308999999946, 11.75], [75.8025600000001, 11.74932000000085], [75.80149999999962, 11.74893999999951], [75.80163999999965, 11.74839000000064], [75.80131000000077, 11.74759000000088], [75.8011100000003, 11.74690999999986], [75.8002500000002, 11.74595000000046], [75.79929000000088, 11.74516000000037], [75.79913999999913, 11.74508000000059], [75.7978399999993, 11.74445999999992], [75.79768999999942, 11.74440999999933], [75.7966300000007, 11.74402000000011], [75.79580999999965, 11.74359000000005], [75.7952299999997, 11.74310999999942], [75.79601000000004, 11.74266999999961], [75.79653999999938, 11.74263000000065], [75.79701999999993, 11.74243000000027], [75.79725999999937, 11.74227000000062]]}}, {"type": "Feature", "properties": {"id": 50, "zone": "High Hazard Zone", "FID": "50", "ZONE_": "High Hazard Zone", "SHAPE_Leng": "0.059472", "SHAPE_Area": "0.000067", "aarea": "0.817642"}, "geometry": {"type": "Polygon", "coordinates": [[75.8124000000007, 11.7722400000002], [75.81213999999997, 11.77282000000013], [75.81199999999993, 11.77366000000071], [75.81185999999981, 11.77420999999959], [75.81166999999918, 11.77514999999947], [75.81163000000014, 11.77630999999926], [75.81163000000014, 11.77743000000009], [75.81120999999985, 11.77748000000068], [75.81046000000059, 11.77709999999935], [75.80957999999919, 11.77641000000043], [75.80933999999975, 11.77542999999973], [75.80916000000067, 11.77514999999947], [75.80911000000017, 11.77462999999988], [75.80905999999959, 11.77403000000051], [75.80860000000025, 11.77361000000022], [75.80757000000084, 11.77338000000055], [75.80668999999943, 11.77338000000055], [75.80589999999934, 11.77352000000068], [75.80440000000091, 11.77347000000009], [75.80371000000014, 11.77327999999947], [75.80272999999943, 11.77324000000042], [75.80230999999914, 11.7730499999998], [75.80152000000092, 11.77262999999951], [75.80082000000037, 11.77262999999951], [75.79992999999921, 11.77262999999951], [75.7990900000004, 11.77268000000001], [75.79867000000012, 11.77285999999909], [75.79802000000016, 11.77361000000022], [75.79740999999925, 11.77403000000051], [75.79726999999913, 11.77448999999975], [75.7967599999993, 11.77462999999988], [75.7960199999998, 11.77462999999988], [75.79545999999938, 11.7744500000008], [75.79499000000037, 11.77431000000067], [75.79479999999965, 11.77403000000051], [75.79476000000071, 11.77347000000009], [75.79476000000071, 11.77272000000083], [75.79476000000071, 11.77193000000084], [75.79479999999965, 11.77137000000042], [75.79507999999991, 11.77058000000034], [75.7955000000002, 11.76996999999934], [75.7955000000002, 11.76941000000079], [75.79513000000041, 11.76889999999909], [75.79442999999995, 11.76872000000001], [75.79349999999974, 11.76872000000001], [75.79261000000045, 11.76889999999909], [75.79191999999966, 11.7691400000003], [75.79161000000022, 11.76930999999971], [75.79161000000022, 11.76892000000048], [75.79161000000022, 11.76814000000016], [75.79161000000022, 11.76732000000088], [75.79162999999974, 11.76728999999981], [75.79184999999964, 11.76704000000062], [75.79191999999966, 11.76703000000086], [75.79258999999915, 11.76692999999978], [75.79335999999971, 11.76692999999978], [75.79394999999931, 11.76694999999931], [75.79455000000056, 11.76723999999923], [75.79573999999954, 11.76734000000031], [75.7965100000001, 11.76743999999961], [75.79738999999972, 11.76800999999979], [75.7979599999999, 11.76842000000032], [75.79831999999985, 11.76867999999918], [75.79858000000058, 11.7690899999998], [75.79877999999918, 11.76956000000067], [75.7990900000004, 11.77001999999992], [75.79966000000059, 11.77028000000065], [75.80023000000077, 11.77037999999995], [75.80155999999988, 11.77037999999995], [75.8027099999999, 11.77096999999956], [75.80610999999958, 11.77153999999974], [75.80745999999999, 11.77139999999962], [75.81000999999924, 11.77146999999972], [75.81199999999993, 11.77203999999981], [75.8124000000007, 11.7722400000002]]}}, {"type": "Feature", "properties": {"id": 51, "zone": "High Hazard Zone", "FID": "51", "ZONE_": "High Hazard Zone", "SHAPE_Leng": "0.011263", "SHAPE_Area": "0.000005", "aarea": "0.060629"}, "geometry": {"type": "Polygon", "coordinates": [[75.82221999999999, 11.77213999999912], [75.82221000000023, 11.77224999999996], [75.8215500000006, 11.77247999999963], [75.81997000000044, 11.77351000000091], [75.81861000000026, 11.7738399999998], [75.81828999999928, 11.77371999999919], [75.81767000000038, 11.77337000000079], [75.81769999999958, 11.77331000000053], [75.81850999999918, 11.77168999999954], [75.81854000000024, 11.77138000000009], [75.81989000000065, 11.7721899999997], [75.82186000000004, 11.77225999999972], [75.82221999999999, 11.77213999999912]]}}, {"type": "Feature", "properties": {"id": 52, "zone": "High Hazard Zone", "FID": "52", "ZONE_": "High Hazard Zone", "SHAPE_Leng": "0.088698", "SHAPE_Area": "0.000104", "aarea": "1.270307"}, "geometry": {"type": "Polygon", "coordinates": [[75.8280200000008, 11.77130000000031], [75.82868000000052, 11.77130000000031], [75.8296200000004, 11.77153999999974], [75.8299900000002, 11.77176999999941], [75.8300400000007, 11.77265000000081], [75.82985000000008, 11.77331000000053], [75.82948000000037, 11.77368000000024], [75.8291000000008, 11.77452000000082], [75.82877999999982, 11.77526000000032], [75.82840000000036, 11.77634000000032], [75.8281700000007, 11.7768899999992], [75.82718999999999, 11.77716999999937], [75.82597999999962, 11.77716999999937], [75.82495999999995, 11.77716999999937], [75.82421000000069, 11.77716999999937], [75.82356000000073, 11.77716999999937], [75.82286000000019, 11.77721999999995], [75.82224999999927, 11.77741000000057], [75.82173999999945, 11.77764000000024], [75.82099000000018, 11.77801000000003], [75.82034000000023, 11.7783899999995], [75.81993999999938, 11.7785399999993], [75.81922999999915, 11.77961999999931], [75.82040000000049, 11.77992000000086], [75.82165999999958, 11.78012999999923], [75.8224399999999, 11.78005999999912], [75.82365000000027, 11.77973999999991], [75.82500000000077, 11.77894000000015], [75.82565000000064, 11.77834000000078], [75.8265900000006, 11.77783000000086], [75.82752000000073, 11.77796999999921], [75.82807999999929, 11.77871000000049], [75.82868000000052, 11.77940999999916], [75.82882000000065, 11.78033999999937], [75.82858999999921, 11.78075999999966], [75.82793999999924, 11.78109000000041], [75.82687000000078, 11.78160000000024], [75.82597999999962, 11.78211000000007], [75.82518999999952, 11.78253000000036], [75.82425999999941, 11.78309000000078], [75.8237900000004, 11.78355999999988], [75.82322999999998, 11.78449], [75.82266999999956, 11.78561000000083], [75.82183000000076, 11.78630999999951], [75.82080999999924, 11.78686999999992], [75.82007999999949, 11.78722000000019], [75.81953000000071, 11.78764000000048], [75.81711999999972, 11.78888000000005], [75.81569999999921, 11.78960000000003], [75.8153500000008, 11.78940999999941], [75.8144699999993, 11.78934999999906], [75.81358999999978, 11.78919999999926], [75.8128199999992, 11.78858000000037], [75.81220000000032, 11.78795999999969], [75.81201999999936, 11.78782999999933], [75.81247000000072, 11.78786000000039], [75.81330999999952, 11.78814000000055], [75.81432999999927, 11.78772000000026], [75.81488999999969, 11.78693000000018], [75.81539999999951, 11.78642000000035], [75.81591999999911, 11.78617999999914], [75.81657000000085, 11.78585999999993], [75.81731000000035, 11.78566999999931], [75.81819999999973, 11.78534000000034], [75.81898999999973, 11.78511000000067], [75.81991999999994, 11.78473999999919], [75.8207199999997, 11.78455000000034], [75.82118000000081, 11.7838499999998], [75.8215500000006, 11.78314999999926], [75.82169000000064, 11.78240999999976], [75.82113000000031, 11.78133999999951], [75.8202000000001, 11.78115000000067], [75.81921999999939, 11.78115000000067], [75.81814999999915, 11.78129000000079], [75.8178100000005, 11.78130000000056], [75.81767000000038, 11.78124999999997], [75.81699999999913, 11.78119999999948], [75.81617000000008, 11.78115000000067], [75.81552999999988, 11.78109000000041], [75.81488999999969, 11.78059000000034], [75.8144200000006, 11.77966000000013], [75.8144200000006, 11.77867999999943], [75.81466000000002, 11.77802999999947], [75.81511999999927, 11.77747000000092], [75.81553999999964, 11.77722999999971], [75.81618999999951, 11.7769100000005], [75.81708000000067, 11.77657999999975], [75.8176899999999, 11.77649000000021], [75.81842999999931, 11.77635000000009], [75.81974000000085, 11.77587999999921], [75.82080999999924, 11.77564999999954], [75.82178999999994, 11.77560000000082], [75.82337000000011, 11.77570000000013], [75.82435000000082, 11.77570000000013], [75.8259300000009, 11.77476000000025], [75.82662999999957, 11.77340999999975], [75.82724000000057, 11.77253000000021], [75.8277500000004, 11.77177999999908], [75.8280200000008, 11.77130000000031]]}}, {"type": "Feature", "properties": {"id": 53, "zone": "High Hazard Zone", "FID": "53", "ZONE_": "High Hazard Zone", "SHAPE_Leng": "0.029163", "SHAPE_Area": "0.00002", "aarea": "0.248546"}, "geometry": {"type": "Polygon", "coordinates": [[75.82087999999935, 11.79307999999948], [75.81963999999968, 11.79311000000055], [75.81840999999987, 11.79332000000069], [75.81744000000072, 11.79332000000069], [75.81651000000059, 11.79298000000018], [75.81508000000031, 11.79293999999936], [75.81407000000031, 11.79234999999975], [75.81351999999967, 11.79197000000019], [75.81263000000037, 11.79138000000058], [75.81165999999942, 11.79058000000073], [75.81056999999966, 11.78997999999958], [75.80899999999924, 11.78888999999981], [75.80824000000031, 11.78782999999933], [75.80824000000031, 11.7873199999995], [75.80884999999945, 11.78770000000074], [75.80946000000036, 11.78816999999984], [75.81039000000057, 11.78852999999978], [75.81121999999961, 11.78888999999981], [75.81178999999979, 11.78898999999912], [75.81245999999918, 11.78940999999941], [75.81302999999936, 11.78934999999906], [75.81379999999992, 11.78972000000063], [75.8143700000001, 11.79012999999938], [75.81530000000022, 11.79054], [75.81586000000063, 11.79063999999921], [75.81638000000022, 11.79080000000064], [75.81682000000004, 11.79082999999993], [75.8185799999992, 11.79193999999913], [75.81855999999968, 11.79196000000043], [75.81904000000031, 11.79218000000034], [75.82080999999924, 11.79300999999938], [75.82087999999935, 11.79307999999948]]}}, {"type": "Feature", "properties": {"id": 54, "zone": "High Hazard Zone", "FID": "54", "ZONE_": "High Hazard Zone", "SHAPE_Leng": "0.143126", "SHAPE_Area": "0.000192", "aarea": "2.350457"}, "geometry": {"type": "Polygon", "coordinates": [[75.79664000000047, 11.78837999999998], [75.79672000000025, 11.78837999999998], [75.79677000000083, 11.78845999999976], [75.7971500000003, 11.78925999999952], [75.79757000000068, 11.79015000000068], [75.79802999999993, 11.79111999999985], [75.79845999999998, 11.79205000000006], [75.79879000000072, 11.79284999999982], [75.7990900000004, 11.79356999999979], [75.79931000000032, 11.7937600000005], [75.79938000000043, 11.79390000000054], [75.79981000000048, 11.79436999999964], [75.8003499999995, 11.79521000000022], [75.80095000000074, 11.79572000000005], [75.80204000000052, 11.79585000000041], [75.8029299999998, 11.79601000000006], [75.8034200000002, 11.79608000000008], [75.80380999999943, 11.79614000000034], [75.80452999999942, 11.79697999999914], [75.8049499999997, 11.79769999999921], [75.8049499999997, 11.79880000000052], [75.80491000000075, 11.79994000000078], [75.80486999999992, 11.80149999999956], [75.80486999999992, 11.80190000000042], [75.80495999999947, 11.80237999999919], [75.80502999999958, 11.80329999999955], [75.80521000000043, 11.80419000000071], [75.80512000000088, 11.80473999999959], [75.80444999999963, 11.80565999999995], [75.80398000000062, 11.80600000000046], [75.80351999999951, 11.80638000000001], [75.80327000000032, 11.80701000000045], [75.80305000000041, 11.80760000000006], [75.80244999999927, 11.80810000000022], [75.80178999999954, 11.80911999999988], [75.8013300000002, 11.81034999999978], [75.80073000000084, 11.81055999999992], [75.79997000000003, 11.81039000000051], [75.79942999999915, 11.81005000000009], [75.79861999999953, 11.80983999999986], [75.7984099999994, 11.81055999999992], [75.79811999999947, 11.81182000000079], [75.79790999999932, 11.8126300000004], [75.79736000000044, 11.81278999999996], [75.79596999999922, 11.81329999999979], [75.79452999999926, 11.81355000000076], [75.79372999999941, 11.81334000000061], [75.7929700000004, 11.81305000000069], [75.79207999999923, 11.81228999999989], [75.79133000000006, 11.8116499999996], [75.79039999999985, 11.81090000000043], [75.78972000000068, 11.8106399999997], [75.78861999999938, 11.81039000000051], [75.78781999999954, 11.81039000000051], [75.78710999999932, 11.81026000000023], [75.78638999999934, 11.80970999999958], [75.7855899999995, 11.8092899999992], [75.78473999999916, 11.80917000000046], [75.7843599999997, 11.80845000000049], [75.78427999999982, 11.80755999999932], [75.78462000000033, 11.80654999999933], [75.78576000000069, 11.80502999999951], [75.78646999999913, 11.80436000000012], [75.78685000000046, 11.80368000000088], [75.78760999999939, 11.80236999999942], [75.78829000000042, 11.80194999999913], [75.78869999999917, 11.80188000000089], [75.78918999999946, 11.80177999999981], [75.78945999999996, 11.80102000000079], [75.78945999999996, 11.80025000000023], [75.79001000000062, 11.79946000000015], [75.79019999999946, 11.79927999999929], [75.7903100000003, 11.79917999999998], [75.7903100000003, 11.7988800000003], [75.79047999999962, 11.79875999999969], [75.79039999999985, 11.79821000000081], [75.78993000000084, 11.79803999999972], [75.78954999999951, 11.79803999999972], [75.78895999999989, 11.79832999999964], [75.78820000000087, 11.7988800000003], [75.78787000000013, 11.79925999999976], [75.7875299999996, 11.80002000000056], [75.78715000000014, 11.8006999999998], [75.78694, 11.80157999999934], [75.7865999999995, 11.80250999999955], [75.78621999999993, 11.80319000000057], [75.78584000000046, 11.80415999999965], [75.78542000000017, 11.80479000000017], [75.78478999999975, 11.80516999999964], [75.78393999999932, 11.80516999999964], [75.78339000000052, 11.80458000000003], [75.7827600000001, 11.80433000000084], [75.78220999999944, 11.80433000000084], [75.78170999999928, 11.80433000000084], [75.7811099999999, 11.80433000000084], [75.7805200000003, 11.80423999999952], [75.77983999999927, 11.80338999999909], [75.78005999999918, 11.8030600000002], [75.78047999999947, 11.80276000000052], [75.7809899999993, 11.80250999999955], [75.78145000000042, 11.8024700000005], [75.78196000000024, 11.8024700000005], [75.78246000000031, 11.80255000000037], [75.7831000000006, 11.80322999999953], [75.78339000000052, 11.80357000000004], [75.78403000000073, 11.80357000000004], [75.78456999999983, 11.80309999999916], [75.7847000000002, 11.80268000000065], [75.78499999999988, 11.80221999999954], [75.78499999999988, 11.80162999999992], [75.78507999999967, 11.80107999999927], [75.78525000000086, 11.80061000000026], [75.78554000000078, 11.80005999999961], [75.78584000000046, 11.79984999999946], [75.78608999999958, 11.7992200000008], [75.78621999999993, 11.79859000000037], [75.78651999999963, 11.79795000000009], [75.78677000000059, 11.79736000000047], [75.7875299999996, 11.79656000000072], [75.78837000000019, 11.79617999999939], [75.78879000000047, 11.7962700000007], [75.78964000000092, 11.79630999999975], [75.79052000000044, 11.79630999999975], [75.79124000000051, 11.79681999999958], [75.79145000000065, 11.79736000000047], [75.79169999999976, 11.79769999999921], [75.79169999999976, 11.79850000000083], [75.79161999999998, 11.79909000000044], [75.79148999999961, 11.79939000000013], [75.79106999999932, 11.79963999999923], [75.79078999999908, 11.7999600000003], [75.79085999999918, 11.80021999999917], [75.79106999999932, 11.80076999999982], [75.79103000000028, 11.80153000000062], [75.79060999999999, 11.80217000000082], [75.79002000000038, 11.80266999999911], [75.78981000000023, 11.80313999999998], [75.78954999999951, 11.80380999999947], [75.78938000000018, 11.80440000000085], [75.78938000000018, 11.8050800000001], [75.78951000000055, 11.80550000000039], [75.79023000000052, 11.80563000000075], [75.79133000000006, 11.80563000000075], [75.79233999999995, 11.80563000000075], [75.79289000000061, 11.80563000000075], [75.79334999999995, 11.80571000000053], [75.79348000000032, 11.80609], [75.79369000000045, 11.80659999999992], [75.7939000000006, 11.80688999999984], [75.7941499999997, 11.80777999999914], [75.79457, 11.80819999999952], [75.79521000000018, 11.80840999999966], [75.79558999999975, 11.80837000000062], [75.79592000000049, 11.80798999999937], [75.79608999999981, 11.80709999999999], [75.79622000000018, 11.80574999999958], [75.79622000000018, 11.80499000000055], [75.79643000000033, 11.80452999999944], [75.79656000000068, 11.80390000000078], [75.79673000000001, 11.80342999999991], [75.79723000000017, 11.80326000000059], [75.79795000000014, 11.80313999999998], [75.7985000000008, 11.80318000000081], [75.79891999999931, 11.80377000000042], [75.79891999999931, 11.80422999999976], [75.79930000000056, 11.80440000000085], [75.79975999999989, 11.80449000000048], [75.80047999999987, 11.8044399999999], [75.80127999999971, 11.8044399999999], [75.80191999999991, 11.8044399999999], [75.80237999999916, 11.80422999999976], [75.80276000000049, 11.80368000000088], [75.80279999999945, 11.80305000000044], [75.80279999999945, 11.80220999999986], [75.8025899999993, 11.80106999999951], [75.80217000000087, 11.80044000000085], [75.80178999999954, 11.80013999999939], [75.80162000000023, 11.79959000000051], [75.80162000000023, 11.79891999999925], [75.80165999999917, 11.79866000000039], [75.8017, 11.7982400000001], [75.80178999999954, 11.79786000000054], [75.80165999999917, 11.79723000000011], [75.80127999999971, 11.7968899999996], [75.80056999999941, 11.79654999999909], [75.80002000000061, 11.79643000000035], [75.79981000000048, 11.79601000000006], [75.79942999999915, 11.79558000000001], [75.79867000000012, 11.7954100000006], [75.79790999999932, 11.79473999999934], [75.79739999999948, 11.7942800000001], [75.79685000000062, 11.79385000000005], [75.79629999999996, 11.79318000000056], [75.79613000000063, 11.79276000000027], [75.79607000000028, 11.79234999999975], [75.79613000000063, 11.79168000000027], [75.79609999999957, 11.79152000000071], [75.79592000000049, 11.79067000000028], [75.79559999999951, 11.78997999999958], [75.79571000000034, 11.7893100000001], [75.79601000000004, 11.78862999999908], [75.79664000000047, 11.78837999999998]]}}, {"type": "Feature", "properties": {"id": 55, "zone": "High Hazard Zone", "FID": "55", "ZONE_": "High Hazard Zone", "SHAPE_Leng": "0.047288", "SHAPE_Area": "0.000052", "aarea": "0.63276"}, "geometry": {"type": "Polygon", "coordinates": [[75.80760999999988, 11.79444999999942], [75.80798999999935, 11.79462000000061], [75.80858000000082, 11.79483000000075], [75.80959000000072, 11.79513000000044], [75.81002000000078, 11.79558999999968], [75.81005999999982, 11.7962700000007], [75.8099644031524, 11.79657885135178], [75.80992999999945, 11.79668999999922], [75.80954999999999, 11.79710999999951], [75.80917000000044, 11.79745000000002], [75.8087899999991, 11.79782999999948], [75.80840999999964, 11.79816999999999], [75.80816000000053, 11.79859000000037], [75.80795000000039, 11.79904999999962], [75.80769999999941, 11.79960000000027], [75.80739999999973, 11.79984999999946], [75.80697999999936, 11.8001100000001], [75.8067699999992, 11.80066000000076], [75.80671000000073, 11.80080000000088], [75.80659000000013, 11.80054000000015], [75.80596999999945, 11.79968999999981], [75.80561999999918, 11.79860000000004], [75.80564000000048, 11.79857000000085], [75.80563000000072, 11.79854999999955], [75.80563000000072, 11.79779000000052], [75.80563000000072, 11.79710999999951], [75.80566999999976, 11.79651999999989], [75.80596999999945, 11.79596999999924], [75.80596999999945, 11.79537999999954], [75.80587999999992, 11.79495999999925], [75.80550000000035, 11.79444999999942], [75.80449000000046, 11.79436999999964], [75.80318000000078, 11.79436999999964], [75.80204000000052, 11.79471000000015], [75.80127999999971, 11.79471000000015], [75.80061000000023, 11.79444999999942], [75.80026999999973, 11.79390000000054], [75.80018999999994, 11.79284999999982], [75.80003000000029, 11.79245000000083], [75.79999999999923, 11.79245000000083], [75.80004999999981, 11.79267000000073], [75.80002000000061, 11.79263999999967], [75.79925999999982, 11.79149999999932], [75.79853999999976, 11.79036000000092], [75.79757000000068, 11.78872000000049], [75.79731999999971, 11.78728000000045], [75.79757000000068, 11.78673999999956], [75.79832999999961, 11.78678000000038], [75.79912999999945, 11.78723999999963], [75.79960000000024, 11.78811999999925], [75.79960000000024, 11.78883999999923], [75.79981000000048, 11.78960000000003], [75.79997000000003, 11.79048999999942], [75.80023000000077, 11.79125000000021], [75.80069000000002, 11.79137000000082], [75.80116000000089, 11.79137000000082], [75.8019999999997, 11.79108000000089], [75.80300999999959, 11.79116000000067], [75.80390000000075, 11.79116000000067], [75.80486999999992, 11.79116000000067], [75.80609000000005, 11.79116000000067], [75.80688999999981, 11.79125000000021], [75.80748999999928, 11.79154000000014], [75.8081700000002, 11.79171999999922], [75.80832999999986, 11.79183999999983], [75.80854, 11.7921399999996], [75.80854, 11.79221999999938], [75.80854, 11.79255000000013], [75.80846000000022, 11.79298000000018], [75.80803000000017, 11.79356999999979], [75.8076500000006, 11.79415999999949], [75.80760999999988, 11.79444999999942]]}}, {"type": "Feature", "properties": {"id": 56, "zone": "High Hazard Zone", "FID": "56", "ZONE_": "High Hazard Zone", "SHAPE_Leng": "0.036376", "SHAPE_Area": "0.000045", "aarea": "0.547188"}, "geometry": {"type": "Polygon", "coordinates": [[75.81111000000054, 11.80185999999959], [75.81076000000027, 11.80254000000061], [75.80990999999993, 11.80414000000021], [75.80767999999989, 11.80528000000048], [75.80659000000013, 11.80528000000048], [75.80698999999912, 11.80357000000004], [75.80722000000056, 11.80191000000018], [75.80708000000052, 11.8016100000004], [75.8071899999995, 11.80128999999942], [75.80757000000084, 11.80098999999973], [75.80803000000017, 11.80077999999958], [75.80840999999964, 11.80074000000063], [75.8087899999991, 11.80074000000063], [75.80888000000051, 11.80103000000055], [75.80917000000044, 11.80154000000038], [75.80950999999916, 11.80154000000038], [75.80950999999916, 11.80133000000024], [75.80963999999953, 11.80103000000055], [75.80968000000027, 11.80048999999966], [75.81002000000078, 11.80014999999915], [75.81005999999982, 11.79981000000042], [75.81019999999985, 11.7993499999993], [75.81048000000011, 11.79917999999998], [75.81124000000091, 11.79830000000036], [75.81185027027034, 11.79784229729786], [75.81192000000006, 11.79779000000052], [75.81255000000058, 11.79745000000002], [75.81321999999997, 11.79699000000077], [75.81407000000031, 11.79660999999944], [75.81494999999994, 11.79630999999975], [75.8155000000006, 11.79606000000056], [75.81601000000043, 11.79606000000056], [75.8169799999996, 11.79651999999989], [75.81739999999989, 11.79707000000055], [75.81777999999944, 11.79841999999918], [75.81777999999944, 11.80014999999915], [75.81777999999944, 11.80097999999997], [75.81755999999953, 11.80099999999949], [75.81646999999977, 11.80140000000026], [75.81470000000084, 11.8014600000006], [75.81309999999938, 11.8014600000006], [75.81287999999947, 11.80042999999931], [75.81168000000072, 11.80099999999949], [75.81111000000054, 11.80185999999959]]}}, {"type": "Feature", "properties": {"id": 57, "zone": "High Hazard Zone", "FID": "57", "ZONE_": "High Hazard Zone", "SHAPE_Leng": "0.036044", "SHAPE_Area": "0.000029", "aarea": "0.353557"}, "geometry": {"type": "Polygon", "coordinates": [[75.82129999999964, 11.82488000000011], [75.82090000000065, 11.82500000000071], [75.82061000000063, 11.82567999999996], [75.82061000000063, 11.82644000000075], [75.82082000000086, 11.82724000000051], [75.82094999999936, 11.82790999999999], [75.82094999999936, 11.82870999999975], [75.82043999999954, 11.82918000000062], [75.82010000000079, 11.82905000000026], [75.8199299999997, 11.82812000000014], [75.8199299999997, 11.8274899999997], [75.81987999999912, 11.82703000000037], [75.8194399999993, 11.82703000000037], [75.81918000000044, 11.8266800000001], [75.81864999999922, 11.82646000000019], [75.81833999999976, 11.8259199999993], [75.81819999999973, 11.82541999999923], [75.81819999999973, 11.82503999999976], [75.81840999999987, 11.82500000000071], [75.81870999999957, 11.82503999999976], [75.81873000000087, 11.82510999999978], [75.81874000000063, 11.8251500000006], [75.8188200000004, 11.82550000000087], [75.81936999999928, 11.82553999999983], [75.8196599999992, 11.82498999999918], [75.81989000000065, 11.82418999999933], [75.82001999999925, 11.82377000000091], [75.82064999999967, 11.82327000000075], [75.82094999999936, 11.8228899999995], [75.82131999999906, 11.82272000000009], [75.82207999999996, 11.82234000000063], [75.82251000000001, 11.82203999999907], [75.82330999999976, 11.82200000000012], [75.82373000000005, 11.82216999999944], [75.82473000000029, 11.8230399999993], [75.82503999999973, 11.82322999999992], [75.82516000000034, 11.8238999999994], [75.82516000000034, 11.82471000000079], [75.82570999999912, 11.82541999999923], [75.82583999999949, 11.82580000000056], [75.82596999999986, 11.82644000000075], [75.82609000000045, 11.82706999999932], [75.82609000000045, 11.82759000000078], [75.82617000000023, 11.82784999999965], [75.8262799999993, 11.82785999999941], [75.8263000000006, 11.82836999999924], [75.82632000000012, 11.82907999999954], [75.82586000000087, 11.82991000000036], [75.82530000000045, 11.82998000000047], [75.82508000000055, 11.83014999999979], [75.82476999999923, 11.83040000000076], [75.82469999999923, 11.83035999999993], [75.82445000000003, 11.83006000000025], [75.82445000000003, 11.82917000000086], [75.82439999999953, 11.82819999999992], [75.82380999999984, 11.82753000000044], [75.82335000000059, 11.82663999999927], [75.8230500000009, 11.82570999999915], [75.82272000000015, 11.82495000000013], [75.82221000000023, 11.82440999999924], [75.82183000000076, 11.82445000000006], [75.82149000000025, 11.82452999999984], [75.82129999999964, 11.82488000000011]]}}, {"type": "Feature", "properties": {"id": 58, "zone": "High Hazard Zone", "FID": "58", "ZONE_": "High Hazard Zone", "SHAPE_Leng": "0.029915", "SHAPE_Area": "0.000025", "aarea": "0.303208"}, "geometry": {"type": "Polygon", "coordinates": [[75.80976000000014, 11.82234000000063], [75.81026999999996, 11.82344000000016], [75.8107799999998, 11.82394999999999], [75.81111000000054, 11.82402999999977], [75.81136999999941, 11.82386000000045], [75.81144999999928, 11.82360999999948], [75.81136999999941, 11.82314000000038], [75.81120000000008, 11.82264000000031], [75.81106999999972, 11.82171000000019], [75.81106999999972, 11.82112000000049], [75.81144999999928, 11.82049000000006], [75.81221000000008, 11.82035999999969], [75.81297000000087, 11.82035999999969], [75.81369000000085, 11.82053000000088], [75.81428000000055, 11.82107999999967], [75.81452999999965, 11.82200999999988], [75.81441000000083, 11.82280999999963], [75.81432999999927, 11.82287999999974], [75.8149599999997, 11.82337999999981], [75.81526999999916, 11.82399000000081], [75.81542000000081, 11.82452000000008], [75.81560999999967, 11.82519999999932], [75.8161400000008, 11.82596000000012], [75.81624999999985, 11.82641999999946], [75.81632999999964, 11.82740000000016], [75.81607000000078, 11.8272699999998], [75.8153299999994, 11.82646999999995], [75.81508000000031, 11.82550000000087], [75.81470000000084, 11.82449000000088], [75.81418999999914, 11.82407000000059], [75.81389999999922, 11.82436000000052], [75.81377000000063, 11.82495000000013], [75.81335000000034, 11.82532999999968], [75.81288999999923, 11.82570999999915], [75.81221000000008, 11.82604999999966], [75.81149, 11.82622000000085], [75.81085999999958, 11.82622000000085], [75.81010000000065, 11.82618000000003], [75.80938000000057, 11.82567000000019], [75.80904999999983, 11.82487000000035], [75.80896000000028, 11.82418999999933], [75.80896000000028, 11.82356000000076], [75.8093000000008, 11.82296999999928], [75.80976000000014, 11.82234000000063]]}}, {"type": "Feature", "properties": {"id": 59, "zone": "High Hazard Zone", "FID": "59", "ZONE_": "High Hazard Zone", "SHAPE_Leng": "0.008537", "SHAPE_Area": "0.000004", "aarea": "0.050134"}, "geometry": {"type": "Polygon", "coordinates": [[75.82034999999999, 11.85347999999976], [75.82030999999917, 11.85403000000041], [75.82043999999954, 11.85453000000048], [75.82082000000086, 11.8550400000004], [75.82090535714302, 11.85521071428542], [75.82106999999996, 11.85554000000047], [75.82106999999996, 11.85613999999984], [75.82099000000018, 11.8565199999994], [75.82064999999967, 11.85668000000074], [75.82010000000079, 11.85656000000013], [75.81981000000087, 11.85621999999962], [75.81947000000036, 11.85570999999979], [75.81917000000068, 11.85515999999914], [75.81917000000068, 11.85453000000048], [75.81921999999939, 11.85406999999937], [75.81947000000036, 11.85376999999968], [75.81981000000087, 11.85347999999976], [75.8202700000002, 11.85326999999961], [75.82034999999999, 11.85347999999976]]}}, {"type": "Feature", "properties": {"id": 60, "zone": "High Hazard Zone", "FID": "60", "ZONE_": "High Hazard Zone", "SHAPE_Leng": "0.051707", "SHAPE_Area": "0.00006", "aarea": "0.729491"}, "geometry": {"type": "Polygon", "coordinates": [[75.81955999999991, 11.74735999999935], [75.81905000000008, 11.74747000000028], [75.81814999999915, 11.74747000000028], [75.81762999999955, 11.74741999999969], [75.81731000000035, 11.74668000000019], [75.81699999999913, 11.74573000000055], [75.81683999999947, 11.74488999999997], [75.8166799999999, 11.74415000000047], [75.81652000000035, 11.74383999999916], [75.81646999999977, 11.74304999999916], [75.8163600000007, 11.74284000000079], [75.81588999999983, 11.74267999999937], [75.81488999999969, 11.74267999999937], [75.81430999999975, 11.74342000000073], [75.8136300000006, 11.74458000000052], [75.81288999999923, 11.74520999999909], [75.81230999999939, 11.74595000000046], [75.81230999999939, 11.74647000000005], [75.81209999999923, 11.7469999999994], [75.81156999999988, 11.74726000000013], [75.81110000000078, 11.74762999999984], [75.8106299999999, 11.74799999999963], [75.80993999999922, 11.74836999999934], [75.80889000000028, 11.7488900000008], [75.80798999999935, 11.74930999999922], [75.8072599999996, 11.74963000000029], [75.80678000000084, 11.74963000000029], [75.80646999999952, 11.74894999999928], [75.80609999999982, 11.74768000000042], [75.80582999999933, 11.74695000000068], [75.80551999999987, 11.74599999999917], [75.80520000000067, 11.74510000000011], [75.8048299999991, 11.74431000000003], [75.8046799999993, 11.74379000000044], [75.80436000000009, 11.7433099999998], [75.80404000000088, 11.74288999999951], [75.8033500000001, 11.74251999999981], [75.80522000000019, 11.74226000000085], [75.80678000000084, 11.74246999999922], [75.80683999999931, 11.74246999999922], [75.80767999999989, 11.74246999999922], [75.80840999999964, 11.74284000000079], [75.80877999999943, 11.74346999999945], [75.80925999999998, 11.74437000000038], [75.80956999999943, 11.74488999999997], [75.81084000000014, 11.74473000000032], [75.81093999999936, 11.74462999999924], [75.81147000000058, 11.74388999999974], [75.81178000000003, 11.74309999999966], [75.81251999999952, 11.74184000000056], [75.81305000000066, 11.74093999999964], [75.8140000000003, 11.74121000000013], [75.81530999999998, 11.74136000000002], [75.81625999999962, 11.74136000000002], [75.81741999999942, 11.74179000000007], [75.81804999999984, 11.74221000000036], [75.81883999999992, 11.7429400000001], [75.8193100000008, 11.74425999999945], [75.8193100000008, 11.74567999999996], [75.81951999999909, 11.74704999999999], [75.81955999999991, 11.74735999999935]]}}, {"type": "Feature", "properties": {"id": 61, "zone": "High Hazard Zone", "FID": "61", "ZONE_": "High Hazard Zone", "SHAPE_Leng": "0.01992", "SHAPE_Area": "0.00001", "aarea": "0.126593"}, "geometry": {"type": "Polygon", "coordinates": [[75.85607999999955, 11.72769999999946], [75.85591000000024, 11.72774000000028], [75.8554299999996, 11.72774000000028], [75.85469999999987, 11.72805999999949], [75.85400999999908, 11.72868999999993], [75.85347999999972, 11.72938000000071], [75.8528499999993, 11.72995000000079], [75.85243000000087, 11.7306399999998], [75.85211999999956, 11.7310099999995], [75.8515900000002, 11.73116999999915], [75.85101000000034, 11.73127000000023], [75.85063000000079, 11.73128999999976], [75.8513199999998, 11.73041000000013], [75.8515900000002, 11.72986999999924], [75.85180000000034, 11.72933000000012], [75.85234999999922, 11.72863999999934], [75.85376999999974, 11.72765000000074], [75.85424000000062, 11.72709000000032], [75.85453000000054, 11.72650000000071], [75.85521999999945, 11.72597999999925], [75.85598000000026, 11.72522000000023], [75.85634000000029, 11.72502999999961], [75.8569000000007, 11.72506000000067], [75.8575199999996, 11.7254200000007], [75.85755000000066, 11.72580999999993], [75.85744999999949, 11.72608000000033], [75.85713000000037, 11.72623999999998], [75.85676000000058, 11.72631], [75.85636999999949, 11.72659999999993], [75.85611000000061, 11.72702999999998], [75.85606999999979, 11.72748999999931], [75.85607999999955, 11.72769999999946]]}}, {"type": "Feature", "properties": {"id": 62, "zone": "High Hazard Zone", "FID": "62", "ZONE_": "High Hazard Zone", "SHAPE_Leng": "0.070651", "SHAPE_Area": "0.000082", "aarea": "0.996981"}, "geometry": {"type": "Polygon", "coordinates": [[75.85843999999996, 11.71637999999987], [75.85845999999948, 11.71660999999953], [75.85845999999948, 11.71703999999959], [75.8585000000003, 11.71722000000045], [75.85858000000009, 11.71718999999938], [75.85858999999985, 11.71743000000059], [75.8585000000003, 11.71752999999989], [75.85780999999952, 11.71822000000067], [75.8567800000001, 11.71861999999966], [75.8557400000009, 11.71833999999941], [75.85517000000074, 11.71736000000057], [75.8548800000008, 11.71637999999987], [75.85435999999935, 11.71512000000077], [75.85431000000064, 11.71449000000034], [75.85441999999969, 11.71397000000066], [75.85425000000029, 11.71350999999954], [75.8537300000007, 11.71298999999995], [75.85349999999924, 11.71241999999986], [75.85322000000086, 11.71162000000002], [75.85292999999908, 11.71087000000076], [75.8523999999998, 11.70874000000002], [75.8519300000007, 11.7076899999993], [75.85179000000058, 11.7076899999993], [75.85160999999972, 11.70724999999949], [75.85138000000005, 11.70695999999956], [75.85097999999928, 11.70695999999956], [75.85039999999935, 11.70695999999956], [75.8494200000005, 11.70718999999914], [75.84854000000088, 11.70787999999992], [75.84850999999982, 11.70787999999992], [75.84805000000048, 11.70787999999992], [75.84725000000073, 11.70773000000012], [75.8471100000006, 11.70744000000011], [75.84706999999977, 11.70735000000057], [75.8471100000006, 11.70729000000031], [75.84742999999982, 11.70677000000072], [75.84809999999929, 11.70641000000068], [75.84886000000009, 11.7055999999993], [75.85016999999968, 11.70501999999945], [75.85083999999917, 11.70393999999944], [75.85132999999946, 11.70309000000088], [75.85231999999993, 11.70227999999949], [75.85281000000033, 11.70269000000011], [75.8532599999999, 11.7041200000003], [75.85344000000077, 11.70525000000089], [75.85348999999948, 11.70691000000075], [75.85416000000075, 11.70780000000014], [75.85447000000019, 11.70800000000052], [75.85493999999929, 11.70934999999916], [75.8553300000003, 11.71053000000025], [75.85539000000064, 11.71049999999919], [75.85541999999984, 11.7106899999999], [75.85640000000055, 11.71025000000008], [75.85684000000036, 11.70970999999919], [75.8567800000001, 11.70886000000063], [75.85654000000066, 11.70739999999929], [75.85582000000069, 11.70603999999911], [75.85585999999965, 11.70447000000057], [75.85544999999912, 11.70341999999985], [75.85627000000026, 11.70267000000059], [75.85758999999962, 11.70325000000044], [75.85814000000028, 11.7039999999997], [75.85966000000009, 11.70521999999983], [75.86023999999995, 11.70583000000074], [75.8609899999992, 11.70592000000038], [75.86115000000063, 11.70607999999994], [75.86131000000019, 11.70662000000083], [75.86131000000019, 11.70731999999951], [75.86115000000063, 11.70838999999975], [75.86072000000058, 11.70952000000035], [75.86088000000014, 11.71047999999975], [75.86066000000032, 11.71124000000055], [75.86002000000003, 11.7116700000006], [75.85947999999914, 11.71219999999996], [75.85872999999988, 11.7125099999994], [75.85867999999938, 11.7125300000007], [75.85808999999969, 11.7125300000007], [75.85759999999938, 11.71257999999942], [75.85691000000047, 11.71278999999957], [75.85642000000007, 11.71321999999962], [75.85593999999944, 11.71380999999932], [75.85589000000071, 11.71440000000071], [75.85589000000071, 11.71548000000072], [75.8559700000005, 11.71622999999998], [75.85599000000002, 11.71638999999963], [75.85669000000055, 11.71697999999924], [75.85671999999975, 11.71697999999924], [75.85675000000082, 11.7170100000003], [75.8568300000006, 11.71697999999924], [75.85738999999923, 11.71697999999924], [75.85776000000081, 11.71663000000083], [75.85843999999996, 11.71637999999987]]}}, {"type": "Feature", "properties": {"id": 63, "zone": "High Hazard Zone", "FID": "63", "ZONE_": "High Hazard Zone", "SHAPE_Leng": "0.125243", "SHAPE_Area": "0.000105", "aarea": "1.285987"}, "geometry": {"type": "Polygon", "coordinates": [[75.86177999999929, 11.7224700000006], [75.86109000000037, 11.72257999999967], [75.86057000000078, 11.72257999999967], [75.85958999999998, 11.72257999999967], [75.8585000000003, 11.72251999999932], [75.85747000000079, 11.72212000000033], [75.85747000000079, 11.72132000000057], [75.85757999999986, 11.72049999999943], [75.85666999999926, 11.7207299999991], [75.85575000000058, 11.72107999999937], [75.85572999999928, 11.72048999999967], [75.85627999999994, 11.72000999999912], [75.85707000000002, 11.71938000000046], [75.85832999999911, 11.71875000000003], [75.85860999999927, 11.71867999999992], [75.85936000000041, 11.71867999999992], [75.85999000000083, 11.7185100000006], [75.86014000000073, 11.71827999999915], [75.86014114285862, 11.71827999999915], [75.8601500000004, 11.71827999999915], [75.8601500000004, 11.71826999999939], [75.86022000000051, 11.71816000000033], [75.86039999999959, 11.71793000000075], [75.8607400000001, 11.7176500000005], [75.86090999999942, 11.71730000000023], [75.8608600000007, 11.71689999999946], [75.86039999999959, 11.71637999999987], [75.86039999999959, 11.71628000000056], [75.86154999999962, 11.71569000000086], [75.86287000000084, 11.71517999999925], [75.86390000000026, 11.71397000000066], [75.8648200000007, 11.71363000000024], [75.86626000000066, 11.71321999999962], [75.86636999999972, 11.7130500000003], [75.86729000000017, 11.71225000000045], [75.8688399999992, 11.71207999999935], [75.87004999999957, 11.71202000000087], [75.87074000000025, 11.71202000000087], [75.87176999999977, 11.71202000000087], [75.87228999999937, 11.71202000000087], [75.87228999999937, 11.71148999999965], [75.87246000000046, 11.71143999999916], [75.87269000000013, 11.7108100000005], [75.87275000000048, 11.71034999999939], [75.87275000000048, 11.70977999999921], [75.87262999999987, 11.70891999999911], [75.8724000000002, 11.70787999999992], [75.87234999999961, 11.7068500000005], [75.87189000000038, 11.70586999999979], [75.87189000000038, 11.70542999999998], [75.87212000000004, 11.70489000000086], [75.87212000000004, 11.70351999999915], [75.87160000000036, 11.70340000000033], [75.87074000000025, 11.70340000000033], [75.86965000000058, 11.70340000000033], [75.86895999999979, 11.70391999999992], [75.86850000000045, 11.7044900000001], [75.8683199999996, 11.70506999999995], [75.86786000000026, 11.70564000000012], [75.8674599999995, 11.70580999999945], [75.86700000000016, 11.7063300000009], [75.8665999999994, 11.7068500000005], [75.86626000000066, 11.70724999999949], [75.86544999999937, 11.70753999999941], [75.86476000000036, 11.70781999999966], [75.86425000000052, 11.70804999999924], [75.86372999999917, 11.70851000000036], [75.86372999999917, 11.70915000000055], [75.86372999999917, 11.70982999999979], [75.86372999999917, 11.71052000000057], [75.86372999999917, 11.71116000000077], [75.86378999999941, 11.71178999999934], [75.86367000000068, 11.71248000000012], [75.86281000000058, 11.7131700000009], [75.86211999999979, 11.71373999999921], [75.86103000000003, 11.71373999999921], [75.86054999999939, 11.71356999999989], [75.86066000000032, 11.71333000000046], [75.86090999999942, 11.71306000000006], [75.86115000000063, 11.71278999999957], [75.86146999999984, 11.71219999999996], [75.86189999999989, 11.7116700000006], [75.86227999999936, 11.71133999999985], [75.86254000000008, 11.71065000000094], [75.86254000000008, 11.70999999999912], [75.86238000000053, 11.70924999999986], [75.86205999999945, 11.70905999999923], [75.86205999999945, 11.70897999999945], [75.86205999999945, 11.70828000000078], [75.86205999999945, 11.70780000000014], [75.86205999999945, 11.70731999999951], [75.86211000000003, 11.70662000000083], [75.86222000000087, 11.70614000000019], [75.86227999999936, 11.70607999999994], [75.86354000000031, 11.7062399999995], [75.86554000000068, 11.70538999999916], [75.86575000000083, 11.70447000000057], [75.86587999999942, 11.70369000000025], [75.86626000000066, 11.70327999999972], [75.86650000000009, 11.70298000000003], [75.86755000000082, 11.7024999999994], [75.8685399999995, 11.70205999999959], [75.8694500000001, 11.70218999999995], [75.87037000000055, 11.70196000000028], [75.87108000000076, 11.70161999999986], [75.87231000000067, 11.70120999999924], [75.87312000000018, 11.70118000000005], [75.87397000000053, 11.70134999999937], [75.87455000000045, 11.70168999999988], [75.87508999999957, 11.70203000000039], [75.87507999999981, 11.70207999999911], [75.87527000000044, 11.70276000000013], [75.87530999999949, 11.70566999999941], [75.87524999999914, 11.70594999999957], [75.87475000000084, 11.70744000000011], [75.8743900000009, 11.70822000000043], [75.87433000000055, 11.70900000000075], [75.87469000000058, 11.70977999999921], [75.87516999999936, 11.71103000000041], [75.87556000000045, 11.71222999999915], [75.87557000000012, 11.7124100000001], [75.87553999999906, 11.71242999999962], [75.87435999999984, 11.71248000000012], [75.87334000000008, 11.71248000000012], [75.87155999999962, 11.71248000000012], [75.8697900000006, 11.71318000000066], [75.86839999999938, 11.71365999999943], [75.86657000000011, 11.7146799999991], [75.8647999999994, 11.7157599999991], [75.86441999999985, 11.71618999999916], [75.86377999999965, 11.71730999999999], [75.8633499999996, 11.71807000000079], [75.86270999999941, 11.71859000000038], [75.86256999999928, 11.71859000000038], [75.86212999999955, 11.71930000000068], [75.86054999999939, 11.71930000000068], [75.85888999999953, 11.71985999999923], [75.85887999999977, 11.71985999999923], [75.85867999999938, 11.72032000000035], [75.85867999999938, 11.72081000000074], [75.85915999999993, 11.72106999999961], [75.85990999999919, 11.72106999999961], [75.8609899999992, 11.72102000000089], [75.86195000000048, 11.72091000000005], [75.86244000000079, 11.72091000000005], [75.86324000000063, 11.72091000000005], [75.86410000000073, 11.72047999999999], [75.8644800000002, 11.71961999999989], [75.8644800000002, 11.71882000000005], [75.8644800000002, 11.71875999999979], [75.86464999999951, 11.7192500000001], [75.86492999999977, 11.71994000000088], [75.86515999999935, 11.72027999999952], [75.86515999999935, 11.72119999999997], [75.86515999999935, 11.7216100000005], [75.8648200000007, 11.72189000000075], [75.86343999999914, 11.72235], [75.8629799999999, 11.72241000000034], [75.86234999999947, 11.72241000000034], [75.86177999999929, 11.7224700000006]]}}, {"type": "Feature", "properties": {"id": 64, "zone": "High Hazard Zone", "FID": "64", "ZONE_": "High Hazard Zone", "SHAPE_Leng": "0.048657", "SHAPE_Area": "0.000072", "aarea": "0.880072"}, "geometry": {"type": "Polygon", "coordinates": [[75.88188000000085, 11.69930999999996], [75.88170999999967, 11.70024000000008], [75.88170999999967, 11.70081000000025], [75.88170999999967, 11.70144000000069], [75.88170999999967, 11.70206999999935], [75.88170999999967, 11.70253000000046], [75.88131000000068, 11.70362000000023], [75.88090000000015, 11.70465999999942], [75.88049999999929, 11.70569000000071], [75.88049999999929, 11.70666999999955], [75.8818200000005, 11.70781999999966], [75.88342999999988, 11.70867999999977], [75.88486999999982, 11.7093100000002], [75.88579000000027, 11.70999999999912], [75.88665000000037, 11.71058000000083], [75.88728000000081, 11.71114999999914], [75.88803000000007, 11.71155], [75.88813999999914, 11.71235999999952], [75.88790999999947, 11.71292999999969], [75.88728000000081, 11.71315999999936], [75.8863000000001, 11.71315999999936], [75.88566999999966, 11.71344999999929], [75.88486999999982, 11.71430999999939], [75.88428999999998, 11.71459999999932], [75.88417999999913, 11.71516999999949], [75.88342999999988, 11.71551999999976], [75.88256999999977, 11.71551999999976], [75.88193999999933, 11.71569000000086], [75.88164999999933, 11.71621000000054], [75.88164999999933, 11.71694999999995], [75.88165999999909, 11.71706000000088], [75.88149999999952, 11.71699000000078], [75.88047999999976, 11.71682999999935], [75.87999999999923, 11.71623999999974], [75.87903000000006, 11.7155399999992], [75.87871000000085, 11.71484000000052], [75.8782800000008, 11.71414999999983], [75.87817999999972, 11.71336999999951], [75.87895000000027, 11.71308999999926], [75.87930000000054, 11.71277999999981], [75.87958000000071, 11.71221999999939], [75.87958000000071, 11.71146000000046], [75.87958000000071, 11.71069999999966], [75.87958000000071, 11.70979000000084], [75.87923000000043, 11.70895999999993], [75.87853999999975, 11.70819999999913], [75.87839999999962, 11.70687999999969], [75.8782599999995, 11.70577000000049], [75.87832999999951, 11.70404000000052], [75.8788199999999, 11.70285999999943], [75.87944000000059, 11.70175000000014], [75.88026999999963, 11.70057000000091], [75.88111000000029, 11.69966000000023], [75.88188000000085, 11.69930999999996]]}}, {"type": "Feature", "properties": {"id": 65, "zone": "High Hazard Zone", "FID": "65", "ZONE_": "High Hazard Zone", "SHAPE_Leng": "0.047791", "SHAPE_Area": "0.000049", "aarea": "0.597381"}, "geometry": {"type": "Polygon", "coordinates": [[75.94229000000088, 11.58834000000025], [75.94182, 11.58995999999937], [75.94204999999968, 11.59070000000065], [75.94237000000066, 11.59144999999991], [75.9427599999999, 11.5921199999993], [75.94299999999933, 11.59271000000078], [75.94240999999963, 11.59375999999972], [75.94080000000035, 11.59528999999931], [75.9395399999994, 11.59675000000065], [75.93803999999909, 11.59797000000069], [75.9360400000005, 11.60064000000054], [75.93438000000064, 11.60194000000046], [75.93389000000025, 11.60231000000025], [75.93387000000072, 11.60217999999989], [75.93363999999927, 11.60119999999918], [75.93363999999927, 11.60044999999992], [75.93381000000046, 11.59924999999931], [75.93404000000014, 11.59866999999937], [75.93433000000006, 11.59827000000038], [75.93519000000016, 11.59751999999934], [75.93582000000059, 11.59712000000035], [75.93656999999986, 11.5963200000006], [75.93720000000029, 11.59550999999921], [75.93777000000047, 11.59476999999971], [75.93829000000007, 11.59402000000045], [75.9389200000005, 11.59326999999942], [75.9395600000007, 11.59258000000041], [75.94018999999935, 11.59166999999981], [75.94065000000046, 11.59069000000089], [75.94065000000046, 11.58971000000018], [75.94046999999951, 11.58891000000042], [75.94036000000054, 11.58833000000048], [75.93979000000036, 11.58770000000005], [75.93927000000076, 11.58782000000065], [75.9381599999997, 11.58820999999988], [75.9385000000002, 11.58763000000003], [75.93863000000057, 11.58765999999923], [75.93869000000083, 11.58705999999985], [75.93891000000073, 11.58656999999946], [75.93904064516093, 11.58628020528039], [75.93905954357808, 11.58623828515498], [75.93947092795389, 11.58532575981178], [75.93974304535956, 11.58482266143815], [75.9397967105372, 11.58460311480856], [75.94001000000027, 11.58412999999928], [75.94174000000024, 11.58432999999966], [75.94237000000066, 11.58582999999996], [75.94204999999968, 11.58669000000006], [75.94197999999957, 11.58755999999992], [75.94229000000088, 11.58834000000025]]}}, {"type": "Feature", "properties": {"id": 66, "zone": "High Hazard Zone", "FID": "66", "ZONE_": "High Hazard Zone", "SHAPE_Leng": "0.044069", "SHAPE_Area": "0.000053", "aarea": "0.64279"}, "geometry": {"type": "Polygon", "coordinates": [[76.00429000000076, 11.54239000000053], [76.00220000000085, 11.54332000000065], [76.00036999999972, 11.5428699999993], [76.00007999999978, 11.54063999999926], [75.99997000000073, 11.53852999999983], [75.99997000000073, 11.53686999999988], [75.99997000000073, 11.53566999999927], [76.00014000000013, 11.53441000000018], [76.00071000000023, 11.53333000000017], [76.00179999999999, 11.53224000000049], [76.00351000000043, 11.53178999999905], [76.00578999999928, 11.53075999999962], [76.00778999999964, 11.53041999999911], [76.00887999999942, 11.5313299999998], [76.00979000000011, 11.53167000000031], [76.0096200000007, 11.53304000000024], [76.00914999999982, 11.53386999999928], [76.00836999999959, 11.53358999999912], [76.0069399999993, 11.53312999999978], [76.00612999999979, 11.53312999999978], [76.00555999999962, 11.53369999999996], [76.00504000000002, 11.53421999999956], [76.00498999999944, 11.53484999999999], [76.00539000000029, 11.53542999999993], [76.00596000000039, 11.53640000000087], [76.00596000000039, 11.53692000000047], [76.00504000000002, 11.53725999999911], [76.00407000000085, 11.53772000000022], [76.00343000000066, 11.53772000000022], [76.00239999999937, 11.53801000000024], [76.00171000000046, 11.53846999999948], [76.00159999999961, 11.53904999999942], [76.00159999999961, 11.54013999999919], [76.0021699999998, 11.54123000000074], [76.00273999999987, 11.54175000000033], [76.00395000000024, 11.54226000000016], [76.00429000000076, 11.54239000000053]]}}, {"type": "Feature", "properties": {"id": 67, "zone": "High Hazard Zone", "FID": "67", "ZONE_": "High Hazard Zone", "SHAPE_Leng": "0.057451", "SHAPE_Area": "0.000046", "aarea": "0.561953"}, "geometry": {"type": "Polygon", "coordinates": [[75.84840000000075, 11.71481999999922], [75.84867999999915, 11.71483000000076], [75.84936999999992, 11.71488999999933], [75.85023000000002, 11.71494999999959], [75.85166999999998, 11.71506000000043], [75.85214000000086, 11.71528000000033], [75.85195999999999, 11.71555000000082], [75.85240999999948, 11.71600000000031], [75.85304000000001, 11.7163999999993], [75.85339999999995, 11.71752999999989], [75.85308000000073, 11.71815000000057], [75.85298999999942, 11.71853000000012], [75.85390999999977, 11.71861999999966], [75.8545400000003, 11.71913999999926], [75.85493999999929, 11.71999999999936], [75.85493999999929, 11.72081000000074], [75.85493999999929, 11.72143999999931], [75.85493999999929, 11.72213000000009], [75.8545900000008, 11.72305000000054], [75.85407999999919, 11.72350999999979], [75.85339000000019, 11.72424999999929], [75.85253000000009, 11.72453999999921], [75.85138000000005, 11.72453999999921], [75.85068999999928, 11.72414000000022], [75.85016999999968, 11.72340000000072], [75.84922000000003, 11.72313000000032], [75.84836999999969, 11.72258999999943], [75.84814999999979, 11.72206000000007], [75.84756000000017, 11.72128999999951], [75.84751999999935, 11.72076000000016], [75.84703000000083, 11.71981000000051], [75.84648999999993, 11.71935999999916], [75.84540999999992, 11.71877999999922], [75.84487000000081, 11.71832999999974], [75.84388000000034, 11.71824000000011], [75.84289999999963, 11.71761999999944], [75.84266999999997, 11.71723000000021], [75.84258000000042, 11.71694000000028], [75.84281000000009, 11.71636000000034], [75.84374999999997, 11.71564000000037], [75.84496000000034, 11.71514999999997], [75.84621999999943, 11.71542000000046], [75.84657999999948, 11.7162700000008], [75.84698000000024, 11.71689999999946], [75.8477000000003, 11.71754999999942], [75.84837999999945, 11.71915000000079], [75.84862000000066, 11.71954000000002], [75.84877000000056, 11.72079999999912], [75.84924999999932, 11.72135999999953], [75.85011999999918, 11.7215899999992], [75.85037999999983, 11.72156999999968], [75.85092000000081, 11.72206999999984], [75.85138000000005, 11.72252999999908], [75.85188999999988, 11.72299000000019], [75.85275999999975, 11.72299000000019], [75.85345000000054, 11.72242000000002], [75.85413999999945, 11.72184000000017], [75.85413999999945, 11.72108999999913], [75.85396000000036, 11.72017000000055], [75.8531600000006, 11.71966000000063], [75.8514400000004, 11.71966000000063], [75.85057000000053, 11.71931000000044], [75.85043000000042, 11.71827999999915], [75.85043000000042, 11.71709000000008], [75.84916999999955, 11.71591000000077], [75.84840000000075, 11.71481999999922]]}}, {"type": "Feature", "properties": {"id": 68, "zone": "High Hazard Zone", "FID": "68", "ZONE_": "High Hazard Zone", "SHAPE_Leng": "0.09448", "SHAPE_Area": "0.000083", "aarea": "1.014918"}, "geometry": {"type": "Polygon", "coordinates": [[75.89974000000076, 11.71193999999923], [75.89923000000093, 11.71191000000003], [75.89876999999981, 11.71174000000062], [75.89813999999929, 11.71121999999925], [75.89796999999997, 11.71076999999968], [75.89790999999971, 11.71002000000042], [75.89784999999937, 11.7092100000009], [75.89784999999937, 11.70852000000012], [75.89796999999997, 11.70778000000062], [75.89819999999963, 11.70725999999925], [75.89842999999931, 11.7064599999994], [75.89876999999981, 11.70571000000014], [75.89911000000032, 11.70519000000055], [75.89952000000085, 11.70449999999986], [75.89979999999923, 11.70386999999933], [75.90003000000068, 11.70312999999983], [75.90026000000034, 11.70232000000031], [75.90026000000034, 11.70139999999996], [75.90003000000068, 11.70066000000046], [75.8993399999999, 11.70037000000044], [75.89819999999963, 11.70024999999984], [75.89727999999918, 11.70037000000044], [75.89669999999934, 11.70047999999951], [75.89617999999975, 11.70129000000089], [75.8955499999993, 11.70191999999955], [75.89527000000092, 11.70197999999981], [75.89503999999938, 11.70261000000024], [75.89497999999914, 11.70357999999941], [75.8948600000003, 11.70392999999968], [75.8948600000003, 11.70491000000039], [75.8948600000003, 11.70574999999919], [75.8946899999992, 11.7062100000003], [75.89435000000047, 11.70678000000048], [75.89422999999987, 11.70736000000033], [75.89383000000088, 11.70828000000078], [75.89377000000063, 11.70919999999936], [75.89371000000028, 11.71046000000023], [75.89371000000028, 11.71132000000033], [75.89371000000028, 11.7124100000001], [75.89371000000028, 11.71344999999929], [75.89359999999944, 11.71385000000005], [75.89268000000085, 11.71385000000005], [75.8917600000004, 11.71385000000005], [75.89100999999937, 11.7137899999998], [75.8903800000007, 11.71315999999936], [75.88997999999994, 11.71224000000078], [75.88991999999959, 11.71177999999967], [75.88981000000062, 11.71114999999914], [75.88975000000028, 11.71046000000023], [75.88969000000002, 11.70982999999979], [75.88911999999983, 11.70924999999986], [75.88825999999973, 11.70879000000061], [75.88745000000013, 11.70736000000033], [75.88716999999997, 11.70598000000063], [75.88716999999997, 11.70499999999993], [75.8876299999993, 11.70379999999932], [75.88813999999914, 11.70317000000066], [75.88872000000084, 11.70230000000079], [75.88932999999999, 11.70153000000023], [75.88935999999919, 11.70223000000077], [75.89005999999972, 11.70404000000052], [75.89096000000065, 11.70514999999981], [75.89164999999956, 11.70605000000065], [75.89178999999969, 11.70670000000061], [75.89178999999969, 11.70750000000045], [75.89178999999969, 11.70867999999977], [75.89178999999969, 11.70993000000087], [75.89178999999969, 11.71076999999968], [75.89157999999955, 11.71174000000062], [75.89157999999955, 11.71277999999981], [75.89192999999982, 11.71319000000042], [75.89248000000048, 11.71313000000008], [75.8926200000005, 11.71249999999964], [75.8926200000005, 11.71090000000004], [75.8926200000005, 11.70952000000035], [75.8926200000005, 11.70806000000087], [75.8926200000005, 11.70673999999966], [75.89266999999931, 11.70602999999935], [75.89306000000032, 11.70558999999954], [75.89300000000006, 11.70492999999991], [75.89342000000035, 11.7038499999999], [75.89386999999984, 11.7027199999993], [75.89429000000021, 11.70178999999918], [75.89441000000082, 11.70080000000049], [75.89521000000057, 11.69989999999966], [75.8959900000009, 11.69926999999913], [75.89754999999968, 11.69923999999994], [75.89889000000042, 11.69917999999959], [75.8993399999999, 11.69911999999933], [75.90132000000084, 11.69974999999977], [75.90147000000073, 11.69972000000048], [75.90169000000063, 11.69979000000059], [75.90186999999972, 11.70029000000066], [75.90222999999966, 11.70069999999941], [75.90237999999954, 11.70119999999948], [75.90217999999916, 11.70153000000023], [75.90201999999951, 11.70326999999996], [75.90139000000094, 11.70515999999949], [75.90060000000086, 11.70665999999979], [75.90043999999943, 11.70839999999951], [75.90051999999922, 11.70967000000014], [75.9004499999992, 11.70962999999941], [75.90046000000073, 11.71029000000091], [75.90046000000073, 11.71077999999944], [75.90041000000024, 11.71106999999936], [75.90031000000093, 11.71140000000011], [75.90000999999938, 11.7116999999998], [75.89976999999995, 11.7119199999997], [75.89974000000076, 11.71193999999923]]}}, {"type": "Feature", "properties": {"id": 69, "zone": "High Hazard Zone", "FID": "69", "ZONE_": "High Hazard Zone", "SHAPE_Leng": "0.14544", "SHAPE_Area": "0.000235", "aarea": "2.875466"}, "geometry": {"type": "MultiPolygon", "coordinates": [[[[75.92339999999969, 11.66034000000036], [75.92266999999995, 11.66080999999937], [75.92204999999919, 11.66143000000013], [75.92190999999916, 11.66162000000075], [75.9215299999996, 11.66215000000011], [75.9209100000007, 11.66234000000073], [75.92019000000073, 11.66234000000073], [75.91942999999993, 11.66218999999907], [75.91876000000045, 11.66172000000006], [75.9183799999992, 11.6611900000007], [75.9183799999992, 11.66052999999921], [75.91853000000087, 11.65991000000031], [75.91909999999918, 11.65899999999962], [75.91942999999993, 11.65813999999952], [75.91948000000052, 11.65752000000063], [75.91891000000034, 11.65747000000013], [75.9184299999997, 11.65785999999936], [75.91771999999949, 11.65894999999913], [75.91628999999921, 11.65999999999985], [75.91581000000043, 11.66066999999933], [75.91518999999967, 11.66071999999983], [75.9144699999997, 11.66071999999983], [75.91332999999943, 11.66013999999998], [75.91285000000066, 11.65980999999923], [75.9122299999999, 11.65970999999993], [75.91133000000085, 11.66005000000044], [75.91085000000021, 11.66037999999932], [75.91036999999957, 11.66037999999932], [75.9100899999994, 11.66013999999998], [75.90970999999993, 11.65951999999922], [75.90936999999943, 11.65919000000033], [75.90870999999972, 11.65867000000074], [75.90747000000015, 11.65827999999965], [75.90689999999996, 11.65827999999965], [75.90617999999999, 11.65799999999948], [75.90546999999968, 11.65742999999931], [75.90488999999984, 11.65642999999908], [75.9046500000004, 11.65509000000021], [75.9046500000004, 11.65408999999998], [75.9046500000004, 11.65299000000053], [75.90499000000091, 11.65156000000025], [75.9056600000004, 11.65070999999991], [75.90651000000074, 11.65061000000061], [75.90709000000058, 11.65061000000061], [75.90804000000023, 11.65061000000061], [75.9087600000003, 11.65070999999991], [75.90957999999958, 11.65040000000046], [75.90984999999998, 11.64939000000047], [75.91026000000059, 11.64857999999909], [75.91026000000059, 11.64817000000043], [75.91065999999958, 11.64743000000093], [75.91141000000061, 11.64755999999943], [75.91295999999964, 11.64736000000082], [75.91323000000013, 11.64720999999916], [75.91417999999977, 11.64668999999956], [75.91464000000089, 11.64610999999971], [75.91525999999978, 11.64532999999939], [75.91539000000014, 11.64523999999985], [75.91682000000034, 11.64424999999938], [75.91796000000069, 11.64417999999936], [75.91804000000047, 11.64429999999997], [75.91822999999931, 11.64458999999989], [75.9182799999999, 11.64503999999947], [75.91810000000082, 11.64553999999954], [75.91796000000069, 11.6457699999992], [75.91921999999978, 11.64560999999956], [75.92053999999914, 11.64463000000072], [75.92324000000005, 11.64291000000051], [75.92468000000008, 11.6417099999999], [75.92564999999925, 11.64153000000081], [75.92576999999986, 11.64199000000006], [75.92490999999976, 11.64297000000077], [75.92445000000042, 11.64406000000054], [75.92369999999939, 11.64503999999947], [75.92295000000011, 11.64573000000016], [75.92225999999934, 11.64630000000034], [75.92151999999984, 11.6470499999996], [75.92108000000012, 11.64745000000036], [75.9209100000007, 11.64745000000036], [75.92014999999991, 11.64774000000038], [75.91988999999917, 11.64824000000045], [75.91921999999978, 11.64860000000048], [75.91858999999936, 11.64866000000074], [75.91784000000008, 11.6488900000004], [75.91714999999931, 11.64928999999939], [75.9164600000004, 11.64957999999932], [75.9156000000003, 11.64975000000051], [75.91496999999985, 11.64998000000018], [75.91438999999991, 11.65026000000034], [75.91388000000009, 11.65043999999942], [75.91325999999933, 11.6505199999992], [75.91324999999965, 11.65055000000026], [75.91279000000031, 11.65135999999987], [75.91174999999926, 11.65170000000038], [75.9109499999995, 11.65170000000038], [75.90944999999921, 11.65176000000064], [75.90812999999977, 11.65215999999963], [75.9070400000001, 11.65295999999947], [75.90687000000068, 11.65382999999925], [75.90687000000068, 11.65468999999935], [75.90745000000062, 11.65509000000021], [75.90848000000004, 11.65509000000021], [75.90934000000014, 11.65492000000088], [75.91032000000085, 11.65480000000028], [75.91123999999944, 11.65452000000003], [75.9119800000008, 11.65416999999976], [75.91295999999964, 11.65359999999967], [75.91398999999906, 11.65308000000008], [75.9150800000007, 11.65308000000008], [75.91595000000056, 11.65250000000014], [75.91640999999981, 11.65192999999996], [75.91761000000042, 11.65170000000038], [75.91847000000053, 11.65228000000023], [75.91863000000008, 11.65300999999997], [75.91938999999911, 11.65256000000048], [75.91984000000046, 11.65256000000048], [75.91978999999996, 11.65170000000038], [75.92100000000025, 11.65129999999952], [75.92186000000035, 11.65067000000087], [75.92317999999979, 11.6501499999995], [75.92324999999981, 11.65012000000021], [75.92372000000069, 11.65012000000021], [75.92439000000016, 11.65012000000021], [75.92547999999984, 11.65001999999913], [75.92639000000052, 11.64974000000075], [75.92714999999956, 11.64963999999967], [75.92792000000011, 11.64902000000077], [75.92825000000086, 11.64869000000002], [75.92825000000086, 11.64831000000047], [75.92819000000051, 11.64818999999986], [75.92922000000003, 11.64808000000089], [75.93008000000013, 11.64808000000089], [75.93058999999997, 11.64837000000081], [75.93058999999997, 11.64893999999912], [75.93030999999971, 11.6496299999999], [75.9294499999996, 11.65020999999975], [75.92880999999942, 11.65049000000001], [75.92784000000033, 11.65071999999967], [75.92708999999921, 11.65106999999986], [75.92662999999996, 11.65135999999987], [75.92593999999917, 11.65152999999919], [75.92570999999951, 11.65181999999912], [75.92570999999951, 11.65209999999937], [75.92628999999945, 11.65233000000081], [75.92648000000007, 11.65241000000059], [75.9283699999996, 11.65202999999926], [75.92931999999924, 11.65202999999926], [75.93121000000063, 11.65278000000039], [75.93202000000015, 11.65365000000016], [75.93262999999938, 11.65432999999941], [75.93231000000017, 11.65473999999993], [75.93078000000058, 11.65546999999967], [75.9297200000001, 11.65607000000091], [75.92870000000043, 11.65607000000091], [75.92742999999972, 11.65588999999996], [75.92570999999951, 11.65595000000031], [75.92473000000066, 11.6563499999993], [75.92375999999963, 11.65698999999949], [75.92295000000011, 11.65755999999967], [75.92225999999934, 11.65835999999943], [75.92221000000062, 11.65917000000081], [75.92231999999969, 11.65979999999947], [75.92266999999995, 11.66002999999914], [75.92339999999969, 11.66034000000036]]], [[[75.92505999999955, 11.65250000000014], [75.92518999999992, 11.65250000000014], [75.9263499999997, 11.65243999999988], [75.92505999999955, 11.65250000000014]]]]}}, {"type": "Feature", "properties": {"id": 70, "zone": "High Hazard Zone", "FID": "70", "ZONE_": "High Hazard Zone", "SHAPE_Leng": "0.090872", "SHAPE_Area": "0.000087", "aarea": "1.064335"}, "geometry": {"type": "Polygon", "coordinates": [[75.91716000000085, 11.63327999999997], [75.9173200000005, 11.63318000000076], [75.91800999999941, 11.63287999999921], [75.9187999999995, 11.63243999999939], [75.91973999999938, 11.63208999999912], [75.9206699999995, 11.63184000000002], [75.92127000000073, 11.63160000000059], [75.92165999999996, 11.63129999999913], [75.92175999999927, 11.6308100000006], [75.92171000000054, 11.6303200000002], [75.92118999999909, 11.63035999999916], [75.91841000000026, 11.63078999999921], [75.91590999999974, 11.63184999999978], [75.91317999999954, 11.6339100000005], [75.91225999999918, 11.6347700000006], [75.91145999999934, 11.63573999999968], [75.90919000000035, 11.63716999999996], [75.90761000000018, 11.63751000000047], [75.90603999999986, 11.63801000000054], [75.90535000000095, 11.63810000000008], [75.90471000000075, 11.63819999999938], [75.90396999999939, 11.63839999999985], [75.90332999999919, 11.63839999999985], [75.9024399999998, 11.63839999999985], [75.90175000000089, 11.63810000000008], [75.90175000000089, 11.63781000000015], [75.90208999999962, 11.63707000000065], [75.90208999999962, 11.63652999999976], [75.90190000000078, 11.63613000000077], [75.90190000000078, 11.63588999999956], [75.90204000000081, 11.63538999999949], [75.9027800000003, 11.63494999999968], [75.9031799999993, 11.63450999999987], [75.90346999999932, 11.63381999999909], [75.90361999999911, 11.63343999999962], [75.90416999999977, 11.63307999999959], [75.90502999999987, 11.63297000000052], [75.90572000000066, 11.63256999999976], [75.90624000000024, 11.63192999999956], [75.90687000000068, 11.63100999999911], [75.90773000000078, 11.63032999999996], [75.90835999999943, 11.63020999999936], [75.90876999999996, 11.63020999999936], [75.90893999999938, 11.63061000000012], [75.90854000000039, 11.63159000000083], [75.90825000000038, 11.63244999999915], [75.90767000000052, 11.63313999999994], [75.90601000000058, 11.63435000000031], [75.9049200000009, 11.6347499999993], [75.9041099999995, 11.63550000000034], [75.90445999999979, 11.63607000000051], [75.9054899999992, 11.63613000000077], [75.90624000000024, 11.63601000000017], [75.90733000000002, 11.63550000000034], [75.90841999999978, 11.63469000000073], [75.90940000000049, 11.63435000000031], [75.91002999999905, 11.63371000000002], [75.91071999999984, 11.63297000000052], [75.91141000000061, 11.63244999999915], [75.91192000000045, 11.63147000000023], [75.91192000000045, 11.63038000000054], [75.91186999999987, 11.62963999999918], [75.91209999999954, 11.62843000000067], [75.91266999999971, 11.62763000000083], [75.91375999999948, 11.62744999999997], [75.9140499999994, 11.62802999999982], [75.9140499999994, 11.62895000000026], [75.91371000000076, 11.63010000000029], [75.91375999999948, 11.63096000000039], [75.9147400000002, 11.63129999999913], [75.91537000000062, 11.63100999999911], [75.91595000000056, 11.63067000000047], [75.91657999999913, 11.63010000000029], [75.91704000000024, 11.62929000000077], [75.91790000000034, 11.6287200000006], [75.91870000000019, 11.6287200000006], [75.9195099999997, 11.6287200000006], [75.92059999999948, 11.6287200000006], [75.92158000000019, 11.6287200000006], [75.92254999999935, 11.62825999999948], [75.92353000000006, 11.62790999999921], [75.92451000000077, 11.62809000000016], [75.92508000000085, 11.62866000000034], [75.92508000000085, 11.62934999999925], [75.92484999999941, 11.63010000000029], [75.92473000000066, 11.63067000000047], [75.92473000000066, 11.63141999999973], [75.92451000000077, 11.63211000000042], [75.92375999999963, 11.63284999999992], [75.92260999999961, 11.63348000000044], [75.92209000000001, 11.6338899999992], [75.92065999999974, 11.63393999999969], [75.91933000000063, 11.6338899999992], [75.91784000000008, 11.63336999999951], [75.91716000000085, 11.63327999999997]]}}, {"type": "Feature", "properties": {"id": 71, "zone": "High Hazard Zone", "FID": "71", "ZONE_": "High Hazard Zone", "SHAPE_Leng": "0.016117", "SHAPE_Area": "0.000015", "aarea": "0.18019"}, "geometry": {"type": "Polygon", "coordinates": [[75.90351999999982, 11.63215999999923], [75.90283000000089, 11.63224000000079], [75.90204000000081, 11.63224000000079], [75.90120999999999, 11.63224000000079], [75.90076000000042, 11.63208999999912], [75.90076000000042, 11.63155000000009], [75.90091000000031, 11.63055999999963], [75.90120999999999, 11.63015000000088], [75.90147000000073, 11.63004000000003], [75.90204000000081, 11.62975000000002], [75.90262000000075, 11.62888999999992], [75.90301999999974, 11.62814000000075], [75.90439999999944, 11.62751000000022], [75.90560999999981, 11.62728000000064], [75.90577999999913, 11.62796999999956], [75.90577999999913, 11.62900000000085], [75.90543000000072, 11.62987000000062], [75.9048000000003, 11.6304400000008], [75.90404999999916, 11.63106999999946], [75.90371000000052, 11.63169999999989], [75.90351999999982, 11.63215999999923]]}}, {"type": "Feature", "properties": {"id": 72, "zone": "High Hazard Zone", "FID": "72", "ZONE_": "High Hazard Zone", "SHAPE_Leng": "0.020164", "SHAPE_Area": "0.000013", "aarea": "0.161881"}, "geometry": {"type": "Polygon", "coordinates": [[75.93583000000035, 11.60472999999913], [75.93548000000008, 11.6056200000003], [75.93502000000083, 11.60699999999999], [75.93426999999971, 11.60808999999968], [75.93369999999962, 11.60878000000046], [75.93277999999917, 11.60942000000065], [75.93202999999991, 11.6102200000005], [75.93123000000016, 11.61061999999949], [75.93036000000029, 11.61102000000025], [75.92972999999986, 11.61119999999934], [75.92899000000035, 11.61119999999934], [75.92883000000072, 11.61072000000057], [75.93014000000039, 11.61011999999933], [75.93073999999976, 11.60878000000046], [75.93308000000073, 11.60677000000033], [75.93395000000059, 11.6054999999997], [75.93583000000035, 11.60472999999913]]}}, {"type": "Feature", "properties": {"id": 73, "zone": "High Hazard Zone", "FID": "73", "ZONE_": "High Hazard Zone", "SHAPE_Leng": "0.02574", "SHAPE_Area": "0.000016", "aarea": "0.197222"}, "geometry": {"type": "Polygon", "coordinates": [[75.97362000000064, 11.56684999999922], [75.9730899999995, 11.56701000000065], [75.97243999999955, 11.56724000000032], [75.97160000000075, 11.56831000000056], [75.97095000000078, 11.56888000000074], [75.97033999999988, 11.56964999999944], [75.96931000000036, 11.57053000000084], [75.96873000000052, 11.57113999999997], [75.96788999999994, 11.57216999999949], [75.96709000000008, 11.57258999999978], [75.96644000000013, 11.57279000000016], [75.96566999999958, 11.57294000000005], [75.96476000000075, 11.57294000000005], [75.96391000000041, 11.57266999999956], [75.9635699999999, 11.57206000000042], [75.96418000000081, 11.57156000000035], [75.96499000000041, 11.57126000000058], [75.96589999999924, 11.57086999999957], [75.96644000000013, 11.57034000000022], [75.96699000000079, 11.56946000000059], [75.96707000000056, 11.56969000000026], [75.96718999999939, 11.56998000000018], [75.96775999999957, 11.5702700000002], [75.96793000000066, 11.57020999999985], [75.96845000000026, 11.56981000000086], [75.9689099999996, 11.56905999999982], [75.96954000000004, 11.56825999999998], [75.9702899999993, 11.56761999999978], [75.97138000000083, 11.56694000000063], [75.97263999999993, 11.56675999999968], [75.97362000000064, 11.56684999999922]]}}, {"type": "Feature", "properties": {"id": 74, "zone": "High Hazard Zone", "FID": "74", "ZONE_": "High Hazard Zone", "SHAPE_Leng": "0.058445", "SHAPE_Area": "0.000042", "aarea": "0.508531"}, "geometry": {"type": "MultiPolygon", "coordinates": [[[[75.96862999999944, 11.56499000000076], [75.96892999999912, 11.56474999999955], [75.96996000000033, 11.56389999999921], [75.9703100000006, 11.56337999999962], [75.97088000000078, 11.56302999999935], [75.97155999999993, 11.56272999999966], [75.97201999999926, 11.56230999999937], [75.97251999999934, 11.56199999999992], [75.97313000000032, 11.56172999999943], [75.97386000000007, 11.5614600000008], [75.97381999999925, 11.56092999999967], [75.97344999999954, 11.56069000000024], [75.97340000000074, 11.56065999999918], [75.97266999999921, 11.56074000000083], [75.97126000000024, 11.56169000000047], [75.96987000000078, 11.56278999999992], [75.96876999999947, 11.56353999999918], [75.96781999999983, 11.56463000000072], [75.96767000000003, 11.56466000000001], [75.96751000000037, 11.56490999999911], [75.96678000000064, 11.56617000000007], [75.96606000000067, 11.56758000000083], [75.9654100000007, 11.56849999999941], [75.96483000000077, 11.56926999999997], [75.96441000000048, 11.57018000000066], [75.96387999999935, 11.57083000000052], [75.96319000000044, 11.57113999999997], [75.96254000000047, 11.57041000000024], [75.96269000000028, 11.56938000000081], [75.96284000000016, 11.56857999999919], [75.96284999999992, 11.56848999999965], [75.96298999999996, 11.56883000000016], [75.96317000000091, 11.56899999999948], [75.9643099999994, 11.56860000000049], [75.96477000000051, 11.56774000000039], [75.96517999999926, 11.56688000000028], [75.96564000000038, 11.5657900000006], [75.96621000000046, 11.56474999999955], [75.96689999999947, 11.56372000000013], [75.96775999999957, 11.56267999999907], [75.96867999999994, 11.56177000000025], [75.96947999999978, 11.56101999999922], [75.97040000000014, 11.56043999999928], [75.97108999999914, 11.5598699999991], [75.97194999999924, 11.55906999999934], [75.97356000000038, 11.55796999999981], [75.97487999999973, 11.55796999999981], [75.97615000000044, 11.55803000000016], [75.97678000000089, 11.5584899999994], [75.97672000000054, 11.55975000000036], [75.97631999999977, 11.56107999999947], [75.9762100000007, 11.56182000000084], [75.97407999999997, 11.56263000000036], [75.97223999999916, 11.56394999999971], [75.97075000000041, 11.56474999999955], [75.96862999999944, 11.56499000000076]]], [[[75.97488999999949, 11.5583600000009], [75.97422999999978, 11.55840999999962], [75.97486000000029, 11.55844000000068], [75.97500000000034, 11.55834999999937], [75.97488999999949, 11.5583600000009]]]]}}, {"type": "Feature", "properties": {"id": 75, "zone": "High Hazard Zone", "FID": "75", "ZONE_": "High Hazard Zone", "SHAPE_Leng": "0.035445", "SHAPE_Area": "0.000032", "aarea": "0.387758"}, "geometry": {"type": "Polygon", "coordinates": [[75.96311000000057, 11.58029999999964], [75.96306999999983, 11.58029999999964], [75.9626100000005, 11.5802100000001], [75.96241999999987, 11.58092000000031], [75.96241999999987, 11.58207000000043], [75.9625899999992, 11.5828199999996], [75.9627099999998, 11.58351000000038], [75.9627099999998, 11.58402000000021], [75.96248000000013, 11.58482999999982], [75.96240000000034, 11.58551000000084], [75.96271999999956, 11.58614999999917], [75.96232000000057, 11.58657999999922], [75.96229999999927, 11.5867799999996], [75.96225000000047, 11.58776000000031], [75.96241999999987, 11.58821999999964], [75.9621900000002, 11.58925000000093], [75.9620699999996, 11.59010999999917], [75.9620699999996, 11.59108999999988], [75.96196000000053, 11.59149000000073], [75.96141999999965, 11.59174999999959], [75.96126000000008, 11.59197999999926], [75.96109000000067, 11.59245000000014], [75.96104000000018, 11.59243000000061], [75.96058000000085, 11.59208000000034], [75.9598299999998, 11.59151000000016], [75.95972000000074, 11.59036000000014], [75.95972000000074, 11.58927000000037], [75.96011999999973, 11.58823999999917], [75.96011999999973, 11.58755000000016], [75.96005999999947, 11.5865099999992], [75.96001000000066, 11.58565000000087], [75.95996000000017, 11.58539999999991], [75.96011999999973, 11.58499999999914], [75.96018000000008, 11.58408000000056], [75.96040999999965, 11.58338999999978], [75.96075000000016, 11.58242000000061], [75.9608100000005, 11.58137999999965], [75.9608100000005, 11.58018000000081], [75.96161000000026, 11.5790799999995], [75.9625899999992, 11.57856999999967], [75.96305000000031, 11.57849999999965], [75.96322999999938, 11.57841999999978], [75.96368000000074, 11.57822999999916], [75.9645299999993, 11.57784999999969], [75.96501999999961, 11.57774000000063], [75.96506000000043, 11.57777999999959], [75.96522999999976, 11.57853000000071], [75.96488999999924, 11.57927000000021], [75.9643099999994, 11.57968000000074], [75.96311000000057, 11.58029999999964]]}}, {"type": "Feature", "properties": {"id": 76, "zone": "High Hazard Zone", "FID": "76", "ZONE_": "High Hazard Zone", "SHAPE_Leng": "0.276838", "SHAPE_Area": "0.000456", "aarea": "5.578242"}, "geometry": {"type": "Polygon", "coordinates": [[75.97270000000027, 11.58951999999956], [75.9721000000009, 11.59015999999975], [75.9711200000002, 11.59070000000065], [75.9703100000006, 11.59106000000068], [75.97021999999927, 11.59142000000062], [75.9703100000006, 11.59181999999961], [75.97120999999974, 11.59200000000056], [75.9721000000009, 11.59200000000056], [75.97278000000006, 11.59214000000069], [75.97336, 11.59266999999995], [75.9736300000004, 11.59308000000057], [75.9751099999994, 11.59347999999956], [75.97631999999977, 11.59405999999941], [75.97734999999919, 11.59451000000085], [75.97819999999953, 11.59499999999938], [75.97828999999908, 11.59584999999972], [75.97811, 11.5965699999997], [75.97841999999945, 11.59692999999973], [75.97913999999942, 11.59653000000074], [75.97976000000018, 11.59670999999983], [75.98007999999939, 11.5973300000005], [75.9805699999997, 11.59805000000047], [75.98065999999925, 11.59867999999913], [75.98065999999925, 11.59926000000085], [75.98126000000047, 11.59929000000013], [75.9819499999994, 11.59923999999955], [75.98257999999983, 11.59894999999962], [75.98332999999909, 11.59859999999935], [75.98413000000072, 11.59826000000062], [75.98459000000005, 11.59773999999925], [75.98494000000032, 11.59722999999942], [75.98625999999967, 11.59654000000041], [75.98728999999909, 11.59625000000049], [75.98849999999946, 11.5960799999993], [75.98941999999991, 11.59654000000041], [75.99011000000061, 11.59711000000059], [75.99085000000011, 11.59871999999996], [75.99143000000005, 11.59980999999973], [75.99188999999929, 11.60073000000009], [75.99206000000048, 11.60217000000013], [75.99188999999929, 11.6027400000003], [75.99130999999944, 11.60371999999914], [75.98992999999975, 11.6039999999994], [75.98855999999981, 11.60423000000084], [75.98711999999978, 11.60423000000084], [75.98603, 11.60457999999925], [75.98522000000048, 11.60543999999935], [75.98424999999953, 11.60647000000064], [75.98389999999927, 11.60687999999939], [75.98303999999916, 11.60738999999922], [75.98247000000086, 11.60779999999975], [75.98171999999973, 11.60877000000069], [75.98206000000023, 11.60997999999929], [75.98298000000068, 11.61073000000033], [75.98494000000032, 11.61124000000016], [75.98586000000068, 11.61192999999908], [75.98586000000068, 11.61290999999987], [75.98533999999931, 11.61331000000064], [75.98408000000022, 11.61336999999912], [75.98286999999985, 11.61336999999912], [75.98114999999964, 11.61336999999912], [75.98017000000071, 11.61319999999979], [75.97878999999924, 11.61261999999986], [75.97792999999913, 11.61198999999942], [75.97730000000048, 11.61175999999975], [75.97597999999927, 11.61136000000076], [75.97494000000007, 11.61083999999939], [75.97395999999937, 11.61083999999939], [75.97357000000014, 11.61083999999939], [75.97285000000008, 11.61145000000031], [75.97076999999993, 11.61299999999941], [75.97014999999917, 11.61291999999954], [75.96967000000039, 11.61291999999954], [75.96867999999994, 11.61192999999908], [75.96839, 11.61043000000064], [75.96788000000018, 11.60877000000069], [75.96718999999939, 11.60790000000092], [75.96650000000048, 11.60756000000041], [75.96574999999935, 11.6081300000005], [75.96592000000054, 11.6096300000008], [75.9662700000008, 11.6103199999998], [75.96683999999912, 11.61124000000016], [75.96695999999973, 11.61187000000059], [75.96695999999973, 11.6125599999996], [75.96695999999973, 11.61319000000003], [75.96678000000064, 11.61383000000023], [75.96731, 11.61441000000017], [75.96796999999971, 11.61493999999943], [75.96844000000058, 11.61547000000065], [75.96852000000037, 11.61597000000072], [75.96836000000071, 11.61655000000066], [75.96786000000066, 11.61671000000022], [75.9672800000008, 11.61671000000022], [75.9666699999998, 11.61576000000058], [75.96607000000043, 11.61555000000043], [75.9654399999999, 11.61535999999981], [75.96462000000062, 11.61514999999967], [75.96437999999942, 11.61476000000035], [75.96437999999942, 11.6141800000005], [75.96441000000048, 11.61372999999915], [75.96441000000048, 11.61312000000001], [75.96429999999964, 11.61235999999913], [75.96427000000044, 11.61228999999911], [75.96399999999996, 11.6120699999992], [75.96385000000006, 11.61174999999999], [75.9634499999993, 11.61078000000091], [75.96225000000047, 11.60992000000081], [75.96126999999976, 11.60992000000081], [75.96052000000059, 11.60957000000054], [75.95954999999955, 11.60923000000003], [75.95874000000003, 11.60923000000003], [75.9577100000006, 11.60894000000011], [75.95701999999983, 11.6088199999995], [75.95627000000057, 11.60865000000009], [75.95547000000082, 11.60865000000009], [75.95478000000003, 11.60877000000069], [75.95397000000051, 11.60904999999908], [75.95322999999915, 11.60939999999935], [75.95241999999963, 11.6096300000008], [75.9519099999998, 11.60973999999986], [75.95161999999978, 11.60957000000054], [75.95155999999953, 11.60865000000009], [75.95155999999953, 11.60766999999939], [75.95161999999978, 11.60704000000082], [75.95161999999978, 11.60606999999978], [75.95155999999953, 11.60548999999993], [75.95145000000046, 11.60491999999976], [75.95139999999996, 11.60418000000026], [75.95178999999919, 11.60396000000035], [75.95426000000043, 11.60411000000024], [75.9536800000005, 11.60243000000086], [75.9526499999993, 11.60123999999992], [75.9523000000008, 11.60082999999939], [75.9515699999993, 11.60009999999965], [75.95119999999949, 11.59843000000003], [75.95221999999924, 11.59741000000028], [75.95412000000032, 11.59646000000063], [75.95630999999962, 11.59697000000047], [75.95864000000073, 11.59682000000067], [75.95874000000003, 11.59680999999913], [75.95882999999958, 11.59675000000065], [75.95902999999996, 11.59650999999935], [75.95918999999961, 11.59634999999979], [75.95937000000046, 11.59611000000036], [75.95952000000035, 11.59585999999948], [75.9596399999991, 11.59556999999947], [75.95974000000027, 11.59533000000013], [75.95987000000062, 11.59507999999916], [75.96003000000019, 11.59490000000008], [75.96025999999985, 11.59475999999995], [75.96061000000013, 11.59468999999993], [75.96107999999913, 11.59482000000021], [75.96134999999963, 11.59511999999999], [75.96140000000013, 11.59552000000075], [75.96130000000082, 11.59579999999914], [75.96107999999913, 11.59621999999943], [75.96096000000031, 11.59670999999983], [75.96095000000064, 11.59692999999973], [75.96099999999936, 11.59720000000013], [75.9609899999996, 11.59754000000064], [75.96111000000019, 11.59762000000042], [75.9610599999996, 11.59841000000051], [75.95915000000056, 11.60046999999945], [75.9574699999994, 11.6010499999993], [75.95681999999944, 11.60171000000079], [75.95651999999976, 11.60324000000037], [75.95775999999933, 11.60396000000035], [75.96018999999974, 11.60382999999999], [75.96031000000035, 11.60382000000022], [75.96033999999963, 11.60378999999916], [75.96107999999913, 11.60355999999958], [75.96189000000052, 11.60355999999958], [75.96278999999957, 11.60364999999913], [75.96349999999988, 11.60374000000044], [75.96382000000087, 11.60419000000002], [75.96435000000022, 11.60462999999983], [75.96443999999977, 11.6051299999999], [75.96440000000072, 11.60557999999948], [75.96391000000041, 11.60570999999984], [75.96322999999938, 11.60575000000066], [75.96198000000005, 11.60606999999978], [75.96090000000005, 11.60625000000073], [75.95974000000027, 11.60656000000018], [75.95861999999943, 11.60695999999917], [75.95893000000065, 11.60728000000016], [75.95965000000072, 11.60728000000016], [75.9604999999992, 11.60705000000049], [75.96162000000002, 11.60670000000031], [75.96254000000047, 11.60647000000064], [75.96274000000086, 11.60647000000064], [75.96404000000078, 11.60656000000018], [75.96449000000025, 11.60656000000018], [75.96498000000065, 11.60656000000018], [75.96573999999968, 11.60651999999936], [75.96645999999966, 11.60628999999969], [75.96709000000008, 11.60625000000073], [75.96788999999994, 11.60625000000073], [75.96896999999994, 11.60637999999923], [75.96995000000065, 11.60673999999926], [75.9706299999998, 11.60673999999926], [75.97161000000051, 11.60647000000064], [75.97269000000051, 11.60615999999933], [75.97320000000035, 11.60613999999989], [75.97340000000074, 11.60628999999969], [75.97400999999986, 11.6063599999998], [75.97413000000056, 11.60632000000075], [75.97496999999927, 11.60651999999936], [75.97573000000007, 11.60661000000077], [75.97667000000004, 11.60664999999972], [75.97730000000048, 11.60714000000003], [75.97767999999995, 11.60756000000041], [75.97792999999913, 11.60802999999942], [75.97868000000017, 11.60820000000061], [75.97931000000061, 11.60796999999907], [75.97941999999968, 11.6072199999999], [75.9797099999996, 11.60623999999919], [75.98027999999978, 11.60572999999927], [75.98114999999964, 11.60555999999995], [75.98223999999941, 11.60555999999995], [75.98321000000035, 11.60533000000028], [75.98389999999927, 11.60434999999958], [75.98389999999927, 11.60366000000066], [75.98327000000062, 11.60360000000041], [75.98200999999975, 11.60371999999914], [75.98034000000003, 11.60376999999973], [75.97912999999974, 11.60371999999914], [75.97810000000024, 11.60337000000074], [75.9778100000003, 11.60256999999912], [75.97688999999995, 11.6023999999998], [75.97557000000052, 11.6023999999998], [75.97531999999954, 11.60265000000076], [75.97523, 11.60263999999914], [75.9751099999994, 11.60256999999912], [75.97507000000044, 11.6026199999997], [75.97455000000085, 11.60284999999928], [75.97378000000029, 11.60298999999941], [75.97343999999978, 11.6032599999999], [75.9730899999995, 11.60356999999935], [75.9725999999991, 11.60383999999975], [75.97201999999926, 11.60411000000024], [75.9714899999999, 11.60421999999921], [75.97113999999964, 11.60421999999921], [75.97018999999999, 11.60406999999942], [75.96869999999946, 11.60406999999942], [75.96796999999971, 11.60406999999942], [75.96766000000027, 11.60383999999975], [75.96766000000027, 11.6033800000005], [75.96781999999983, 11.60283999999952], [75.96816000000034, 11.60241999999923], [75.96839999999976, 11.6021500000006], [75.96870999999922, 11.60179000000066], [75.96899999999914, 11.60146999999959], [75.96980000000076, 11.60096999999952], [75.97060000000052, 11.60046999999945], [75.97064999999932, 11.60044000000016], [75.97153000000073, 11.60001999999987], [75.9721000000009, 11.59972000000018], [75.97220000000011, 11.59965000000008], [75.9725999999991, 11.59936999999991], [75.97293999999962, 11.59899000000045], [75.9730199999995, 11.59879999999974], [75.97290000000066, 11.59842000000027], [75.97271000000003, 11.59829999999967], [75.97233000000048, 11.59814999999978], [75.97206000000008, 11.59802999999918], [75.9719100000002, 11.59769000000053], [75.97213999999987, 11.59735000000002], [75.97283000000064, 11.59719000000037], [75.9730199999995, 11.59713999999988], [75.97366999999944, 11.59665999999924], [75.97423999999954, 11.59582000000044], [75.97428000000036, 11.59550999999921], [75.97413000000056, 11.59524000000059], [75.97381999999925, 11.59524000000059], [75.97343999999978, 11.59535999999933], [75.97293999999962, 11.59562000000006], [75.97248000000037, 11.5959299999995], [75.9721000000009, 11.59615999999917], [75.9716399999998, 11.59642999999957], [75.97133000000035, 11.59655999999994], [75.97111000000044, 11.59665999999924], [75.97064999999932, 11.59684999999986], [75.97023000000081, 11.59719000000037], [75.97018999999999, 11.59764999999971], [75.9702899999993, 11.59927000000061], [75.9702600000001, 11.59936999999991], [75.96889000000007, 11.60016999999967], [75.96723999999998, 11.60165000000053], [75.96711999999937, 11.6017599999996], [75.96696999999949, 11.60200000000081], [75.96692000000077, 11.60208000000059], [75.96659000000002, 11.60253999999983], [75.96652999999968, 11.60324000000037], [75.96651999999992, 11.60330000000063], [75.96651999999992, 11.6034099999997], [75.96645999999966, 11.60374000000044], [75.9655600000006, 11.60391999999953], [75.96479999999971, 11.60347000000004], [75.96421999999986, 11.60311000000001], [75.96372999999946, 11.6028900000001], [75.96319000000044, 11.60256999999912], [75.96202000000088, 11.60256999999912], [75.96148999999966, 11.60224999999991], [75.96155, 11.60191999999916], [75.96271999999956, 11.60140999999933], [75.96461000000086, 11.6008999999995], [75.96465999999967, 11.60073000000009], [75.96470000000049, 11.60072000000032], [75.96476000000075, 11.60059999999972], [75.96517999999926, 11.60001999999987], [75.9657100000004, 11.59952999999947], [75.96598000000088, 11.59887999999952], [75.96639999999931, 11.59829999999967], [75.96689999999947, 11.5981900000006], [75.96719999999915, 11.59787999999938], [75.96719999999915, 11.59737999999922], [75.96781999999983, 11.59689000000069], [75.96824000000012, 11.59649999999968], [75.96853999999989, 11.59627999999977], [75.96908000000079, 11.59627999999977], [75.96931000000036, 11.59624000000073], [75.96991999999959, 11.5960799999993], [75.97023000000081, 11.59574000000066], [75.97040000000014, 11.59548999999969], [75.97089000000054, 11.59411], [75.9700400000002, 11.59411], [75.96901000000068, 11.59451000000085], [75.96744000000037, 11.59470999999937], [75.9671300000009, 11.5949700000001], [75.96631999999953, 11.59504999999988], [75.9645299999993, 11.59542999999943], [75.96349000000012, 11.59540000000015], [75.96334000000023, 11.5949700000001], [75.96368000000074, 11.59397999999963], [75.96418000000081, 11.59324999999989], [75.96421999999986, 11.59230000000025], [75.96421999999986, 11.59149000000073], [75.9646799999991, 11.59095999999951], [75.96564000000038, 11.59077000000067], [75.96663000000085, 11.59077000000067], [75.96793000000066, 11.59035000000038], [75.96873000000052, 11.58988999999926], [75.96961000000015, 11.58935000000024], [75.97030000000083, 11.58900999999973], [75.97088000000078, 11.58892999999986], [75.97144999999908, 11.58897000000068], [75.97218000000069, 11.58897000000068], [75.97270000000027, 11.58951999999956]]}}, {"type": "Feature", "properties": {"id": 77, "zone": "High Hazard Zone", "FID": "77", "ZONE_": "High Hazard Zone", "SHAPE_Leng": "0.060181", "SHAPE_Area": "0.000048", "aarea": "0.590174"}, "geometry": {"type": "Polygon", "coordinates": [[75.99606999999921, 11.53566999999927], [75.9958499999993, 11.53571000000009], [75.99465000000055, 11.53571000000009], [75.99395999999977, 11.53593999999976], [75.99331999999957, 11.53640000000087], [75.99308999999991, 11.53737000000004], [75.9932100000005, 11.53835000000075], [75.99354999999925, 11.53921000000085], [75.9945900000002, 11.53944000000043], [75.99539000000004, 11.5391500000005], [75.99553999999993, 11.53897999999931], [75.99608000000083, 11.53897999999931], [75.99733999999992, 11.53897999999931], [75.99798000000011, 11.53960999999984], [75.99820999999979, 11.54025000000003], [75.99826000000029, 11.54117000000039], [75.99826000000029, 11.54184999999964], [75.99826000000029, 11.54260000000067], [75.99832000000063, 11.54341000000019], [75.99832000000063, 11.54398000000037], [75.99826000000029, 11.54455000000055], [75.99779999999917, 11.54523999999946], [75.99723000000085, 11.54558999999973], [75.99676999999974, 11.54610999999933], [75.99602000000048, 11.54628000000051], [75.99516000000038, 11.54628000000051], [75.99494000000047, 11.54620000000064], [75.99522000000073, 11.5458199999994], [75.99613999999931, 11.54437999999936], [75.99689000000035, 11.5437500000007], [75.99712000000001, 11.54322999999933], [75.99676999999974, 11.54248999999983], [75.99676999999974, 11.54197000000024], [75.99654000000008, 11.54150999999913], [75.99619999999956, 11.54127999999946], [75.99522000000073, 11.54127999999946], [75.99436000000063, 11.54156999999938], [75.99378000000068, 11.54162999999973], [75.99366999999984, 11.54145000000065], [75.99280999999974, 11.54098999999953], [75.99274999999939, 11.54025000000003], [75.99274999999939, 11.53955999999925], [75.99258000000007, 11.53864000000067], [75.99120000000038, 11.53840999999923], [75.98976000000043, 11.53840999999923], [75.98791999999962, 11.53846999999948], [75.98711999999978, 11.5382900000004], [75.98723000000061, 11.53772000000022], [75.98787000000081, 11.53754999999912], [75.98890000000033, 11.53720000000063], [75.98987999999916, 11.53663000000054], [75.99107999999977, 11.53581999999916], [75.99222999999981, 11.53525000000085], [75.99366999999984, 11.53462000000032], [75.99475999999962, 11.53398000000013], [75.99590999999964, 11.53334999999969], [75.99666000000067, 11.53261000000019], [75.9975699999995, 11.53203000000034], [75.99805094313193, 11.53095539268903], [75.99822235791403, 11.53074931763778], [75.99832944062766, 11.53054599206407], [75.99935999999981, 11.53008000000047], [75.99976000000058, 11.53047999999946], [75.9994100000004, 11.5320900000006], [75.9986700000009, 11.53347000000029], [75.9985500000003, 11.53443999999946], [75.99762999999984, 11.53449999999972], [75.99606999999921, 11.53566999999927]]}}, {"type": "Feature", "properties": {"id": 78, "zone": "High Hazard Zone", "FID": "78", "ZONE_": "High Hazard Zone", "SHAPE_Leng": "0.025556", "SHAPE_Area": "0.000024", "aarea": "0.288896"}, "geometry": {"type": "Polygon", "coordinates": [[75.99371000000066, 11.54680000000011], [75.99350000000052, 11.54737000000019], [75.99303999999941, 11.54794000000037], [75.99216999999955, 11.54834999999912], [75.9914900000003, 11.54834999999912], [75.99068000000078, 11.5482300000003], [75.99028000000001, 11.54708000000027], [75.98992999999975, 11.54651000000009], [75.9896499999995, 11.54576000000092], [75.9896499999995, 11.5449599999993], [75.9896499999995, 11.54392000000011], [75.98958999999924, 11.54341000000019], [75.9887899999994, 11.54334999999993], [75.98791999999962, 11.54334999999993], [75.98705999999952, 11.54334999999993], [75.98619999999941, 11.54283000000034], [75.98560999999971, 11.54219000000015], [75.98941999999991, 11.54167000000055], [75.98942999999959, 11.54173000000081], [75.9894999999997, 11.5418599999994], [75.99037999999932, 11.54191999999965], [75.99144999999957, 11.54191999999965], [75.99222000000013, 11.54229999999912], [75.99241000000075, 11.54310000000074], [75.99241000000075, 11.54378999999975], [75.9923299999991, 11.54463000000033], [75.9923299999991, 11.54508999999957], [75.9924499999997, 11.54555000000069], [75.99291000000082, 11.54570000000057], [75.99344000000018, 11.54573999999953], [75.99359999999983, 11.54589999999918], [75.99371000000066, 11.54651000000009], [75.99371000000066, 11.54680000000011]]}}, {"type": "Feature", "properties": {"id": 79, "zone": "High Hazard Zone", "FID": "79", "ZONE_": "High Hazard Zone", "SHAPE_Leng": "0.061557", "SHAPE_Area": "0.000089", "aarea": "1.092444"}, "geometry": {"type": "Polygon", "coordinates": [[75.98039000000061, 11.54349000000006], [75.9800500000001, 11.54386999999953], [75.97947999999992, 11.54478000000021], [75.97925000000035, 11.54546999999913], [75.97925000000035, 11.54610999999933], [75.97925000000035, 11.54673999999976], [75.97935999999933, 11.54794000000037], [75.97931000000061, 11.54817000000004], [75.97868000000017, 11.54862999999929], [75.97826999999964, 11.54915000000075], [75.97826999999964, 11.54990000000001], [75.97861999999982, 11.5505900000007], [75.97935999999933, 11.55105000000003], [75.9800500000001, 11.5514500000008], [75.98063000000005, 11.55168000000047], [75.98120000000013, 11.55207999999946], [75.98178000000007, 11.55248000000031], [75.98200999999975, 11.5528300000005], [75.98206000000023, 11.55345999999915], [75.98206000000023, 11.55371999999988], [75.98200999999975, 11.55378000000023], [75.98085999999962, 11.55397000000085], [75.9804199999999, 11.55397000000085], [75.97963999999958, 11.55357999999976], [75.97910000000046, 11.55289000000084], [75.97840999999968, 11.55272999999942], [75.97783999999959, 11.55272999999942], [75.97665000000052, 11.55272999999942], [75.97573000000007, 11.55270000000022], [75.97527000000082, 11.55270000000022], [75.97462000000087, 11.55277000000024], [75.97428000000036, 11.55304000000073], [75.97416999999952, 11.55330999999935], [75.97413000000056, 11.55364999999986], [75.97393999999984, 11.55442000000042], [75.97351999999955, 11.55499000000051], [75.97285999999984, 11.55517999999936], [75.97178999999959, 11.55537000000007], [75.97083999999995, 11.55579000000036], [75.97006999999938, 11.55629000000043], [75.96996000000033, 11.55647999999927], [75.96903999999996, 11.55754999999952], [75.96903999999996, 11.55786000000083], [75.96881000000029, 11.55832000000008], [75.96839, 11.55866000000059], [75.96811999999952, 11.55911999999993], [75.96819999999938, 11.55947000000011], [75.9684899999993, 11.55963999999952], [75.96840999999952, 11.56005000000005], [75.96788000000018, 11.56091999999991], [75.96688999999971, 11.56144999999927], [75.96614000000045, 11.56144999999927], [75.96517999999926, 11.56144999999927], [75.96529000000011, 11.56085999999957], [75.96548000000072, 11.55948999999963], [75.96559999999955, 11.55818999999972], [75.96564000000038, 11.55708000000051], [75.96598000000088, 11.55580999999979], [75.9662499999995, 11.5548999999992], [75.96678000000064, 11.55458999999975], [75.9671300000009, 11.55436000000008], [75.96778000000087, 11.55321000000005], [75.96876999999947, 11.5526800000007], [75.96908000000079, 11.55171999999951], [75.96958000000086, 11.55111000000029], [75.97033999999988, 11.55061000000022], [75.97129999999929, 11.55008000000087], [75.9716399999998, 11.5499500000005], [75.97183000000041, 11.5498000000007], [75.9730199999995, 11.54938000000041], [75.97408999999973, 11.54896000000003], [75.97470000000065, 11.54880000000047], [75.97523999999976, 11.54847999999949], [75.9780599999995, 11.5440999999992], [75.98039000000061, 11.54349000000006]]}}, {"type": "Feature", "properties": {"id": 80, "zone": "High Hazard Zone", "FID": "80", "ZONE_": "High Hazard Zone", "SHAPE_Leng": "0.033009", "SHAPE_Area": "0.000027", "aarea": "0.327971"}, "geometry": {"type": "Polygon", "coordinates": [[76.00463999999917, 11.56162000000037], [76.00458000000069, 11.56230999999937], [76.00439009663663, 11.56302007344332], [76.00434999999923, 11.56316999999947], [76.00377999999907, 11.56421000000043], [76.00315000000049, 11.56454999999917], [76.00239999999937, 11.56454999999917], [76.00159999999961, 11.5643199999995], [76.00119000000086, 11.56408999999983], [76.00119000000086, 11.56322999999973], [76.00119000000086, 11.56230999999937], [76.00119000000086, 11.56168000000071], [76.00171000000046, 11.56156000000011], [76.00239999999937, 11.56156000000011], [76.0030299999999, 11.56127999999986], [76.00315000000049, 11.56058999999916], [76.00268999999938, 11.55977999999956], [76.00171000000046, 11.55920999999947], [76.00074999999927, 11.55876999999966], [76.00059999999938, 11.55898999999956], [75.99991000000047, 11.55773000000047], [75.99991000000047, 11.55669999999918], [75.99997000000073, 11.55602000000003], [76.00020000000039, 11.55470000000059], [76.00036999999972, 11.55368000000093], [76.00134000000075, 11.5529299999998], [76.00200000000038, 11.55240000000044], [76.00194000000012, 11.55278], [76.00182999999927, 11.55404000000087], [76.0016500000002, 11.55495999999945], [76.00136999999994, 11.55581999999955], [76.00153999999927, 11.55674], [76.00229000000039, 11.55748999999926], [76.00296999999955, 11.55766000000036], [76.00360999999974, 11.55795000000038], [76.00434999999923, 11.55823000000054], [76.00463999999917, 11.55891999999946], [76.00504999999978, 11.55970999999954], [76.00469999999952, 11.55985999999943], [76.00469999999952, 11.55996000000051], [76.00469999999952, 11.56110000000077], [76.00463999999917, 11.56162000000037]]}}, {"type": "Feature", "properties": {"id": 81, "zone": "High Hazard Zone", "FID": "81", "ZONE_": "High Hazard Zone", "SHAPE_Leng": "0.093862", "SHAPE_Area": "0.000128", "aarea": "1.563104"}, "geometry": {"type": "Polygon", "coordinates": [[76.07208999999966, 11.52073000000018], [76.0693499999998, 11.51993000000043], [76.06889000000047, 11.52028000000061], [76.06814999999919, 11.51980000000006], [76.06473000000008, 11.51968999999913], [76.06300999999988, 11.52014000000057], [76.06186999999952, 11.51951999999981], [76.06101999999917, 11.51934000000073], [76.05935999999932, 11.51906000000056], [76.0579899999993, 11.51722999999943], [76.05599000000079, 11.51636999999933], [76.05479000000018, 11.5162], [76.05429000000002, 11.51754000000074], [76.05371999999984, 11.5174299999999], [76.05282000000078, 11.51661000000062], [76.05211000000057, 11.51596000000066], [76.05197000000044, 11.51539000000048], [76.05197000000044, 11.51502000000069], [76.05205000000022, 11.5144299999993], [76.05285000000006, 11.51409000000057], [76.05321, 11.51405999999951], [76.05455000000075, 11.51405999999951], [76.05539999999931, 11.51405999999951], [76.05632999999943, 11.51418000000011], [76.05782999999974, 11.51452000000062], [76.05927999999945, 11.51471999999923], [76.06004000000034, 11.51485999999935], [76.06112000000034, 11.51517000000058], [76.06165999999938, 11.51517000000058], [76.06230999999933, 11.51503000000045], [76.06267999999912, 11.51483000000007], [76.06267999999912, 11.51452000000062], [76.06267999999912, 11.51405999999951], [76.06258999999959, 11.51360999999993], [76.06211000000073, 11.51318999999964], [76.0617999999995, 11.51284999999914], [76.0614000000005, 11.5123600000006], [76.06063999999971, 11.51182999999947], [76.05880000000067, 11.51129000000036], [76.05819999999953, 11.51115000000023], [76.05681000000007, 11.51120000000081], [76.05595999999973, 11.51139999999942], [76.05463000000053, 11.51139999999942], [76.05355000000053, 11.51080999999972], [76.0526200000004, 11.51003999999925], [76.05183000000032, 11.50885000000017], [76.05134000000001, 11.50789000000077], [76.0503800000006, 11.50728999999953], [76.04997000000007, 11.50697000000032], [76.04934999999931, 11.50662000000014], [76.0484199999992, 11.50672999999911], [76.0472599999994, 11.50672999999911], [76.04677616602704, 11.50612315738988], [76.04666999999971, 11.50598999999962], [76.04765867716597, 11.50469082917838], [76.04791260796031, 11.50454331761337], [76.04822538921056, 11.50423813011312], [76.04834730902613, 11.50408846064919], [76.0497699999996, 11.50314000000068], [76.0517600000003, 11.50309000000019], [76.05285000000006, 11.50468000000003], [76.05250999999956, 11.50627999999963], [76.05278999999972, 11.50777000000017], [76.0545600000005, 11.50885000000017], [76.05679000000055, 11.50863000000027], [76.05804999999964, 11.50787999999923], [76.05935999999932, 11.50822999999941], [76.06078999999951, 11.50897000000078], [76.06186999999952, 11.50959999999944], [76.0629599999993, 11.51085000000054], [76.06393000000023, 11.51347999999966], [76.06718000000002, 11.51484999999959], [76.06843999999911, 11.51615999999918], [76.06981000000091, 11.51781999999913], [76.07164000000009, 11.51862000000075], [76.07255000000077, 11.51970000000076], [76.07208999999966, 11.52073000000018]]}}, {"type": "Feature", "properties": {"id": 82, "zone": "High Hazard Zone", "FID": "82", "ZONE_": "High Hazard Zone", "SHAPE_Leng": "0.092435", "SHAPE_Area": "0.000136", "aarea": "1.66717"}, "geometry": {"type": "Polygon", "coordinates": [[76.06264999999983, 11.52289999999996], [76.06393000000023, 11.52282999999986], [76.06564000000067, 11.52243000000087], [76.06683999999952, 11.52196999999975], [76.06867000000055, 11.52162999999924], [76.06871999999927, 11.52160000000005], [76.06912000000013, 11.52180000000043], [76.07043999999948, 11.52243000000087], [76.07186999999976, 11.52305999999952], [76.07341000000088, 11.52380000000089], [76.0731199999991, 11.5245400000003], [76.07186999999976, 11.52470999999971], [76.07071999999974, 11.52544999999921], [76.07004000000049, 11.52607999999964], [76.0693499999998, 11.52648000000041], [76.07014999999956, 11.52767999999925], [76.07169000000067, 11.52796999999917], [76.07169000000067, 11.52693999999975], [76.07329000000028, 11.52550999999947], [76.07546000000006, 11.52568000000065], [76.07689000000025, 11.52607999999964], [76.07912000000037, 11.5268799999994], [76.0800299999992, 11.52693999999975], [76.08145999999938, 11.52856000000065], [76.08145999999938, 11.53038999999992], [76.0817999999999, 11.53141999999934], [76.0820199999998, 11.53169999999951], [76.08272000000035, 11.53211000000012], [76.08301000000027, 11.53320999999957], [76.08301000000027, 11.53425000000062], [76.08277000000093, 11.53469000000043], [76.08266, 11.53489000000081], [76.08251999999996, 11.53496000000083], [76.08208000000015, 11.53518000000074], [76.08185000000049, 11.53576000000068], [76.08185000000049, 11.53616999999943], [76.08195999999954, 11.53698000000072], [76.08237000000007, 11.53730999999969], [76.08249000000067, 11.53811999999921], [76.08301000000027, 11.53904999999942], [76.08301000000027, 11.54032999999981], [76.08301000000027, 11.54195000000072], [76.0828299999994, 11.54282000000058], [76.08274999999954, 11.54303000000072], [76.08249000000067, 11.5436300000001], [76.08185000000049, 11.54399999999989], [76.08175999999916, 11.54411000000073], [76.08169000000092, 11.54408999999943], [76.08149000000044, 11.54356999999984], [76.08146999999914, 11.54303000000072], [76.08146999999914, 11.5427199999995], [76.08146999999914, 11.54224000000064], [76.08127000000063, 11.54155999999962], [76.08086999999978, 11.54084999999941], [76.08044999999949, 11.54051000000076], [76.08015999999957, 11.54003000000013], [76.0787700000001, 11.53903999999966], [76.07786999999918, 11.53880999999999], [76.07716000000075, 11.53874999999974], [76.07625000000006, 11.53844000000029], [76.0756000000001, 11.53787999999987], [76.07529000000065, 11.53744999999982], [76.0751500000006, 11.53673999999952], [76.07503000000001, 11.5358099999994], [76.07503000000001, 11.53523999999922], [76.07543000000078, 11.53435999999968], [76.0756000000001, 11.5339399999993], [76.07617000000027, 11.53346000000053], [76.0765599999995, 11.53328999999943], [76.0778399999999, 11.53346000000053], [76.07889000000071, 11.5335699999996], [76.07954000000066, 11.53319999999989], [76.07954000000066, 11.53262999999972], [76.07944999999926, 11.53226999999968], [76.07906000000003, 11.5320699999993], [76.07875000000058, 11.53187000000069], [76.07775000000035, 11.53187000000069], [76.07706999999934, 11.53177999999937], [76.0765599999995, 11.53158000000077], [76.07602000000038, 11.5313299999998], [76.07517000000004, 11.53089999999975], [76.0743199999997, 11.53038999999992], [76.07413000000086, 11.52988000000009], [76.07361999999925, 11.52953999999958], [76.07295999999953, 11.52917999999954], [76.07234000000064, 11.52917999999954], [76.07208999999966, 11.52966000000018], [76.07141000000051, 11.53010999999966], [76.07080999999927, 11.53028000000085], [76.0692500000005, 11.53028000000085], [76.06869000000007, 11.52990999999928], [76.06818000000025, 11.52953999999958], [76.06801000000084, 11.52851999999982], [76.06763999999927, 11.52795999999941], [76.06746999999994, 11.52730999999945], [76.0673800000004, 11.52668000000088], [76.0673800000004, 11.52630999999931], [76.06744000000074, 11.52569000000041], [76.06767000000033, 11.52534999999991], [76.06795000000058, 11.52506999999965], [76.06797999999978, 11.52467000000066], [76.06758000000079, 11.52429999999909], [76.06696000000011, 11.52421999999931], [76.06530999999993, 11.52421999999931], [76.06468999999926, 11.52410000000057], [76.06407000000036, 11.52378999999926], [76.06346999999911, 11.52345000000062], [76.06264999999983, 11.52289999999996]]}}, {"type": "Feature", "properties": {"id": 83, "zone": "High Hazard Zone", "FID": "83", "ZONE_": "High Hazard Zone", "SHAPE_Leng": "0.02999", "SHAPE_Area": "0.000025", "aarea": "0.309585"}, "geometry": {"type": "Polygon", "coordinates": [[76.09043999999997, 11.55445999999938], [76.09108000000016, 11.55445999999938], [76.09172000000036, 11.55445999999938], [76.09229000000053, 11.55436000000008], [76.09271000000082, 11.55424999999924], [76.0933100000002, 11.55383000000072], [76.09384999999932, 11.55374999999917], [76.09454999999977, 11.55374999999917], [76.09504999999993, 11.55374999999917], [76.09562000000001, 11.55467999999929], [76.09571999999932, 11.55507000000038], [76.09571999999932, 11.55559999999965], [76.09550999999918, 11.55594999999992], [76.09516000000077, 11.55613000000087], [76.09476999999967, 11.5566199999994], [76.0946600000007, 11.55718999999958], [76.09445000000046, 11.55782999999977], [76.09303000000004, 11.5591299999996], [76.09260999999965, 11.55931000000055], [76.09200000000052, 11.5598399999999], [76.09139999999937, 11.56009000000087], [76.08994999999958, 11.56022999999913], [76.08942000000022, 11.56022999999913], [76.08892000000014, 11.56022999999913], [76.08804000000052, 11.56036999999926], [76.08707999999933, 11.5605799999994], [76.08668000000034, 11.56077000000002], [76.08690000000026, 11.56012000000007], [76.08729999999925, 11.55959000000071], [76.08764999999951, 11.55882999999991], [76.08808999999933, 11.55852000000047], [76.08828999999972, 11.55838000000043], [76.08904000000075, 11.55803000000016], [76.09008999999969, 11.55784999999921], [76.0908500000005, 11.55784999999921], [76.09137000000008, 11.55787000000051], [76.09223999999995, 11.55784999999921], [76.09293000000073, 11.55721000000088], [76.09275999999954, 11.55662999999916], [76.09202000000005, 11.55631999999971], [76.0919099999992, 11.55584000000085], [76.09071000000037, 11.55470000000059], [76.09043999999997, 11.55445999999938]]}}, {"type": "Feature", "properties": {"id": 84, "zone": "High Hazard Zone", "FID": "84", "ZONE_": "High Hazard Zone", "SHAPE_Leng": "0.023169", "SHAPE_Area": "0.000017", "aarea": "0.201989"}, "geometry": {"type": "Polygon", "coordinates": [[76.1130400000002, 11.54015000000073], [76.11395000000088, 11.54133000000004], [76.11395000000088, 11.54142999999935], [76.11460000000075, 11.54190000000013], [76.11615999999962, 11.54249999999959], [76.11693999999986, 11.54277999999976], [76.11772000000018, 11.54303000000072], [76.1185000000005, 11.54341999999995], [76.11909999999988, 11.54387999999929], [76.12012999999929, 11.54429999999958], [76.12080000000064, 11.54462000000056], [76.12151000000085, 11.54493999999977], [76.12175999999995, 11.54526000000076], [76.12175999999995, 11.54582999999907], [76.12170999999947, 11.54601000000002], [76.1210800000008, 11.54601000000002], [76.12026999999942, 11.5458699999999], [76.11938000000012, 11.54564999999999], [76.11871000000065, 11.54562000000079], [76.11803999999938, 11.54543999999984], [76.11765000000015, 11.54508999999957], [76.11726000000093, 11.54505000000062], [76.11665999999968, 11.5449800000006], [76.11591000000043, 11.54491000000049], [76.11527000000024, 11.54486999999976], [76.11494999999924, 11.54472999999963], [76.1144199999999, 11.54406000000015], [76.11411000000044, 11.54334999999993], [76.11378999999945, 11.54261000000044], [76.11321999999927, 11.54137000000087], [76.11314999999927, 11.54061999999974], [76.1130400000002, 11.54015000000073]]}}, {"type": "Feature", "properties": {"id": 85, "zone": "High Hazard Zone", "FID": "85", "ZONE_": "High Hazard Zone", "SHAPE_Leng": "0.251362", "SHAPE_Area": "0.00044", "aarea": "5.389113"}, "geometry": {"type": "Polygon", "coordinates": [[76.12328999999954, 11.53009000000023], [76.12256999999957, 11.53012999999919], [76.12252000000085, 11.53014000000073], [76.12205999999973, 11.52996999999963], [76.12127999999942, 11.52942000000075], [76.12001000000056, 11.52853999999935], [76.11897999999927, 11.52808999999977], [76.11807000000044, 11.5277399999995], [76.11784000000078, 11.52750999999992], [76.11787999999983, 11.52743999999982], [76.1184799999992, 11.52659999999924], [76.11924999999975, 11.52645999999911], [76.11968999999957, 11.52612000000047], [76.11961999999946, 11.52578999999972], [76.11915000000046, 11.52539000000073], [76.11780999999972, 11.5252799999998], [76.1170000000002, 11.5252500000006], [76.11585999999984, 11.52507999999941], [76.11527000000024, 11.52497000000035], [76.11510000000091, 11.52471999999947], [76.1142400000008, 11.52352000000064], [76.1130400000002, 11.52299999999927], [76.11186000000089, 11.52188000000021], [76.11182000000007, 11.52183999999939], [76.1116899999997, 11.52128000000084], [76.1116899999997, 11.5206500000004], [76.1116899999997, 11.52028000000061], [76.11165000000074, 11.52038999999967], [76.11143000000084, 11.52066000000016], [76.11108000000056, 11.52109999999989], [76.11074999999981, 11.52123000000025], [76.11044000000037, 11.52168999999959], [76.11031, 11.52203999999986], [76.11029000000056, 11.52225], [76.11022000000045, 11.52226999999944], [76.1102599999995, 11.52241999999933], [76.11021000000069, 11.52259000000051], [76.11021000000069, 11.52303000000033], [76.11031, 11.52367000000052], [76.11054999999944, 11.5242699999999], [76.11088000000018, 11.52457999999934], [76.11115000000066, 11.52518000000058], [76.11129000000071, 11.52592000000008], [76.11131999999999, 11.52621999999977], [76.11131999999999, 11.52665999999949], [76.11146000000012, 11.52702999999929], [76.11146000000012, 11.52747000000088], [76.11129000000071, 11.52766999999948], [76.11084999999912, 11.52772999999983], [76.11045000000013, 11.52772999999983], [76.11001000000032, 11.52772999999983], [76.10946999999942, 11.52772999999983], [76.10901000000008, 11.52774999999926], [76.1088099999997, 11.52748000000064], [76.10658999999943, 11.52633000000061], [76.10658999999943, 11.52541999999992], [76.10619000000044, 11.52468000000042], [76.1058599999997, 11.52397999999997], [76.10584000000017, 11.52393999999915], [76.10613000000009, 11.52302000000057], [76.10676000000062, 11.52181999999995], [76.10721999999986, 11.52073999999994], [76.10526999999999, 11.52204999999962], [76.1048200000005, 11.52268000000006], [76.10402000000066, 11.52233999999955], [76.10327999999939, 11.52176999999937], [76.10253000000012, 11.52147999999944], [76.1018499999991, 11.52124999999978], [76.10095000000004, 11.52103999999963], [76.10075999999933, 11.5205800000003], [76.09967999999932, 11.52045999999969], [76.09915999999973, 11.52035000000072], [76.09715999999936, 11.52029000000037], [76.09431000000043, 11.51937999999968], [76.09327999999914, 11.51812000000059], [76.09247999999938, 11.51732000000083], [76.09214000000065, 11.51618000000057], [76.09199000000085, 11.51499999999939], [76.09207000000063, 11.5146999999997], [76.09224999999971, 11.51424000000046], [76.09250000000068, 11.51377999999935], [76.09300000000076, 11.51346000000014], [76.09367000000023, 11.51324999999999], [76.09426999999961, 11.51307000000091], [76.09494000000086, 11.51295999999998], [76.09557999999929, 11.51295999999998], [76.09607999999935, 11.51293000000078], [76.09654000000046, 11.51272000000064], [76.09678999999957, 11.5123600000006], [76.09671999999955, 11.51229000000058], [76.09675000000061, 11.51226999999929], [76.0971200000004, 11.51194000000031], [76.09751999999939, 11.51168999999935], [76.09795999999912, 11.51153999999955], [76.09845999999928, 11.51145000000001], [76.09907999999994, 11.51143000000048], [76.09958999999978, 11.51131999999964], [76.10015999999996, 11.51131999999964], [76.10078000000063, 11.51131999999964], [76.1013299999995, 11.51133999999908], [76.10220999999913, 11.51156000000085], [76.10290999999958, 11.51165000000039], [76.10383999999979, 11.51212999999916], [76.10449999999943, 11.51231000000011], [76.10533000000034, 11.51260000000003], [76.10572999999933, 11.51238000000013], [76.10591000000018, 11.51195999999984], [76.10591000000018, 11.51140999999918], [76.10575000000063, 11.51099000000067], [76.10525000000055, 11.5108600000003], [76.10476000000016, 11.51079000000029], [76.1034400000008, 11.51079000000029], [76.10220999999913, 11.51045999999954], [76.10130000000022, 11.51037], [76.10071000000062, 11.51015000000009], [76.09998000000087, 11.51008999999974], [76.09893000000015, 11.51013000000057], [76.09835000000021, 11.5106400000004], [76.0978899999991, 11.51074999999946], [76.09707999999958, 11.51108000000021], [76.09634999999984, 11.51182999999947], [76.09618000000043, 11.51201000000033], [76.09597000000029, 11.51201000000033], [76.09543999999916, 11.51215000000046], [76.09480000000073, 11.5121899999995], [76.09405999999946, 11.5121899999995], [76.0933100000002, 11.5121899999995], [76.09274999999978, 11.51161999999933], [76.09260999999965, 11.51115999999999], [76.09259000000023, 11.51089999999935], [76.09271000000082, 11.50913000000034], [76.09224999999971, 11.50787999999923], [76.09122999999997, 11.50645000000073], [76.09053999999927, 11.50518999999986], [76.08990629863766, 11.50397397846688], [76.09013367049963, 11.50323772386213], [76.09026428668966, 11.5026744463193], [76.09094000000003, 11.50107999999997], [76.09123285837839, 11.50050969684167], [76.0913362184365, 11.50033102809911], [76.09179000000037, 11.50007999999983], [76.09186000000048, 11.50004000000078], [76.09211999999935, 11.49966999999921], [76.09231999999973, 11.49951999999941], [76.09268999999952, 11.49913999999986], [76.09339999999975, 11.49874000000087], [76.09363999999917, 11.49861000000059], [76.09412999999948, 11.49848000000023], [76.09461000000012, 11.49848000000023], [76.09526999999983, 11.4984600000007], [76.09595000000085, 11.49807999999937], [76.09617000000067, 11.49770999999967], [76.09643999999939, 11.49733999999987], [76.09656999999966, 11.49681000000052], [76.09646000000069, 11.49645000000057], [76.09589000000051, 11.49598999999946], [76.09550999999918, 11.49563999999919], [76.0952500000003, 11.49475999999956], [76.09474000000048, 11.49443000000068], [76.09432999999986, 11.49416999999995], [76.09403000000017, 11.49409000000017], [76.0929400000005, 11.4937399999999], [76.09288999999991, 11.49294000000006], [76.09278286518148, 11.49280548628345], [76.09278870175207, 11.49272919260238], [76.09278870175207, 11.49254797385216], [76.09278870175207, 11.49234581760202], [76.09240723300171, 11.49195863010164], [76.09156035800092, 11.49164581760139], [76.09071375848384, 11.4910777215646], [76.09016999999947, 11.49071000000002], [76.09007086784553, 11.49066043392309], [76.0900126006056, 11.49062947987914], [76.09041000000069, 11.49055000000046], [76.09118999999923, 11.49043999999962], [76.09182999999942, 11.49043999999962], [76.0925700000007, 11.49029999999949], [76.0932100000009, 11.4900500000003], [76.09362999999941, 11.48991000000026], [76.09391999999933, 11.48958999999919], [76.09433999999962, 11.48912999999994], [76.09469999999966, 11.48896000000062], [76.09518999999996, 11.48860000000059], [76.09571999999932, 11.48841999999964], [76.09625000000054, 11.48806999999946], [76.09675000000061, 11.4875400000001], [76.09689000000074, 11.48725999999985], [76.09844999999952, 11.48727999999937], [76.09912000000077, 11.48727999999937], [76.09962000000084, 11.48727999999937], [76.10053999999943, 11.48748999999952], [76.10114000000067, 11.48819999999982], [76.10117999999962, 11.48929999999926], [76.10114000000067, 11.49007999999959], [76.10025999999927, 11.49035999999975], [76.0976699999992, 11.49056999999989], [76.09632000000056, 11.49056999999989], [76.09511999999995, 11.49085999999991], [76.09487000000084, 11.4915299999993], [76.09530000000089, 11.49188999999933], [76.09597000000029, 11.49188999999933], [76.09685999999968, 11.49188999999933], [76.09771000000002, 11.49188999999933], [76.09841000000056, 11.49199000000041], [76.0990899999997, 11.49228000000043], [76.0997599999992, 11.4932700000008], [76.10036000000034, 11.49432999999951], [76.10074999999956, 11.49507000000088], [76.10124999999972, 11.49507000000088], [76.10157000000072, 11.49507000000088], [76.10212999999926, 11.49524999999996], [76.10276999999955, 11.49550000000093], [76.10340999999974, 11.49631000000045], [76.10368999999992, 11.4968399999998], [76.10375999999992, 11.49738000000069], [76.10407999999914, 11.49779999999921], [76.10461000000036, 11.49850999999942], [76.10553000000071, 11.49857999999953], [76.10652999999908, 11.49857999999953], [76.10713000000032, 11.49876000000039], [76.10713000000032, 11.49878999999967], [76.10715999999961, 11.49877999999991], [76.10727000000044, 11.49871999999957], [76.10715999999961, 11.49900999999958], [76.10677000000028, 11.4992299999994], [76.10591000000018, 11.49939000000082], [76.10508999999912, 11.49939000000082], [76.10411999999997, 11.49939000000082], [76.10253999999988, 11.49934000000033], [76.10201000000053, 11.49914999999962], [76.10145999999988, 11.49897000000053], [76.1013500000008, 11.49926000000046], [76.10154999999942, 11.49970000000027], [76.10160999999967, 11.49999999999996], [76.10154999999942, 11.5005799999999], [76.10154999999942, 11.50091000000065], [76.1013500000008, 11.50136999999998], [76.10056000000081, 11.50155000000084], [76.09982999999922, 11.50185000000053], [76.0985299999993, 11.50224999999952], [76.0976699999992, 11.50258000000027], [76.09754000000069, 11.50297999999926], [76.09763000000024, 11.50331000000009], [76.09830999999939, 11.50341999999907], [76.09894999999959, 11.50347999999942], [76.09950000000023, 11.50391999999923], [76.09998000000087, 11.50431999999999], [76.10059999999977, 11.50521999999905], [76.10100000000054, 11.50590999999983], [76.1014799999994, 11.50620999999952], [76.10231999999998, 11.50624000000058], [76.10361999999989, 11.5066800000004], [76.10414999999925, 11.50700999999937], [76.10462000000003, 11.50707999999939], [76.10481000000074, 11.50691000000006], [76.10483000000026, 11.50645000000073], [76.10477999999968, 11.50561000000015], [76.10449999999943, 11.5051500000009], [76.1042300000008, 11.50468999999979], [76.1042099999995, 11.50419999999939], [76.10411999999997, 11.50379000000064], [76.10414999999925, 11.50337000000035], [76.10433999999987, 11.50311999999938], [76.10498000000007, 11.50305999999913], [76.10572999999933, 11.50316999999997], [76.10627999999998, 11.50391999999923], [76.10634999999999, 11.50451000000071], [76.10649999999988, 11.50489000000017], [76.10661000000073, 11.50566000000073], [76.10687999999935, 11.50629999999906], [76.1072100000001, 11.50674000000074], [76.10737999999951, 11.50711000000045], [76.10766999999943, 11.5076399999998], [76.10767999999919, 11.50779999999936], [76.10800000000019, 11.50830999999928], [76.10817999999927, 11.50927000000046], [76.10830999999963, 11.50969000000075], [76.10844, 11.51020000000059], [76.10886000000029, 11.51044000000002], [76.10950000000048, 11.51070000000074], [76.11024999999974, 11.51082999999924], [76.11088000000018, 11.51108000000021], [76.11147999999955, 11.51114000000056], [76.11162999999944, 11.51125999999929], [76.1116600000005, 11.51130999999988], [76.11195000000042, 11.51188000000006], [76.11240999999976, 11.51240999999932], [76.11225999999988, 11.5129799999995], [76.11244000000082, 11.51385999999913], [76.11244000000082, 11.51408000000081], [76.11204999999973, 11.51447000000004], [76.11152000000037, 11.51456999999934], [76.11088000000018, 11.51456999999934], [76.11000000000055, 11.51456999999934], [76.10922000000032, 11.5143599999992], [76.10839999999918, 11.51403999999999], [76.10812000000078, 11.51404999999975], [76.10701999999948, 11.51404999999975], [76.10563999999978, 11.51348999999933], [76.1049700000003, 11.51319999999941], [76.10411999999997, 11.51317000000021], [76.10354999999979, 11.51362999999946], [76.10354999999979, 11.51418999999987], [76.10304999999971, 11.51496000000043], [76.1022400000002, 11.51541999999968], [76.10145999999988, 11.51560000000063], [76.10058000000025, 11.51574000000076], [76.09962000000084, 11.51644999999919], [76.09955000000082, 11.51691000000031], [76.10060999999953, 11.51764999999981], [76.10157000000072, 11.51764999999981], [76.10195999999995, 11.5175799999997], [76.10266000000048, 11.51715999999941], [76.1031299999995, 11.51705000000034], [76.1034400000008, 11.51705000000034], [76.10414999999925, 11.51712000000045], [76.10464999999931, 11.51729999999954], [76.10483000000026, 11.51776000000065], [76.10492999999948, 11.51857000000017], [76.10511000000042, 11.51943000000027], [76.10556999999967, 11.51964000000041], [76.10603000000079, 11.51945999999955], [76.10663000000025, 11.51921000000036], [76.10701999999948, 11.51881999999936], [76.10737999999951, 11.51833000000082], [76.10769000000073, 11.51764999999981], [76.10812000000078, 11.51705000000034], [76.10844999999976, 11.51670000000016], [76.10921000000056, 11.51651999999921], [76.11048999999909, 11.51600999999938], [76.11079000000063, 11.51600999999938], [76.11134999999919, 11.51576999999995], [76.11219999999962, 11.51569999999993], [76.11343999999919, 11.51549999999955], [76.11418000000046, 11.51611000000046], [76.11455000000025, 11.51670999999983], [76.11505000000032, 11.51778999999984], [76.11505000000032, 11.51843000000004], [76.11487999999913, 11.51922999999988], [76.11450999999943, 11.51964000000041], [76.11450999999943, 11.52021000000059], [76.11475000000064, 11.52090999999927], [76.11542000000011, 11.52124999999978], [76.11585999999984, 11.52195999999999], [76.11620000000035, 11.52273000000055], [76.1167000000005, 11.52306999999928], [76.11751000000002, 11.52340000000003], [76.11794000000008, 11.52340000000003], [76.1183500000006, 11.52337000000084], [76.11899000000089, 11.52337000000084], [76.11959000000027, 11.52340000000003], [76.12060000000017, 11.52376999999983], [76.12076999999958, 11.52418000000035], [76.12087000000066, 11.52488000000081], [76.12089999999985, 11.52576000000043], [76.12124000000037, 11.52652999999922], [76.12133999999966, 11.52713000000037], [76.12154000000014, 11.52766999999948], [76.12190999999984, 11.52793999999997], [76.12238000000072, 11.52821000000038], [76.12277999999971, 11.52878000000055], [76.12328999999954, 11.52949000000077], [76.12328999999954, 11.53009000000023]]}}, {"type": "Feature", "properties": {"id": 86, "zone": "High Hazard Zone", "FID": "86", "ZONE_": "High Hazard Zone", "SHAPE_Leng": "0.025931", "SHAPE_Area": "0.000021", "aarea": "0.257321"}, "geometry": {"type": "Polygon", "coordinates": [[76.12151000000085, 11.50181999999947], [76.12214999999928, 11.50189999999934], [76.12320999999976, 11.50236000000045], [76.12423999999919, 11.50264000000061], [76.12501999999951, 11.50278000000074], [76.12562000000075, 11.50302999999984], [76.12632999999919, 11.50376999999934], [76.12644000000003, 11.50431000000023], [76.12531999999919, 11.50465000000074], [76.12427000000025, 11.50465000000074], [76.12292999999951, 11.50424999999998], [76.12275000000042, 11.50408000000065], [76.12199999999939, 11.50373000000038], [76.1212300000007, 11.50326999999927], [76.11998999999926, 11.50326999999927], [76.11729000000012, 11.50323000000022], [76.11622999999963, 11.50316000000021], [76.11565999999947, 11.50297999999926], [76.11480999999912, 11.50244999999999], [76.11477999999993, 11.50192000000064], [76.11475000000064, 11.50188999999957], [76.11484999999995, 11.50161999999908], [76.11506999999985, 11.50159999999956], [76.11565999999947, 11.50159999999956], [76.11645999999931, 11.50159999999956], [76.11707000000021, 11.50136000000022], [76.11762000000087, 11.50115999999984], [76.11815000000023, 11.50092000000041], [76.11870000000089, 11.50092000000041], [76.11923999999999, 11.50089999999911], [76.11955999999921, 11.50105000000077], [76.12052000000038, 11.50129000000011], [76.12151000000085, 11.50181999999947]]}}, {"type": "Feature", "properties": {"id": 87, "zone": "High Hazard Zone", "FID": "87", "ZONE_": "High Hazard Zone", "SHAPE_Leng": "0.044917", "SHAPE_Area": "0.000043", "aarea": "0.528334"}, "geometry": {"type": "Polygon", "coordinates": [[76.11031, 11.50771999999958], [76.11024999999974, 11.50761000000061], [76.11017999999963, 11.50684000000004], [76.11017999999963, 11.50626999999987], [76.11017999999963, 11.50562999999967], [76.1104099999993, 11.50532000000022], [76.1106500000005, 11.50521999999905], [76.1111199999996, 11.50521999999905], [76.11146000000012, 11.50521999999905], [76.11216000000057, 11.50535999999918], [76.11310000000046, 11.50562999999967], [76.11404000000043, 11.50576000000004], [76.11448000000014, 11.50576000000004], [76.11508999999937, 11.50539000000024], [76.11549000000014, 11.50475000000005], [76.11599000000021, 11.50427999999917], [76.11652999999933, 11.50410999999985], [76.11716999999952, 11.50410999999985], [76.1183500000006, 11.50468999999979], [76.11895000000007, 11.50491999999937], [76.11931999999977, 11.50590000000007], [76.11975999999959, 11.50697000000032], [76.12050000000086, 11.50731000000083], [76.12137000000072, 11.50731000000083], [76.12245000000074, 11.50761000000061], [76.12319000000024, 11.50811000000068], [76.12319000000024, 11.50938999999929], [76.12314999999941, 11.51032999999917], [76.12312000000021, 11.51123999999977], [76.12288000000079, 11.51178000000075], [76.1226800000004, 11.5129500000003], [76.1219400000009, 11.51322000000071], [76.12069999999947, 11.51346000000014], [76.11982999999961, 11.51339000000003], [76.11942000000094, 11.51316000000045], [76.11931999999977, 11.51279000000065], [76.11872000000041, 11.51185000000077], [76.11853999999946, 11.51163000000087], [76.11870000000089, 11.51172000000041], [76.11922000000047, 11.51212999999916], [76.11968999999957, 11.51232999999954], [76.12003000000009, 11.51223000000024], [76.12036000000083, 11.51179000000051], [76.12080000000064, 11.51117999999951], [76.1209600000002, 11.51074999999946], [76.12084999999936, 11.51058000000014], [76.12084999999936, 11.51037], [76.12055999999934, 11.5097299999998], [76.1194599999999, 11.50920000000045], [76.11701999999973, 11.50856999999992], [76.11688999999936, 11.50842000000012], [76.11655000000063, 11.50804000000066], [76.11650000000013, 11.50741000000013], [76.11637999999952, 11.50683000000028], [76.11630999999942, 11.50681000000076], [76.11544999999931, 11.50659000000085], [76.11504000000056, 11.50659000000085], [76.11453000000073, 11.50747000000048], [76.11383999999995, 11.50758999999922], [76.11314999999927, 11.50741000000013], [76.11261000000015, 11.50741000000013], [76.11174000000028, 11.50741000000013], [76.11103999999973, 11.50741000000013], [76.11033999999928, 11.50770000000015], [76.11031, 11.50771999999958]]}}, {"type": "Feature", "properties": {"id": 88, "zone": "High Hazard Zone", "FID": "88", "ZONE_": "High Hazard Zone", "SHAPE_Leng": "0.07937", "SHAPE_Area": "0.000096", "aarea": "1.176484"}, "geometry": {"type": "Polygon", "coordinates": [[76.12981000000033, 11.4938600000005], [76.13089000000033, 11.49457000000072], [76.13109000000081, 11.4951400000009], [76.13091999999962, 11.49560999999991], [76.1301100000001, 11.49574000000027], [76.12944000000063, 11.49574000000027], [76.12882999999962, 11.49574000000027], [76.12812999999917, 11.49568000000001], [76.12749000000075, 11.49551000000069], [76.12674999999948, 11.49531000000022], [76.12610999999927, 11.49496999999971], [76.1255399999991, 11.4945000000007], [76.12514000000012, 11.49393000000052], [76.12456999999993, 11.49342000000069], [76.12376000000042, 11.49265000000013], [76.12288000000079, 11.49224999999936], [76.12225000000035, 11.49205000000076], [76.12062999999945, 11.49210999999924], [76.1194599999999, 11.49255000000083], [76.11938999999988, 11.49259999999955], [76.11906000000091, 11.49252999999953], [76.1185999999998, 11.49250000000033], [76.11789999999925, 11.49250000000033], [76.1173999999992, 11.49252999999953], [76.11683000000087, 11.49252999999953], [76.1157700000003, 11.49252999999953], [76.11506000000008, 11.49224999999936], [76.11434999999987, 11.49167999999919], [76.11347000000025, 11.49100999999971], [76.11311000000022, 11.49041000000033], [76.11290000000007, 11.48991000000026], [76.11268999999993, 11.48938000000091], [76.11209000000055, 11.48896000000062], [76.11140999999954, 11.48841999999964], [76.11119999999939, 11.48789000000037], [76.11119999999939, 11.4868999999999], [76.11042000000093, 11.48547999999939], [76.11042000000093, 11.48488000000001], [76.10986000000051, 11.48428000000055], [76.10946999999942, 11.48402999999958], [76.10901000000008, 11.48400000000039], [76.10805000000077, 11.48378000000048], [76.10772999999969, 11.48339999999915], [76.10762000000072, 11.4830399999992], [76.1073099999994, 11.48283000000084], [76.10692000000017, 11.48283000000084], [76.10652999999908, 11.48283000000084], [76.10613999999985, 11.48283000000084], [76.10542999999964, 11.48283000000084], [76.10485999999946, 11.4824700000008], [76.10440000000021, 11.48200999999969], [76.1042099999995, 11.48171], [76.1045799999993, 11.48162000000046], [76.10491302751358, 11.48145075650915], [76.10519407676367, 11.48131369259169], [76.1056594830141, 11.48116494259155], [76.10659026426492, 11.48017406759066], [76.10690307676528, 11.47963906759018], [76.10744476426572, 11.47879888008936], [76.10845185801669, 11.4778089425885], [76.10894148917907, 11.47746138558195], [76.10930999999987, 11.47719999999935], [76.10968999999933, 11.47689999999966], [76.11101000000055, 11.4757599999994], [76.11110351152955, 11.47563396272118], [76.11124420176928, 11.47545241133623], [76.1117053538657, 11.47511224316278], [76.11186000000089, 11.47500000000037], [76.11213813440244, 11.47510175648894], [76.11229158168301, 11.47516024584985], [76.11306040819532, 11.47552524429421], [76.11333765734572, 11.47566530011733], [76.1133800000007, 11.47568999999929], [76.1133800000007, 11.4761500000004], [76.11310000000046, 11.47682999999964], [76.11232000000022, 11.47767999999998], [76.1119099999996, 11.47818999999981], [76.11159000000039, 11.47897000000014], [76.11187000000065, 11.48017000000075], [76.11223000000068, 11.48122999999937], [76.11237000000071, 11.48186999999965], [76.11237000000071, 11.4824700000008], [76.11275999999994, 11.48329000000008], [76.11287000000087, 11.48495000000003], [76.11342999999943, 11.4861600000004], [76.11427999999977, 11.4868999999999], [76.11477999999993, 11.48785999999931], [76.11537999999929, 11.48856999999952], [76.1158400000004, 11.48884999999969], [76.11622999999963, 11.48938000000091], [76.1164800000006, 11.48960000000081], [76.11688999999936, 11.48971999999955], [76.11771000000041, 11.49006000000006], [76.11909999999988, 11.49015999999937], [76.11958000000051, 11.49052999999916], [76.11971000000086, 11.49058999999942], [76.12009000000033, 11.49058999999942], [76.12052000000038, 11.49055000000046], [76.1210800000008, 11.49055000000046], [76.12171999999923, 11.49055000000046], [76.12239000000048, 11.49055000000046], [76.12284999999973, 11.49055000000046], [76.12324000000082, 11.4906900000005], [76.12370000000007, 11.49090000000073], [76.1240600000001, 11.49128999999996], [76.12407999999962, 11.49133000000078], [76.12493999999973, 11.49171000000025], [76.12544999999956, 11.49193000000015], [76.12673999999971, 11.49288999999956], [76.12800000000058, 11.4937399999999], [76.12886000000069, 11.49415000000043], [76.12963999999923, 11.49417999999971], [76.12973000000055, 11.49382999999944], [76.12981000000033, 11.4938600000005]]}}, {"type": "Feature", "properties": {"id": 89, "zone": "High Hazard Zone", "FID": "89", "ZONE_": "High Hazard Zone", "SHAPE_Leng": "0.144232", "SHAPE_Area": "0.00018", "aarea": "2.206406"}, "geometry": {"type": "Polygon", "coordinates": [[76.12469000000054, 11.47105999999989], [76.12502999999927, 11.47045000000067], [76.1254100000006, 11.46976999999974], [76.12589999999913, 11.46946999999996], [76.12636000000025, 11.46912999999945], [76.12661999999911, 11.46904999999967], [76.12708000000022, 11.46896999999989], [76.12795000000008, 11.4690900000005], [76.12855999999923, 11.4690900000005], [76.12936000000084, 11.4690900000005], [76.13046000000028, 11.4690900000005], [76.13162999999983, 11.4690900000005], [76.1331100000007, 11.4690900000005], [76.13436999999979, 11.46904999999967], [76.13515999999979, 11.46901000000072], [76.13577000000079, 11.46889999999988], [76.1363399999991, 11.46889999999988], [76.13687000000023, 11.46889999999988], [76.13781999999996, 11.46904999999967], [76.13876999999961, 11.46912999999945], [76.13983000000009, 11.46991999999954], [76.14035999999945, 11.4711800000005], [76.14035999999945, 11.47223999999912], [76.14025000000038, 11.47344999999949], [76.14000999999918, 11.47386000000002], [76.14002000000072, 11.47386000000002], [76.14082000000056, 11.47386000000002], [76.14139000000065, 11.47407999999992], [76.14196000000082, 11.47430999999959], [76.14283000000069, 11.47515000000017], [76.14316999999933, 11.47564000000057], [76.14316999999933, 11.47639999999959], [76.14306000000036, 11.4768899999999], [76.14278999999986, 11.47693000000072], [76.1425600000002, 11.47716000000039], [76.14169000000042, 11.47741999999925], [76.14077999999974, 11.47741999999925], [76.14002000000072, 11.4773800000003], [76.13925999999992, 11.4773800000003], [76.13873000000056, 11.47730000000043], [76.13789999999975, 11.47741999999925], [76.1372900000006, 11.47741999999925], [76.13679000000045, 11.47741999999925], [76.13603999999941, 11.47741999999925], [76.13520000000061, 11.47741999999925], [76.13401999999952, 11.47741999999925], [76.13334000000027, 11.47741999999925], [76.1329600000008, 11.47741999999925], [76.13254000000052, 11.47779000000082], [76.13182000000054, 11.47795000000039], [76.13103000000046, 11.47795000000039], [76.13056999999935, 11.47782999999978], [76.1301100000001, 11.47782999999978], [76.12912999999931, 11.47782999999978], [76.12852000000018, 11.47725999999969], [76.12814000000071, 11.47688000000014], [76.12768999999936, 11.47643000000065], [76.12742000000073, 11.47589999999943], [76.1273799999999, 11.47537000000008], [76.12695999999961, 11.47487000000001], [76.12643000000027, 11.47460999999928], [76.12566999999946, 11.47460999999928], [76.1250700000001, 11.47472000000012], [76.12446000000087, 11.47494999999979], [76.12422999999943, 11.47556000000079], [76.12419000000047, 11.47609000000014], [76.12358999999923, 11.47646999999961], [76.12255999999981, 11.47718999999959], [76.12198999999963, 11.47723000000041], [76.1212300000007, 11.47718999999959], [76.12027999999918, 11.47745000000032], [76.11930000000025, 11.47767999999998], [76.11830999999988, 11.47795000000039], [76.11823000000001, 11.47825000000007], [76.11830999999988, 11.47892999999931], [76.11917999999964, 11.47969000000011], [76.12024999999998, 11.47988000000074], [76.12146000000027, 11.48029999999925], [76.12293999999928, 11.48056999999974], [76.12392999999973, 11.48056999999974], [76.12487999999938, 11.48086999999943], [76.12593999999987, 11.48113000000015], [76.12723000000003, 11.48128999999972], [76.12807000000069, 11.48128999999972], [76.12881999999995, 11.48155000000044], [76.12881999999995, 11.4820799999998], [76.12824999999977, 11.48223999999936], [76.1276500000004, 11.48269000000071], [76.12655000000086, 11.48279999999978], [76.1254100000006, 11.48279999999978], [76.12399999999975, 11.48245999999927], [76.12317000000071, 11.48242999999998], [76.12195000000067, 11.48242999999998], [76.12082000000008, 11.48212000000053], [76.1199799999995, 11.4820799999998], [76.11979000000065, 11.48140000000056], [76.11899000000089, 11.48083000000038], [76.1183500000006, 11.4799600000006], [76.1177399999997, 11.47924000000054], [76.1170999999995, 11.47927999999959], [76.11698000000068, 11.47976999999989], [76.11691000000066, 11.48041000000009], [76.11716999999952, 11.48140000000056], [76.1177399999997, 11.4822000000004], [76.11827000000083, 11.4828400000006], [76.11880000000018, 11.48317999999924], [76.11940999999932, 11.48322000000007], [76.11989999999972, 11.48356000000057], [76.12027999999918, 11.48394000000004], [76.12077999999926, 11.4843199999996], [76.12131000000048, 11.48436000000042], [76.12183999999982, 11.48511999999935], [76.1218499999995, 11.48525999999948], [76.12175999999995, 11.48524999999972], [76.12095000000043, 11.48501000000029], [76.11984999999913, 11.48490999999921], [76.1188700000002, 11.48483999999919], [76.11794999999984, 11.48452999999974], [76.1174699999992, 11.4844699999994], [76.11715999999976, 11.4844699999994], [76.1160400000008, 11.48439999999938], [76.11546000000085, 11.48439999999938], [76.11477000000016, 11.48457000000056], [76.11408999999914, 11.48457000000056], [76.11364999999932, 11.48432999999936], [76.11362000000004, 11.48365000000012], [76.11364999999932, 11.48262000000069], [76.11357999999932, 11.4820799999998], [76.11357999999932, 11.48115999999935], [76.11357999999932, 11.48034000000007], [76.11396000000056, 11.47941999999962], [76.11408999999914, 11.47918000000028], [76.11426000000033, 11.47856999999928], [76.11449999999967, 11.47791999999932], [76.1146399999998, 11.47767999999998], [76.1149800000003, 11.4768600000007], [76.11539000000083, 11.47566999999976], [76.11585549769856, 11.47509555603128], [76.11618804552393, 11.47495366133582], [76.116624926034, 11.47488381560325], [76.11664999999992, 11.47487999999977], [76.11665104766455, 11.47487963943983], [76.11665345177435, 11.47487925508577], [76.11819457677574, 11.47435475508527], [76.11881254552631, 11.47428416133523], [76.11972786229927, 11.47400831275978], [76.12005999999927, 11.4739100000006], [76.1209899999994, 11.47360999999914], [76.12103702773702, 11.47359159784112], [76.12122307314552, 11.47352355837746], [76.12140999999977, 11.47373999999941], [76.12291000000008, 11.47348000000055], [76.12363999999981, 11.47318000000086], [76.12451999999944, 11.47285999999988], [76.12535000000025, 11.47249999999985], [76.12579000000007, 11.47244999999926], [76.12631999999942, 11.47248000000032], [76.12716999999977, 11.47265999999941], [76.12779000000043, 11.47278999999977], [76.12839999999957, 11.47298000000048], [76.12881999999995, 11.47400000000014], [76.12912999999931, 11.47487000000001], [76.12981000000033, 11.47563000000081], [76.13061000000017, 11.47563000000081], [76.1313699999992, 11.47531999999958], [76.13239000000064, 11.4752900000003], [76.13307999999964, 11.47521000000052], [76.13414000000013, 11.47491000000083], [76.13508999999976, 11.4745299999995], [76.13610999999943, 11.47395999999932], [76.13679000000045, 11.47345999999925], [76.13690999999928, 11.47285999999988], [76.13730000000028, 11.47263999999997], [76.13679000000045, 11.47259999999915], [76.13637999999992, 11.47263999999997], [76.13565999999994, 11.47263999999997], [76.13520000000061, 11.47229999999946], [76.1345899999997, 11.47214999999957], [76.13376000000066, 11.47196000000073], [76.13277000000019, 11.47196000000073], [76.13270000000009, 11.47184999999989], [76.13167000000065, 11.47156999999972], [76.1298200000001, 11.47151999999914], [76.12808000000045, 11.47151999999914], [76.12680999999974, 11.47151999999914], [76.12579000000007, 11.47151999999914], [76.12493999999973, 11.47119999999993], [76.12469000000054, 11.47105999999989]]}}, {"type": "Feature", "properties": {"id": 90, "zone": "High Hazard Zone", "FID": "90", "ZONE_": "High Hazard Zone", "SHAPE_Leng": "0.173074", "SHAPE_Area": "0.00026", "aarea": "3.178945"}, "geometry": {"type": "Polygon", "coordinates": [[76.15767000000048, 11.47451999999974], [76.1575900000007, 11.47515999999993], [76.1575900000007, 11.47580999999989], [76.1575900000007, 11.47648999999913], [76.15755999999963, 11.47729000000075], [76.15744000000089, 11.4781199999998], [76.15690999999967, 11.47831000000042], [76.15626999999948, 11.47831000000042], [76.15566000000034, 11.47831000000042], [76.15486000000058, 11.47831000000042], [76.15424999999959, 11.47819999999958], [76.15384000000084, 11.47782000000002], [76.15367999999941, 11.47705999999922], [76.15380000000002, 11.47633999999925], [76.1539499999999, 11.47592000000073], [76.15414000000052, 11.47508000000015], [76.15399000000072, 11.47436000000018], [76.15357000000043, 11.47367999999916], [76.15285000000037, 11.4737600000008], [76.15243000000008, 11.47432999999912], [76.15228000000027, 11.47463000000058], [76.15198000000059, 11.47471000000045], [76.15144999999937, 11.47473999999964], [76.1509499999993, 11.47471000000045], [76.15046000000078, 11.47463000000058], [76.15007999999943, 11.47432999999912], [76.14984999999977, 11.47416999999947], [76.1491299999998, 11.47414000000027], [76.1488300000001, 11.47406000000049], [76.14821999999911, 11.4736400000002], [76.14811000000013, 11.47319000000063], [76.14803000000026, 11.47262000000045], [76.14803000000026, 11.47205000000027], [76.14803000000026, 11.47140000000031], [76.14811000000013, 11.47091000000001], [76.14811000000013, 11.47026000000005], [76.14803000000026, 11.46958000000089], [76.14773000000058, 11.46961999999985], [76.1472300000005, 11.47030000000087], [76.14718999999968, 11.47086999999918], [76.1471600000004, 11.47136999999925], [76.14684999999918, 11.47182000000069], [76.1463999999996, 11.47182000000069], [76.14594000000035, 11.4716700000008], [76.14556000000088, 11.47140000000031], [76.14507000000049, 11.47102000000085], [76.14438999999948, 11.4705699999995], [76.14420000000062, 11.47014999999921], [76.14340000000087, 11.46954999999983], [76.14149999999971, 11.46833999999946], [76.14062999999985, 11.46750000000066], [76.14035999999945, 11.46658999999997], [76.1399799999999, 11.46557000000031], [76.13978999999927, 11.46480999999951], [76.13968000000021, 11.4641200000005], [76.13938000000051, 11.46351999999935], [76.13865000000078, 11.4628699999994], [76.13781999999996, 11.46248000000017], [76.13687000000023, 11.46226000000026], [76.13628000000062, 11.46219000000015], [76.13623000000004, 11.46218000000048], [76.13538999999946, 11.46267000000079], [76.1353500000005, 11.46327999999992], [76.13530999999968, 11.46395999999917], [76.13550000000029, 11.46476000000079], [76.13595999999963, 11.46556000000055], [76.13657000000055, 11.46616999999968], [76.13744000000041, 11.4662399999997], [76.13796999999977, 11.46661999999925], [76.13793000000081, 11.46715000000039], [76.1377400000001, 11.46752999999985], [76.13717000000001, 11.46760999999972], [76.13679000000045, 11.46775999999952], [76.13630000000015, 11.46775999999952], [76.13558000000008, 11.46798999999919], [76.13508999999976, 11.46805999999921], [76.13433000000074, 11.46810000000003], [76.13327000000027, 11.46810000000003], [76.13232000000062, 11.46810000000003], [76.13080000000079, 11.46803000000001], [76.12999999999917, 11.46798999999919], [76.1296199999997, 11.46790999999941], [76.12847999999944, 11.46730000000027], [76.12787999999998, 11.46688999999966], [76.1273099999999, 11.46636000000039], [76.12628000000038, 11.46566999999961], [76.12596525664277, 11.4653552566437], [76.12603760803307, 11.46528434882684], [76.12615161834334, 11.46514782038291], [76.12642000000051, 11.46483000000081], [76.12773999999995, 11.46384000000034], [76.12896999999975, 11.46347000000064], [76.12945651851393, 11.46347000000064], [76.12952423303628, 11.46347047382508], [76.1295712000693, 11.46347083934603], [76.13012999999954, 11.46348000000031], [76.1305880106859, 11.46331009281075], [76.13075257678744, 11.46325016132493], [76.13121795178785, 11.46279334882448], [76.13121892819657, 11.46279104899802], [76.1312199999993, 11.46278999999962], [76.1316100000004, 11.46188000000071], [76.13176999999996, 11.46126000000003], [76.1320667314488, 11.46067298778466], [76.13223152974203, 11.4603484702567], [76.13246000000075, 11.46011999999977], [76.13284571932655, 11.45991368501183], [76.13331604553981, 11.45966434882156], [76.13412237484626, 11.45947019089697], [76.13424999999918, 11.45944000000052], [76.13464000000019, 11.45937000000051], [76.13484793307681, 11.45930346141617], [76.13587188929219, 11.45899294257096], [76.13607989872001, 11.45879004525344], [76.13608000000023, 11.45879000000057], [76.13608217844725, 11.45878782155354], [76.13626098304256, 11.45861341132062], [76.13665007679295, 11.45800209882], [76.13734435804356, 11.45701025506914], [76.13763513840958, 11.45667718434702], [76.1378100000002, 11.45648000000075], [76.13848833898518, 11.45583860026707], [76.13983154554592, 11.45457459881681], [76.14004779417293, 11.4541414372724], [76.14013999999955, 11.4539600000007], [76.14024110057767, 11.45384351455204], [76.14060210804666, 11.45342922381574], [76.14114379554711, 11.4528970675653], [76.14207457679804, 11.45167731756412], [76.14246087784136, 11.45106946196688], [76.1430799999998, 11.4506899999997], [76.14379713519085, 11.45076683591342], [76.14532470180103, 11.45093441131347], [76.14594270180163, 11.45086288006339], [76.14656067055219, 11.45102119256356], [76.14671641118734, 11.4511779753004], [76.14755999999939, 11.45203000000035], [76.14817000000039, 11.45241999999958], [76.14926000000015, 11.45219999999976], [76.15075937910903, 11.45181794666963], [76.15133667055666, 11.45167256756417], [76.15165150909101, 11.45162360502943], [76.15228000000027, 11.45153000000028], [76.15266285760359, 11.45163320509311], [76.15342713930853, 11.4518432550643], [76.15458679555965, 11.45261956756499], [76.1548802383745, 11.45288732481842], [76.1553500000009, 11.4533200000005], [76.15623000000052, 11.45383000000034], [76.15566000000034, 11.4538400000001], [76.15512999999922, 11.4538400000001], [76.15466999999988, 11.45391999999997], [76.15437000000018, 11.45426000000039], [76.15409999999979, 11.45451999999934], [76.1539499999999, 11.45501999999941], [76.15375999999928, 11.45573999999939], [76.15387000000013, 11.45660999999925], [76.15399000000072, 11.45737000000005], [76.1539499999999, 11.45813000000085], [76.15375999999928, 11.45874000000007], [76.15322999999992, 11.4591500000006], [76.15257999999997, 11.45941999999923], [76.15200999999979, 11.45960999999985], [76.15141000000041, 11.45968999999972], [76.1510699999999, 11.45968999999972], [76.15034000000017, 11.45965000000067], [76.14935999999946, 11.45931000000016], [76.14852000000066, 11.45843000000062], [76.14795000000048, 11.45771000000056], [76.14738000000031, 11.45675999999914], [76.14703999999979, 11.45588999999927], [76.14677999999915, 11.4551699999993], [76.1463999999996, 11.45433000000049], [76.14597999999931, 11.45341999999981], [76.14567999999963, 11.45304000000034], [76.14549000000078, 11.45304000000034], [76.1449200000006, 11.45315999999908], [76.14438999999948, 11.45357999999946], [76.14401000000001, 11.45406999999977], [76.14350999999985, 11.45475000000078], [76.14283000000069, 11.45501999999941], [76.14275000000092, 11.45565999999961], [76.14249000000018, 11.45650000000027], [76.14214999999967, 11.45722000000025], [76.14154000000053, 11.45766999999974], [76.14089000000058, 11.45821000000072], [76.14025000000038, 11.45881000000009], [76.13971999999926, 11.45965000000067], [76.1391899999999, 11.4602599999998], [76.13865000000078, 11.46045000000051], [76.13811999999965, 11.46067000000042], [76.13779000000068, 11.46082000000022], [76.13834999999924, 11.46082000000022], [76.13930000000074, 11.46094000000082], [76.13983000000009, 11.46166000000089], [76.14028999999934, 11.46234000000004], [76.14048000000005, 11.46271999999951], [76.14127000000005, 11.46390000000069], [76.1414299999997, 11.46442999999995], [76.1414299999997, 11.46515000000002], [76.1415799999995, 11.46614000000048], [76.14169000000042, 11.46671000000057], [76.14218000000074, 11.46704999999931], [76.14268000000081, 11.46731999999971], [76.14340000000087, 11.46743000000064], [76.14427000000073, 11.4678100000001], [76.14445999999948, 11.46818999999957], [76.14502999999966, 11.4684500000003], [76.1458299999995, 11.4684500000003], [76.14677999999915, 11.46830000000041], [76.1472300000005, 11.46751000000042], [76.14756999999915, 11.46674999999962], [76.14773000000058, 11.46651999999995], [76.14798999999944, 11.4662100000005], [76.14832999999994, 11.4659900000006], [76.14897999999991, 11.46552999999948], [76.14932000000042, 11.46552999999948], [76.14965999999914, 11.46567999999937], [76.14992999999956, 11.46586999999999], [76.15015999999922, 11.46629000000028], [76.15015999999922, 11.46671000000057], [76.15034000000017, 11.46723999999993], [76.15046000000078, 11.4676899999995], [76.15049999999972, 11.46815000000061], [76.15087999999919, 11.46875999999975], [76.15092999999978, 11.46881000000033], [76.15086999999953, 11.46916000000052], [76.15114999999969, 11.46969999999963], [76.15208999999957, 11.46997000000012], [76.15319000000088, 11.47034999999959], [76.15391000000095, 11.47072999999906], [76.15459999999986, 11.47091999999977], [76.15512999999922, 11.47103000000061], [76.15660999999999, 11.47144999999912], [76.15683999999966, 11.47144999999912], [76.15755999999963, 11.47153000000068], [76.15819999999982, 11.47163999999974], [76.1589199999999, 11.47201999999921], [76.15976000000047, 11.47233000000052], [76.16097000000084, 11.47255000000043], [76.16121999999994, 11.47275000000081], [76.16336000000044, 11.47275000000081], [76.16431999999985, 11.47390000000084], [76.16404999999945, 11.47443999999996], [76.16347999999927, 11.47488999999953], [76.16297999999911, 11.47501000000013], [76.16210999999933, 11.47501000000013], [76.1610099999998, 11.47523999999971], [76.16055000000055, 11.47515999999993], [76.15986999999954, 11.47508000000015], [76.1592600000004, 11.47463000000058], [76.15869999999998, 11.47443999999996], [76.15812999999982, 11.47443999999996], [76.15767000000048, 11.47451999999974]]}}, {"type": "Feature", "properties": {"id": 91, "zone": "High Hazard Zone", "FID": "91", "ZONE_": "High Hazard Zone", "SHAPE_Leng": "0.05669", "SHAPE_Area": "0.000056", "aarea": "0.689229"}, "geometry": {"type": "Polygon", "coordinates": [[76.1641600000003, 11.46863999999915], [76.16329000000043, 11.46880000000057], [76.16172999999978, 11.46882999999977], [76.16120000000042, 11.46880000000057], [76.16055000000055, 11.46875999999975], [76.15956999999976, 11.46872000000079], [76.15888000000085, 11.46848999999926], [76.15775000000035, 11.46753999999961], [76.15744000000089, 11.46713000000086], [76.15672000000083, 11.46651999999995], [76.15687000000072, 11.46594999999977], [76.15800999999921, 11.4662100000005], [76.15944999999915, 11.46713000000086], [76.16013999999994, 11.46751000000042], [76.16130999999949, 11.46753999999961], [76.16225999999914, 11.46753999999961], [76.16282999999932, 11.46753999999961], [76.16354999999929, 11.46753999999961], [76.16488000000027, 11.4671999999991], [76.16617000000042, 11.46701000000026], [76.16677999999955, 11.46701000000026], [76.16796000000065, 11.46694000000024], [76.16798999999993, 11.46674999999962], [76.16788000000086, 11.46614000000048], [76.16764999999941, 11.46572000000011], [76.16719999999984, 11.46515000000002], [76.1666700000005, 11.46480999999951], [76.16620999999938, 11.46465999999962], [76.16572000000085, 11.46428000000015], [76.16538000000034, 11.4636300000002], [76.16525999999973, 11.46306000000002], [76.16481000000024, 11.46227000000002], [76.16411999999947, 11.4622299999992], [76.16316999999982, 11.46207999999931], [76.16252999999962, 11.46189000000047], [76.16210999999933, 11.4613900000004], [76.16200000000028, 11.46047999999971], [76.16157999999999, 11.4599899999994], [76.1610099999998, 11.45888999999987], [76.16062000000058, 11.45802000000001], [76.16080999999942, 11.45788999999964], [76.16155018530634, 11.45673594763974], [76.16174010125543, 11.45643997589139], [76.16236999999998, 11.45629000000004], [76.16270935303685, 11.45645967651803], [76.16298676431747, 11.45659922381868], [76.16298903697988, 11.45659951848901], [76.16299000000073, 11.45659999999949], [76.16359999999987, 11.45667999999936], [76.1642230924258, 11.45708055941646], [76.16444398306882, 11.45722388006932], [76.16498567056937, 11.45768831756969], [76.1657562330701, 11.45884609882082], [76.16596868638291, 11.45911433608602], [76.16605999999958, 11.45923000000038], [76.16620999999938, 11.45968999999972], [76.16682000000037, 11.46061999999984], [76.16690969802289, 11.46083303280359], [76.16697692057123, 11.46100234882284], [76.1678306553406, 11.4618532111668], [76.16792999999959, 11.46234000000004], [76.16793644554039, 11.46235487432501], [76.16797638932209, 11.46254538007423], [76.16797638932209, 11.46300600507469], [76.16897582682303, 11.46439456757594], [76.169290385867, 11.46455282537258], [76.16958999999953, 11.4647100000002], [76.16968000000085, 11.4647100000002], [76.16984000000049, 11.46484000000057], [76.17012000000067, 11.46543000000018], [76.17019000000077, 11.46613000000072], [76.17019000000077, 11.46679000000044], [76.16973999999932, 11.46742000000088], [76.16929958204958, 11.46791434667949], [76.1692500000008, 11.46796999999967], [76.16869000000047, 11.46822000000063], [76.16866999999908, 11.46818999999957], [76.16840000000046, 11.46827999999911], [76.1685600000001, 11.46829000000074], [76.16739000000055, 11.46860999999986], [76.16575000000013, 11.46860999999986], [76.1641600000003, 11.46863999999915]]}}, {"type": "Feature", "properties": {"id": 92, "zone": "High Hazard Zone", "FID": "92", "ZONE_": "High Hazard Zone", "SHAPE_Leng": "0.043596", "SHAPE_Area": "0.000026", "aarea": "0.315466"}, "geometry": {"type": "Polygon", "coordinates": [[76.2590199999995, 11.61658999999962], [76.26102999999962, 11.61693000000013], [76.26183999999924, 11.61815000000026], [76.26255999999921, 11.61923000000027], [76.26324000000022, 11.62017999999992], [76.26360000000027, 11.62067000000023], [76.26413999999929, 11.6211199999998], [76.26468000000027, 11.62180000000082], [76.2650900000008, 11.62219999999981], [76.26540000000024, 11.6227400000007], [76.26617000000081, 11.62383000000047], [76.26706999999986, 11.62468000000081], [76.26806000000033, 11.62517999999911], [76.2692700000007, 11.62602999999945], [76.26989999999937, 11.6270700000005], [76.27049000000075, 11.62796999999956], [76.27099000000091, 11.62874000000012], [76.27161999999957, 11.6294600000001], [76.27229000000082, 11.63045000000056], [76.27246999999991, 11.63117000000054], [76.27260999999994, 11.6318900000006], [76.27260999999994, 11.63256], [76.27260999999994, 11.63271999999965], [76.27238000000037, 11.63270000000012], [76.27161999999957, 11.63170999999966], [76.2708999999995, 11.63090000000014], [76.27036000000048, 11.63045000000056], [76.26994999999987, 11.62976999999954], [76.26986000000032, 11.62961999999975], [76.2698199999995, 11.62963999999918], [76.26965000000017, 11.62931999999997], [76.26891000000067, 11.62901000000052], [76.26787999999938, 11.62769999999907], [76.26692999999975, 11.62638999999948], [76.26612000000023, 11.62549000000033], [76.26540000000024, 11.62472999999953], [76.26490000000008, 11.62383000000047], [76.26413999999929, 11.62283000000024], [76.26315000000069, 11.62183999999978], [76.2628800000002, 11.62144000000079], [76.26265000000062, 11.62094000000072], [76.26224999999977, 11.62017999999992], [76.2617499999997, 11.61931999999982], [76.26116999999975, 11.61873999999988], [76.26036000000023, 11.61787999999977], [76.2599499999997, 11.61751999999974], [76.25917999999915, 11.61671000000022], [76.2590199999995, 11.61658999999962]]}}, {"type": "Feature", "properties": {"id": 93, "zone": "High Hazard Zone", "FID": "93", "ZONE_": "High Hazard Zone", "SHAPE_Leng": "0.050591", "SHAPE_Area": "0.000025", "aarea": "0.309025"}, "geometry": {"type": "Polygon", "coordinates": [[76.2565599999998, 11.61486999999942], [76.25682000000052, 11.61527999999994], [76.25692999999958, 11.61546000000089], [76.25703000000067, 11.61554000000067], [76.25770000000014, 11.61613000000037], [76.25891000000043, 11.61765999999987], [76.26053999999932, 11.61923999999995], [76.2613500000007, 11.62001000000051], [76.26183999999924, 11.62086000000094], [76.26216000000022, 11.62145000000055], [76.2624300000007, 11.62239000000043], [76.26332999999977, 11.62311000000041], [76.2642300000007, 11.62459999999917], [76.26471999999923, 11.6258199999993], [76.26554000000037, 11.62666999999964], [76.26634999999989, 11.62747999999916], [76.26665999999933, 11.62797999999932], [76.26685999999972, 11.62831999999983], [76.26857000000017, 11.62975999999978], [76.27022000000035, 11.63135999999938], [76.27198999999928, 11.63239000000067], [76.27232999999978, 11.63344999999938], [76.27157000000076, 11.63306999999983], [76.27075999999947, 11.6326599999993], [76.26972000000019, 11.63198999999982], [76.26886999999985, 11.63126999999984], [76.26751999999944, 11.63023000000066], [76.26665999999933, 11.62941999999927], [76.26593999999936, 11.6286999999993], [76.26557999999933, 11.62838000000009], [76.2650900000008, 11.62766000000011], [76.2643599999992, 11.62702999999968], [76.26377999999934, 11.6263600000002], [76.26274000000016, 11.62545999999927], [76.26216000000022, 11.62423999999922], [76.26210999999964, 11.6233800000009], [76.26224999999977, 11.62284000000001], [76.26188999999972, 11.62230000000089], [76.2613500000007, 11.62176], [76.26058000000015, 11.62109000000052], [76.25991000000066, 11.62063999999916], [76.25944999999955, 11.62014000000087], [76.25905000000056, 11.61968999999952], [76.25872999999957, 11.61938000000007], [76.25842000000013, 11.61910999999967], [76.25842000000013, 11.61893000000059], [76.25833000000058, 11.61834000000089], [76.25792000000006, 11.61779999999999], [76.25734000000011, 11.61729999999992], [76.25679999999922, 11.61685000000035], [76.2565300000006, 11.61613000000037], [76.2565300000006, 11.61541000000031], [76.2565599999998, 11.61486999999942]]}}, {"type": "Feature", "properties": {"id": 94, "zone": "High Hazard Zone", "FID": "94", "ZONE_": "High Hazard Zone", "SHAPE_Leng": "0.048637", "SHAPE_Area": "0.000057", "aarea": "0.69849"}, "geometry": {"type": "Polygon", "coordinates": [[76.10569000000037, 11.61067999999974], [76.10549999999965, 11.61072000000057], [76.10541999999988, 11.61079000000067], [76.10562000000026, 11.61114000000086], [76.10572999999933, 11.61211000000002], [76.10727000000044, 11.61222000000087], [76.10989999999947, 11.61278999999918], [76.11069999999923, 11.61290999999987], [76.11258000000086, 11.61319000000003], [76.1133800000007, 11.6141599999992], [76.11333000000012, 11.61582000000092], [76.1123000000007, 11.61679], [76.10983999999912, 11.61775999999917], [76.10927000000082, 11.6180499999991], [76.10800999999995, 11.61856000000079], [76.10658999999943, 11.61959000000022], [76.10556, 11.61959000000022], [76.10459000000084, 11.61895999999978], [76.10259000000038, 11.61924999999971], [76.10244000000058, 11.61925999999947], [76.10224999999996, 11.61979000000069], [76.10167999999977, 11.62039999999982], [76.1013299999995, 11.62094000000072], [76.10047999999917, 11.62056999999915], [76.10006000000065, 11.61953999999972], [76.10029000000033, 11.61851999999997], [76.10223000000043, 11.61710999999921], [76.10390000000005, 11.61703999999919], [76.10511000000042, 11.61703999999919], [76.10618000000068, 11.61703999999919], [76.10723999999938, 11.61673999999951], [76.1081900000008, 11.61635999999995], [76.10842000000048, 11.61600999999977], [76.1081900000008, 11.61541000000031], [76.10738999999919, 11.61503000000084], [76.10594999999923, 11.6147999999994], [76.10507999999936, 11.61461000000055], [76.10419999999974, 11.61427000000004], [76.10362999999965, 11.61404000000037], [76.1031000000003, 11.61312999999969], [76.10290999999958, 11.61232999999993], [76.10355999999955, 11.61111999999956], [76.10447000000023, 11.61074000000009], [76.10541999999988, 11.61061999999949], [76.10569000000037, 11.61067999999974]]}}, {"type": "Feature", "properties": {"id": 95, "zone": "High Hazard Zone", "FID": "95", "ZONE_": "High Hazard Zone", "SHAPE_Leng": "0.057787", "SHAPE_Area": "0.000056", "aarea": "0.680389"}, "geometry": {"type": "Polygon", "coordinates": [[76.11778000000052, 11.60698000000047], [76.11779000000028, 11.6073199999992], [76.11772000000018, 11.60778000000032], [76.1172200000001, 11.6082299999998], [76.11657999999991, 11.60845999999947], [76.11582000000088, 11.60860999999936], [76.11510000000091, 11.60894999999978], [76.11456999999969, 11.60959999999974], [76.11486999999947, 11.61004999999931], [76.11540000000059, 11.61028000000075], [76.11555000000048, 11.61111999999956], [76.11555000000048, 11.61153000000009], [76.11540000000059, 11.61228999999911], [76.11540000000059, 11.61274000000046], [76.11540000000059, 11.61326999999981], [76.11563000000027, 11.61396000000059], [76.11608999999952, 11.61426000000028], [76.11664999999992, 11.61455999999997], [76.1172200000001, 11.61455999999997], [76.11801999999986, 11.61455999999997], [76.11886000000052, 11.61463999999975], [76.11908000000044, 11.61543999999959], [76.11908000000044, 11.61615999999957], [76.1188199999997, 11.61715000000004], [76.11866999999982, 11.61767999999939], [76.11821000000057, 11.61846999999947], [76.11775999999922, 11.61881999999966], [76.11737999999967, 11.61911999999934], [76.11664999999992, 11.61991999999919], [76.11645999999931, 11.62060000000021], [76.11635000000024, 11.62109000000052], [76.11540000000059, 11.62181000000058], [76.11453000000073, 11.62207999999921], [76.11357999999932, 11.62234999999961], [76.11274000000051, 11.62234999999961], [76.1125200000006, 11.62216000000076], [76.11076999999933, 11.62169999999965], [76.11031, 11.62154999999985], [76.10959000000003, 11.62144000000079], [76.10901999999984, 11.62139999999996], [76.10842000000048, 11.62144000000079], [76.10747000000083, 11.62144000000079], [76.10656000000014, 11.62139999999996], [76.10594999999923, 11.62089999999989], [76.10562000000026, 11.62054999999962], [76.10633000000057, 11.62052000000043], [76.10747000000083, 11.62037000000054], [76.10822999999985, 11.62037000000054], [76.10924999999952, 11.62003000000003], [76.11061999999944, 11.61918999999945], [76.11187000000065, 11.61893000000059], [76.1125200000006, 11.61873999999988], [76.1131600000008, 11.61854999999925], [76.1141499999994, 11.61831999999959], [76.11516999999915, 11.6181699999997], [76.11571000000005, 11.6180499999991], [76.11582000000088, 11.61771000000045], [76.11597000000077, 11.61714000000027], [76.11566999999923, 11.61671999999998], [76.11501999999926, 11.61627000000041], [76.11453000000073, 11.61585000000012], [76.1141499999994, 11.61533000000053], [76.1139999999996, 11.61446000000066], [76.11404000000043, 11.61335999999936], [76.11404000000043, 11.61267000000044], [76.11404000000043, 11.61195000000046], [76.11381000000075, 11.61138000000029], [76.11349999999945, 11.61088999999989], [76.11309000000078, 11.61039999999958], [76.11290000000007, 11.60979000000045], [76.11290000000007, 11.60914000000049], [76.1131600000008, 11.60887999999976], [76.11376999999993, 11.60857000000031], [76.11419000000022, 11.60829000000015], [76.11446000000072, 11.6081099999992], [76.11542999999979, 11.60771000000021], [76.11611000000082, 11.60747000000087], [76.11702999999939, 11.60698000000047], [76.11778000000052, 11.60698000000047]]}}, {"type": "Feature", "properties": {"id": 96, "zone": "High Hazard Zone", "FID": "96", "ZONE_": "High Hazard Zone", "SHAPE_Leng": "0.038008", "SHAPE_Area": "0.000038", "aarea": "0.468303"}, "geometry": {"type": "Polygon", "coordinates": [[76.10699999999996, 11.60418000000026], [76.10716999999927, 11.60404999999989], [76.10741000000057, 11.6034799999998], [76.10796999999913, 11.60301000000071], [76.10803999999914, 11.60295000000045], [76.10800999999995, 11.6028900000001], [76.10973000000016, 11.60106000000083], [76.11183999999959, 11.59992000000057], [76.11400999999937, 11.59871999999996], [76.11600999999973, 11.59837999999945], [76.11703999999915, 11.59907000000023], [76.11817999999951, 11.60031999999956], [76.11817999999951, 11.60191999999916], [76.11811999999917, 11.60328999999909], [76.11703999999915, 11.60563000000006], [76.1146399999998, 11.60637999999923], [76.1135599999998, 11.60688999999915], [76.11357999999932, 11.60630999999921], [76.11404000000043, 11.60524000000074], [76.11506000000008, 11.60440999999993], [76.11540000000059, 11.60433000000014], [76.11573999999924, 11.60390999999986], [76.11573999999924, 11.60318999999979], [76.11548000000037, 11.60243000000086], [76.11510000000091, 11.60217000000013], [76.11456999999969, 11.60217000000013], [76.11426000000033, 11.60217000000013], [76.11366000000086, 11.60217000000013], [76.11309000000078, 11.60217000000013], [76.11217000000033, 11.60217000000013], [76.11133999999952, 11.6021299999993], [76.11046999999965, 11.6023999999998], [76.10986000000051, 11.60311999999977], [76.10956000000083, 11.60346000000028], [76.10879999999995, 11.60373000000068], [76.1081900000008, 11.60383999999975], [76.10770000000049, 11.60406999999942], [76.10699999999996, 11.60418000000026]]}}, {"type": "Feature", "properties": {"id": 97, "zone": "High Hazard Zone", "FID": "97", "ZONE_": "High Hazard Zone", "SHAPE_Leng": "0.028465", "SHAPE_Area": "0.000033", "aarea": "0.404911"}, "geometry": {"type": "Polygon", "coordinates": [[76.1115100000006, 11.59430000000062], [76.1114400000006, 11.59415000000082], [76.11088999999994, 11.59375999999972], [76.1105800000005, 11.59392999999905], [76.10966999999981, 11.59377999999925], [76.10909999999971, 11.59369999999947], [76.10860999999932, 11.59339999999978], [76.1080700000002, 11.59354999999958], [76.10754000000085, 11.59392999999905], [76.10690000000065, 11.59411999999976], [76.10641000000034, 11.59411999999976], [76.10635999999975, 11.59415000000082], [76.10548999999989, 11.59470999999937], [76.10538000000092, 11.59483999999973], [76.10522999999925, 11.59540999999991], [76.10511000000042, 11.5957099999996], [76.1050699999996, 11.59575000000042], [76.10467000000061, 11.59604000000034], [76.10412999999973, 11.5963200000006], [76.10208000000054, 11.5971800000007], [76.10189999999969, 11.59728999999968], [76.10169999999921, 11.59684999999986], [76.10161999999943, 11.59590000000022], [76.1018499999991, 11.59468999999993], [76.1026099999999, 11.59324999999989], [76.10382000000027, 11.59222000000047], [76.1051900000002, 11.59187999999996], [76.10671000000004, 11.59088999999949], [76.10743000000001, 11.59058999999981], [76.10852999999953, 11.59036000000014], [76.10978000000064, 11.59058999999981], [76.11073000000029, 11.59096999999927], [76.1114199999993, 11.59158000000027], [76.11172000000076, 11.59217999999965], [76.1117599999998, 11.59290999999938], [76.1117599999998, 11.5934699999998], [76.11160999999991, 11.59403999999998], [76.1115100000006, 11.59430000000062]]}}, {"type": "Feature", "properties": {"id": 98, "zone": "High Hazard Zone", "FID": "98", "ZONE_": "High Hazard Zone", "SHAPE_Leng": "0.02594", "SHAPE_Area": "0.000016", "aarea": "0.194202"}, "geometry": {"type": "Polygon", "coordinates": [[76.1043000000009, 11.59720000000013], [76.10533000000034, 11.59667000000078], [76.1064200000001, 11.59610000000069], [76.10779000000004, 11.59563999999958], [76.10973000000016, 11.59581000000068], [76.11126999999941, 11.59655000000018], [76.11138000000025, 11.59741000000028], [76.11132999999975, 11.59837999999945], [76.11120999999915, 11.59907000000023], [76.11064000000074, 11.59968999999912], [76.10950000000048, 11.60044000000016], [76.10864000000038, 11.60158000000043], [76.10813000000054, 11.60186000000068], [76.10766999999943, 11.60197999999942], [76.10684000000039, 11.60220999999908], [76.10747000000083, 11.60160999999971], [76.1078500000003, 11.60110999999964], [76.10814999999998, 11.60070000000089], [76.10842000000048, 11.60001000000011], [76.10864000000038, 11.59932999999909], [76.10887000000005, 11.59894999999962], [76.10901999999984, 11.59842000000027], [76.10901999999984, 11.59788999999914], [76.10891000000088, 11.59732000000074], [76.10857000000036, 11.5969399999994], [76.10754000000085, 11.59700999999951], [76.1061000000009, 11.59716999999907], [76.10496000000055, 11.59720000000013], [76.1043000000009, 11.59720000000013]]}}, {"type": "Feature", "properties": {"id": 99, "zone": "High Hazard Zone", "FID": "99", "ZONE_": "High Hazard Zone", "SHAPE_Leng": "0.057842", "SHAPE_Area": "0.000059", "aarea": "0.716343"}, "geometry": {"type": "Polygon", "coordinates": [[76.12569000000076, 11.58993000000009], [76.12557999999993, 11.59067999999935], [76.12557999999993, 11.59106000000068], [76.12550000000014, 11.5919699999995], [76.12550000000014, 11.59258000000041], [76.12545999999932, 11.59332999999967], [76.12535000000025, 11.59355999999934], [76.12478000000007, 11.59397999999963], [76.12416999999917, 11.59412999999952], [76.12353000000074, 11.5943599999991], [76.12303000000068, 11.59444000000074], [76.12249999999946, 11.59482000000021], [76.12192999999937, 11.59549999999945], [76.12159000000064, 11.59611000000036], [76.12132000000024, 11.5969399999994], [76.12128999999918, 11.59788999999914], [76.12128999999918, 11.59854000000087], [76.12128999999918, 11.59959999999958], [76.12117000000035, 11.60067999999959], [76.12117000000035, 11.60122000000048], [76.12117000000035, 11.60239000000003], [76.12147999999979, 11.60333999999968], [76.12145000000051, 11.6036299999996], [76.12185999999926, 11.60405999999965], [76.12314999999941, 11.60477999999963], [76.12386999999949, 11.60564999999949], [76.12416999999917, 11.60636999999947], [76.12497000000079, 11.60683000000058], [76.12587999999961, 11.6073199999992], [76.1261799999993, 11.60803999999918], [76.1261799999993, 11.60909999999967], [76.12569000000076, 11.6098299999994], [76.12500999999975, 11.61021000000074], [76.12410000000092, 11.61066000000031], [76.12321999999952, 11.61096], [76.12231000000061, 11.6112300000004], [76.12132000000024, 11.61168999999973], [76.12068000000004, 11.61203000000024], [76.12003000000009, 11.61175999999975], [76.1198800000002, 11.61084999999916], [76.12060000000017, 11.61016999999991], [76.12060000000017, 11.6098299999994], [76.12060000000017, 11.60940999999911], [76.12102000000046, 11.60879999999998], [76.12174000000053, 11.60857000000031], [76.12189000000032, 11.6083500000004], [76.12192999999937, 11.60778000000032], [76.12192999999937, 11.60713000000036], [76.12120999999931, 11.60666999999925], [76.12037000000059, 11.60636999999947], [76.1201000000001, 11.60605000000035], [76.1201000000001, 11.60584999999988], [76.1201000000001, 11.60580999999914], [76.1196099999997, 11.60434999999958], [76.1196099999997, 11.60391999999953], [76.1194899999991, 11.60337000000074], [76.11930000000025, 11.60231999999993], [76.1191199999994, 11.60145999999982], [76.11893000000055, 11.60059999999972], [76.11868999999935, 11.59930999999957], [76.11868999999935, 11.59820000000036], [76.11906000000091, 11.59721999999966], [76.11980000000041, 11.59635999999955], [76.12023000000046, 11.59605000000011], [76.12066000000051, 11.59525000000026], [76.1208399999996, 11.59499999999938], [76.12120999999931, 11.5942099999993], [76.12163999999936, 11.59365000000075], [76.12200999999915, 11.59316000000035], [76.12262000000005, 11.59266999999995], [76.12391000000021, 11.5919900000008], [76.12428000000001, 11.59161999999923], [76.12521000000012, 11.59064000000039], [76.12557999999993, 11.59001999999963], [76.12569000000076, 11.58993000000009]]}}, {"type": "Feature", "properties": {"id": 100, "zone": "High Hazard Zone", "FID": "100", "ZONE_": "High Hazard Zone", "SHAPE_Leng": "0.034133", "SHAPE_Area": "0.000044", "aarea": "0.532316"}, "geometry": {"type": "Polygon", "coordinates": [[76.12585000000033, 11.58645000000072], [76.12581999999927, 11.58647000000015], [76.12594999999963, 11.58702000000081], [76.12498000000055, 11.58872999999947], [76.1240600000001, 11.58952999999932], [76.12361000000053, 11.59009999999941], [76.1229800000001, 11.59123999999976], [76.1224600000005, 11.59180999999985], [76.12138000000049, 11.59250000000063], [76.12058000000073, 11.59330000000048], [76.11915000000046, 11.5933499999992], [76.11813000000079, 11.59353000000006], [76.11809999999973, 11.59312999999929], [76.11794999999984, 11.59264000000076], [76.11737999999967, 11.59222000000047], [76.11692000000042, 11.59207000000058], [76.11620000000035, 11.59183999999914], [76.11535999999977, 11.59127000000082], [76.11438000000093, 11.59051000000002], [76.11381000000075, 11.58967999999912], [76.11396000000056, 11.58899999999996], [76.1146399999998, 11.58864999999969], [76.11548000000037, 11.58857999999968], [76.11600999999973, 11.58857999999968], [76.11719000000082, 11.58880999999925], [76.11829000000036, 11.58884000000032], [76.11908000000044, 11.58919000000059], [76.11976999999935, 11.58952999999932], [76.12055999999934, 11.58959999999934], [76.12125000000013, 11.58944999999945], [76.12151000000085, 11.58914999999976], [76.12151000000085, 11.58872999999947], [76.12151000000085, 11.58797000000045], [76.12132000000024, 11.58728999999952], [76.12117000000035, 11.58648999999968], [76.12167000000042, 11.5857699999997], [76.1224600000005, 11.58561999999981], [76.12321999999952, 11.58588000000054], [76.12401999999928, 11.58606999999939], [76.12478000000007, 11.58618999999999], [76.12550000000014, 11.58638000000061], [76.12585000000033, 11.58645000000072]]}}, {"type": "Feature", "properties": {"id": 101, "zone": "High Hazard Zone", "FID": "101", "ZONE_": "High Hazard Zone", "SHAPE_Leng": "0.311355", "SHAPE_Area": "0.000441", "aarea": "5.383745"}, "geometry": {"type": "Polygon", "coordinates": [[75.9182799999999, 11.70334999999974], [75.91813999999978, 11.70361000000047], [75.91705, 11.70393999999944], [75.91585999999916, 11.7037299999993], [75.9154299999991, 11.70350999999939], [75.9150800000007, 11.70293999999921], [75.91428000000086, 11.70264999999929], [75.91301999999999, 11.70247999999996], [75.91237999999979, 11.70235999999927], [75.91157999999994, 11.70241999999962], [75.91078000000019, 11.70241999999962], [75.91059999999923, 11.70178999999918], [75.91059999999923, 11.70097999999958], [75.91049000000017, 11.70024000000008], [75.90991000000032, 11.69982999999955], [75.90940000000049, 11.69966000000023], [75.90893999999938, 11.69909000000005], [75.90831000000072, 11.69896999999945], [75.90716000000069, 11.6994900000009], [75.9065200000005, 11.70029000000066], [75.90630000000058, 11.70046999999975], [75.90630000000058, 11.70132999999985], [75.9063499999993, 11.70259000000081], [75.9063499999993, 11.70374000000083], [75.9063499999993, 11.70454000000059], [75.90624000000024, 11.70557999999987], [75.90617999999999, 11.70627000000056], [75.90601000000058, 11.70689999999922], [75.90595000000032, 11.70804999999924], [75.90646999999991, 11.70896999999969], [75.90669999999957, 11.7094300000008], [75.90669999999957, 11.7101700000003], [75.90675000000007, 11.7108100000005], [75.90675000000007, 11.71177999999967], [75.90640999999957, 11.7124100000001], [75.90509000000021, 11.71286999999935], [75.90503999999963, 11.71289000000074], [75.90497999999937, 11.71281000000087], [75.90481999999973, 11.71234000000008], [75.90454999999932, 11.71186999999921], [75.90446999999945, 11.71143999999916], [75.90435000000072, 11.71104000000017], [75.90375999999924, 11.7106899999999], [75.90296999999916, 11.71018000000007], [75.90229999999977, 11.70974000000025], [75.90217999999916, 11.70953000000011], [75.9030500000008, 11.70785000000073], [75.90359999999968, 11.70714000000042], [75.90392000000067, 11.70556000000034], [75.90384000000088, 11.7031100000004], [75.90359999999968, 11.70153000000023], [75.90351999999982, 11.70033999999938], [75.90341000000083, 11.7002300000004], [75.9034200000006, 11.69996999999968], [75.90343000000027, 11.69991999999909], [75.90251999999967, 11.69913000000087], [75.90243000000012, 11.69832999999925], [75.90247000000086, 11.69765999999977], [75.90293999999996, 11.69699000000038], [75.90394000000019, 11.69640000000068], [75.90481999999973, 11.69611000000075], [75.9056600000004, 11.69580999999929], [75.90638000000037, 11.69534999999995], [75.90759000000074, 11.69463999999974], [75.90847000000028, 11.69426000000018], [75.90951999999923, 11.69383999999989], [75.91006999999988, 11.69349999999938], [75.91057000000004, 11.69304000000014], [75.9111200000007, 11.69270999999939], [75.9123299999992, 11.69208000000073], [75.91366999999994, 11.69173000000046], [75.91398999999906, 11.69173000000046], [75.91490999999951, 11.69193000000084], [75.91562999999948, 11.69245000000044], [75.91674000000056, 11.69312999999968], [75.91741000000003, 11.69366000000081], [75.91856999999983, 11.69442999999959], [75.91952999999923, 11.69506000000003], [75.9202999999998, 11.69592000000013], [75.92093000000023, 11.69673999999941], [75.92145999999958, 11.69673999999941], [75.9217499999995, 11.69626000000064], [75.92170000000078, 11.69563000000021], [75.92093000000023, 11.69510000000085], [75.91995999999928, 11.69442999999959], [75.91899999999988, 11.69384999999965], [75.91813000000002, 11.6934199999996], [75.91703000000048, 11.69283999999966], [75.91605999999953, 11.69217000000027], [75.91544000000064, 11.69177999999918], [75.91529000000084, 11.69119999999933], [75.91533999999956, 11.69095000000014], [75.91544000000064, 11.69047999999926], [75.9159199999995, 11.68985000000069], [75.91640000000005, 11.68960999999949], [75.91663999999948, 11.6888400000007], [75.91726999999992, 11.68816999999945], [75.91746000000053, 11.68749000000029], [75.91784000000008, 11.6864800000003], [75.91813000000002, 11.68570999999974], [75.91834000000016, 11.68565999999916], [75.9187999999995, 11.68503000000059], [75.91927000000037, 11.68466000000079], [75.91966999999936, 11.68454000000019], [75.91979999999964, 11.68434999999957], [75.91985000000022, 11.68432000000029], [75.91985999999999, 11.6842699999997], [75.92009999999941, 11.68391999999952], [75.92048000000065, 11.68359000000055], [75.92077000000067, 11.68319999999945], [75.92123999999967, 11.68287000000057], [75.92190999999916, 11.68244000000052], [75.92233999999921, 11.68234999999911], [75.92281999999976, 11.68210999999977], [75.9231, 11.68196999999965], [75.92316000000027, 11.6818800000001], [75.92347999999947, 11.68181], [75.92381999999998, 11.68147999999925], [75.92425000000003, 11.68080999999986], [75.92439000000016, 11.68023999999968], [75.92439000000016, 11.67933000000086], [75.92433999999957, 11.6787100000001], [75.92396000000011, 11.67842999999993], [75.92353000000006, 11.67833000000063], [75.92290999999929, 11.67837999999935], [75.9222900000004, 11.67876000000068], [75.92215000000036, 11.67937999999958], [75.92209000000001, 11.67980999999963], [75.92180999999985, 11.68044000000006], [75.92077000000067, 11.68116000000013], [75.92043000000015, 11.68216000000027], [75.91995999999928, 11.68281999999999], [75.91938999999911, 11.6831399999992], [75.91870999999995, 11.68305999999942], [75.91654000000017, 11.68413999999943], [75.91618000000014, 11.6854999999996], [75.91575999999985, 11.68575000000057], [75.91521648771845, 11.68549225190747], [75.9149780140865, 11.68524931778168], [75.91452026408611, 11.68501091153147], [75.91390992033554, 11.68438816153084], [75.91374883931981, 11.68425691033284], [75.91350000000052, 11.68401000000084], [75.91275999999925, 11.6832599999998], [75.91192695016036, 11.68301317041831], [75.91153717033329, 11.68281269277938], [75.91112413559816, 11.68273083164107], [75.91006000000012, 11.68224999999981], [75.90810000000057, 11.68164000000067], [75.90803000000047, 11.68063000000077], [75.91012000000046, 11.68001999999977], [75.91160999999923, 11.67914000000015], [75.91345000000004, 11.67841000000041], [75.91368999999938, 11.6781699999992], [75.9144699999997, 11.67786999999952], [75.91547999999969, 11.6770899999992], [75.91633000000003, 11.67627999999968], [75.9169500000007, 11.67595000000071], [75.91762000000018, 11.67541999999957], [75.91848000000029, 11.67480000000068], [75.9192899999998, 11.67452000000051], [75.91991000000057, 11.67412999999942], [75.92062000000078, 11.67366000000041], [75.92086999999988, 11.67345999999994], [75.92129000000025, 11.67312999999919], [75.92190999999916, 11.67256000000088], [75.92304999999942, 11.67170000000078], [75.92390999999952, 11.67142000000061], [75.92514999999909, 11.6712299999999], [75.92648999999983, 11.67127000000073], [75.92734000000017, 11.67151000000016], [75.92838999999913, 11.67194000000021], [75.92943999999984, 11.67213000000083], [75.93035000000053, 11.67213000000083], [75.93081999999963, 11.67213000000083], [75.93130000000018, 11.67145999999957], [75.93130000000018, 11.67088999999939], [75.93130000000018, 11.67022999999968], [75.93167999999973, 11.66932000000085], [75.93203999999967, 11.66863999999983], [75.93250000000079, 11.66863999999983], [75.93301000000062, 11.66868000000066], [75.93375999999988, 11.66902999999915], [75.93378999999916, 11.6695099999997], [75.93339999999993, 11.67041000000062], [75.93347999999972, 11.67112000000084], [75.93347999999972, 11.6718700000001], [75.93347999999972, 11.67242000000075], [75.93339999999993, 11.67280999999998], [75.93312999999945, 11.67344000000051], [75.93289000000001, 11.67403000000012], [75.93253999999983, 11.67451000000075], [75.93182999999954, 11.6746999999996], [75.93065000000021, 11.6746999999996], [75.92946999999913, 11.67360000000007], [75.92879999999965, 11.6732499999998], [75.92789000000083, 11.67312999999919], [75.9271399999998, 11.67296999999963], [75.92640000000029, 11.67261999999936], [75.92569000000007, 11.6725800000004], [75.92510000000037, 11.6725800000004], [75.9246299999995, 11.67261999999936], [75.9242300000005, 11.6727300000002], [75.92375999999963, 11.67296999999963], [75.92329000000063, 11.67321000000084], [75.92276999999926, 11.67339999999968], [75.9219499999999, 11.67398999999929], [75.92144000000006, 11.67439000000015], [75.92072999999985, 11.67497999999976], [75.92006000000036, 11.67537000000086], [75.9200000000001, 11.67541999999957], [75.91991000000057, 11.67567000000054], [75.91915999999944, 11.6764700000003], [75.91841999999994, 11.67756000000007], [75.91772999999925, 11.67836999999959], [75.91697999999998, 11.67910999999909], [75.91611999999988, 11.6796900000008], [75.91531000000028, 11.68008999999979], [75.91451000000052, 11.68049000000065], [75.91375999999948, 11.68084000000092], [75.9133600000005, 11.68123999999991], [75.9131899999993, 11.6817599999995], [75.9131899999993, 11.68250000000078], [75.91388000000009, 11.68273000000045], [75.91525999999978, 11.68273000000045], [75.91623000000072, 11.68250000000078], [75.91657999999913, 11.68181], [75.91777999999974, 11.68084000000092], [75.91853000000087, 11.68015000000014], [75.91899000000012, 11.67910999999909], [75.91915999999944, 11.67836999999959], [75.91973999999938, 11.67768000000067], [75.92071000000033, 11.67692999999963], [75.92283999999928, 11.67669999999997], [75.92359000000032, 11.67653000000064], [75.92410000000015, 11.67653000000064], [75.9250200000006, 11.67669999999997], [75.92617000000062, 11.67705000000024], [75.92675000000057, 11.67807999999966], [75.92714999999956, 11.67887999999951], [75.92714999999956, 11.68002999999953], [75.92656999999961, 11.68117999999956], [75.92583000000012, 11.68226999999933], [75.92455999999949, 11.68296000000011], [75.92295000000011, 11.68382000000022], [75.9224400000003, 11.68462999999973], [75.92221000000062, 11.68519999999991], [75.92215000000036, 11.6857199999995], [75.92151999999984, 11.68577999999976], [75.9217499999995, 11.68663999999986], [75.92254999999935, 11.68749999999997], [75.92283999999928, 11.68819000000075], [75.92324000000005, 11.68871000000034], [75.92375999999963, 11.68899000000059], [75.92427999999923, 11.68951000000019], [75.92518999999992, 11.69002999999978], [75.92599999999943, 11.69002999999978], [75.92662999999996, 11.68980000000011], [75.92726000000039, 11.68928000000052], [75.92880999999942, 11.68819000000075], [75.92950000000019, 11.68819000000075], [75.93024999999945, 11.68819000000075], [75.93087999999989, 11.68807000000014], [75.93133999999922, 11.68756000000031], [75.93133999999922, 11.68721000000004], [75.93133999999922, 11.68680999999927], [75.93133999999922, 11.68589000000069], [75.93139999999948, 11.68536999999923], [75.93151000000032, 11.6848599999994], [75.93248999999925, 11.68404999999988], [75.93352000000054, 11.68353999999996], [75.93426999999971, 11.68370999999937], [75.93461999999998, 11.6839999999993], [75.93467000000057, 11.68462999999973], [75.93467000000057, 11.68532000000051], [75.93467000000057, 11.68577999999976], [75.93455999999972, 11.68634999999994], [75.93439000000032, 11.68686999999953], [75.93416000000073, 11.68743999999971], [75.93369999999962, 11.68778999999998], [75.93318000000004, 11.68824999999923], [75.93266000000044, 11.68852999999948], [75.93202999999991, 11.68922000000017], [75.93196999999965, 11.68973999999976], [75.93196999999965, 11.69014000000062], [75.93196999999965, 11.69049000000089], [75.93173999999999, 11.69095000000014], [75.93145999999983, 11.69140999999947], [75.93071000000056, 11.69174999999998], [75.93024999999945, 11.69232999999983], [75.92989999999918, 11.69306999999933], [75.92956000000054, 11.69330000000078], [75.92915999999968, 11.6934199999996], [75.92857999999974, 11.69364999999927], [75.92784000000033, 11.69369999999977], [75.92726000000039, 11.69382000000037], [75.92713000000003, 11.69390000000024], [75.92646000000055, 11.6934199999996], [75.92632000000052, 11.6934199999996], [75.92605999999978, 11.69312999999968], [75.92570999999951, 11.69226999999958], [75.92496000000025, 11.69134999999913], [75.92369999999939, 11.69082999999953], [75.92295000000011, 11.69076999999928], [75.9210600000006, 11.69052999999985], [75.92030999999956, 11.69127999999911], [75.92014000000015, 11.69184999999929], [75.91978999999996, 11.69276999999965], [75.92020000000049, 11.69323000000076], [75.92129000000025, 11.69328999999924], [75.92254999999935, 11.69328999999924], [75.92369999999939, 11.69346000000043], [75.92455999999949, 11.69398000000002], [75.92496000000025, 11.69443999999927], [75.92491999999952, 11.69449999999961], [75.92537000000087, 11.69541999999997], [75.92526000000002, 11.69609999999921], [75.92537000000087, 11.69701999999957], [75.9261299999998, 11.69835000000055], [75.92669000000022, 11.69843000000033], [75.92794999999931, 11.69843000000033], [75.92899000000035, 11.69854999999916], [75.93008000000013, 11.69901000000027], [75.93087999999989, 11.69917999999959], [75.93202999999991, 11.69917999999959], [75.93289000000001, 11.69940999999926], [75.93420999999945, 11.69906000000085], [75.93553000000067, 11.69872000000034], [75.93736999999962, 11.69802999999956], [75.93915000000017, 11.69802999999956], [75.93983999999908, 11.6987800000006], [75.93932999999925, 11.69940999999926], [75.93829000000007, 11.69981000000003], [75.93765999999962, 11.70032999999971], [75.93685999999978, 11.70073000000047], [75.93582000000059, 11.7008999999998], [75.93512999999982, 11.7008999999998], [75.93397999999979, 11.70083999999954], [75.93311999999969, 11.70073000000047], [75.9327200000007, 11.70090999999956], [75.9326000000001, 11.7008999999998], [75.93157000000066, 11.70067000000013], [75.93008000000013, 11.70032999999971], [75.92904000000085, 11.70032999999971], [75.9280699999999, 11.70032999999971], [75.92726000000039, 11.70032999999971], [75.92669000000022, 11.70044000000055], [75.92605999999978, 11.70079000000082], [75.92564999999925, 11.70153000000023], [75.92478999999915, 11.7018800000005], [75.92445000000042, 11.70240000000009], [75.92468000000008, 11.70279999999909], [75.92513999999933, 11.70331000000078], [75.92531000000052, 11.70346000000067], [75.92490999999976, 11.70349999999963], [75.92433999999957, 11.70349999999963], [75.92353000000006, 11.70349999999963], [75.92272000000045, 11.70341000000009], [75.92195999999966, 11.70341000000009], [75.92123999999967, 11.70357999999941], [75.92095999999951, 11.70349999999963], [75.92062000000078, 11.7032600000002], [75.91995999999928, 11.70269000000011], [75.91934000000039, 11.70240000000009], [75.91899999999988, 11.70227999999949], [75.91866999999912, 11.70216000000075], [75.9175699999996, 11.70183000000001], [75.9169500000007, 11.70125999999983], [75.91642999999934, 11.70067999999989], [75.91633000000003, 11.7001099999998], [75.91613999999932, 11.6994900000009], [75.91513999999918, 11.6994900000009], [75.91461999999959, 11.6994900000009], [75.91466000000041, 11.69978000000083], [75.91457000000086, 11.70045000000031], [75.91504999999964, 11.70073000000047], [75.91556999999924, 11.70120999999924], [75.9161899999999, 11.7016399999993], [75.91676000000008, 11.70226000000006], [75.91733000000026, 11.70263999999952], [75.91785999999952, 11.7032600000002], [75.9182799999999, 11.70334999999974]]}}, {"type": "Feature", "properties": {"id": 102, "zone": "High Hazard Zone", "FID": "102", "ZONE_": "High Hazard Zone", "SHAPE_Leng": "0.132679", "SHAPE_Area": "0.000216", "aarea": "2.645341"}, "geometry": {"type": "Polygon", "coordinates": [[75.93162999999915, 11.66597999999975], [75.93154999999936, 11.66594000000079], [75.93135000000076, 11.66583999999962], [75.92972999999986, 11.66603000000033], [75.92826000000062, 11.6665099999991], [75.92777000000022, 11.66681000000065], [75.92682000000057, 11.66734999999968], [75.92586999999916, 11.66762000000017], [75.9249299999992, 11.66829999999933], [75.9241399999992, 11.66887999999926], [75.91899999999988, 11.67197999999916], [75.91713999999955, 11.67275999999949], [75.91710000000059, 11.67280000000031], [75.91652000000065, 11.67352000000029], [75.91561999999972, 11.67499999999928], [75.91489999999975, 11.67581000000067], [75.91432999999957, 11.67627999999968], [75.91375999999948, 11.67638000000076], [75.91242000000061, 11.67670999999973], [75.91133000000085, 11.67713999999978], [75.9099900000001, 11.67756999999983], [75.90908999999918, 11.67785999999976], [75.90812999999977, 11.6781900000005], [75.9070400000001, 11.6781900000005], [75.90651000000074, 11.67766999999913], [75.90603999999986, 11.67748000000029], [75.90560999999981, 11.6773300000004], [75.9046500000004, 11.67699999999965], [75.9040399999994, 11.67694999999916], [75.9034200000006, 11.67670999999973], [75.90288999999937, 11.67624000000072], [75.90274999999924, 11.67542999999934], [75.90274999999924, 11.67461999999982], [75.90313000000059, 11.67375999999972], [75.90356000000064, 11.67309000000023], [75.90399000000069, 11.67232999999944], [75.90456000000086, 11.67180000000008], [75.90499000000091, 11.67132999999921], [75.90539999999966, 11.67077000000066], [75.90555999999923, 11.67065999999973], [75.90623000000048, 11.67008999999964], [75.90684999999938, 11.66980999999939], [75.90747000000015, 11.66933000000062], [75.90798999999973, 11.66922999999954], [75.90852000000086, 11.66908999999941], [75.90890000000033, 11.66879999999948], [75.90936999999943, 11.66865999999936], [75.9099900000001, 11.66865999999936], [75.9109000000008, 11.66865999999936], [75.91137999999955, 11.66865999999936], [75.91208999999978, 11.66865999999936], [75.91275999999925, 11.66870999999994], [75.91375999999948, 11.66870999999994], [75.91424000000004, 11.66870999999994], [75.91475999999962, 11.66870999999994], [75.91518999999967, 11.66861000000064], [75.91527999999921, 11.66813999999976], [75.91500000000092, 11.66779999999926], [75.91409000000023, 11.6677600000003], [75.9131899999993, 11.6677600000003], [75.91200000000023, 11.66790000000034], [75.91061000000077, 11.6677600000003], [75.90976000000043, 11.66779999999926], [75.90890000000033, 11.66779999999926], [75.90793999999914, 11.66779999999926], [75.90732000000025, 11.66775000000054], [75.90661000000004, 11.66722999999908], [75.9062799999992, 11.66675000000031], [75.90584999999915, 11.66565000000086], [75.9063700000006, 11.66437000000038], [75.90712999999963, 11.66380999999997], [75.90766000000076, 11.66352000000004], [75.90822999999908, 11.66332999999942], [75.9092299999993, 11.66304999999917], [75.91028000000003, 11.66304999999917], [75.91151999999968, 11.66329000000037], [75.91246999999933, 11.66329000000037], [75.91357000000063, 11.66333999999918], [75.91475999999962, 11.66333999999918], [75.91595000000056, 11.66315000000034], [75.91676000000008, 11.66295999999963], [75.91752000000088, 11.66290999999913], [75.9183799999992, 11.66290999999913], [75.91948000000052, 11.66290999999913], [75.92043000000015, 11.66304999999917], [75.92122000000015, 11.66373000000019], [75.92405999999941, 11.66286000000032], [75.92470999999928, 11.6624200000006], [75.92537000000087, 11.6623], [75.92590999999989, 11.66194999999973], [75.92602000000082, 11.66187999999962], [75.92619000000015, 11.66181999999936], [75.92653000000065, 11.66166999999947], [75.9267199999995, 11.66114000000012], [75.9267199999995, 11.66062000000053], [75.9266499999994, 11.66047000000073], [75.92777999999998, 11.6603099999993], [75.92880999999942, 11.66035999999989], [75.92950000000019, 11.66081999999913], [75.92938999999934, 11.66186000000018], [75.92886999999976, 11.66243000000027], [75.92818000000075, 11.66294999999987], [75.92737999999922, 11.66329000000037], [75.92656999999961, 11.66369999999913], [75.92570999999951, 11.66397999999938], [75.92490999999976, 11.66438000000015], [75.92422000000074, 11.66506999999906], [75.92317999999979, 11.66541999999933], [75.92215000000036, 11.66594000000079], [75.92100000000025, 11.66661999999994], [75.92024999999921, 11.66713999999954], [75.91928000000004, 11.66771999999948], [75.91882000000079, 11.66794999999914], [75.91800999999941, 11.66818000000059], [75.91720999999966, 11.66818000000059], [75.91652000000065, 11.66818000000059], [75.91589000000022, 11.66880999999925], [75.9154299999991, 11.66921000000001], [75.91438999999991, 11.66943999999968], [75.91342000000076, 11.66949999999994], [75.91266999999971, 11.66984000000045], [75.91203999999928, 11.67023999999944], [75.91209999999954, 11.67070000000055], [75.91301999999999, 11.67093000000022], [75.91438999999991, 11.67076000000089], [75.91553999999995, 11.67076000000089], [75.91634999999955, 11.67076000000089], [75.91714999999931, 11.67076000000089], [75.91813000000002, 11.67029999999978], [75.91887999999928, 11.66995999999927], [75.92020000000049, 11.66908999999941], [75.92043000000015, 11.6688699999995], [75.92093999999999, 11.66822999999931], [75.9224400000003, 11.66680000000089], [75.9236400000009, 11.66633999999978], [75.92473000000066, 11.66582000000019], [75.92599999999943, 11.66512999999941], [75.92691999999988, 11.66479000000076], [75.92818000000075, 11.66460999999981], [75.9301899999991, 11.66415000000048], [75.9304800000009, 11.66418999999952], [75.93057000000044, 11.66415000000048], [75.93120000000087, 11.66395000000009], [75.93152000000008, 11.66410999999974], [75.93166999999997, 11.66458000000053], [75.93166999999997, 11.66510000000012], [75.93166999999997, 11.66581000000043], [75.93162999999915, 11.66597999999975]]}}, {"type": "Feature", "properties": {"id": 103, "zone": "High Hazard Zone", "FID": "103", "ZONE_": "High Hazard Zone", "SHAPE_Leng": "0.011128", "SHAPE_Area": "0.000005", "aarea": "0.055852"}, "geometry": {"type": "Polygon", "coordinates": [[75.9822899999999, 11.63188000000084], [75.98195999999916, 11.63191000000004], [75.98163000000018, 11.63177], [75.98144999999933, 11.6316700000007], [75.98123999999918, 11.63143999999916], [75.98112000000036, 11.6312799999996], [75.98093999999949, 11.6310300000005], [75.98072999999935, 11.63075000000025], [75.98055000000026, 11.63055999999963], [75.98027999999978, 11.63030000000068], [75.98021999999943, 11.62996999999993], [75.98012000000021, 11.62965000000081], [75.98005999999987, 11.62927999999924], [75.97998000000008, 11.62909000000039], [75.97972999999912, 11.62868999999954], [75.97953000000051, 11.62822000000053], [75.97967000000064, 11.62782999999943], [75.9797099999996, 11.62758000000033], [75.97998000000008, 11.62737999999986], [75.98021999999943, 11.62800000000062], [75.98099999999975, 11.6289400000005], [75.9810899999993, 11.62904999999957], [75.98121999999965, 11.62919999999937], [75.98136999999954, 11.6293100000003], [75.98161000000076, 11.62975999999978], [75.98171000000005, 11.63012999999958], [75.98187999999938, 11.63071999999919], [75.98193999999964, 11.63117000000054], [75.98226000000071, 11.63162000000011], [75.9822899999999, 11.63188000000084]]}}, {"type": "Feature", "properties": {"id": 104, "zone": "High Hazard Zone", "FID": "104", "ZONE_": "High Hazard Zone", "SHAPE_Leng": "0.66153", "SHAPE_Area": "0.001581", "aarea": "19.304218"}, "geometry": {"type": "MultiPolygon", "coordinates": [[[[75.92677573730032, 11.84816564171814], [75.92652129534721, 11.84784222418308], [75.926284795347, 11.84738159918262], [75.92620848284696, 11.8469219116822], [75.92646366327263, 11.84659776662785], [75.92649999999959, 11.84658999999917], [75.92677573730032, 11.84816564171814]]], [[[75.9230000000007, 11.86564999999969], [75.92292918296252, 11.86680077687348], [75.92299651409394, 11.86564922419964], [75.92414837214723, 11.86493110036271], [75.9230000000007, 11.86564999999969]]], [[[75.92268999999939, 11.8673400000007], [75.9217700000008, 11.86810999999939], [75.92145999999958, 11.86825999999928], [75.92145628664241, 11.86826090858671], [75.92176820159281, 11.86810778670194], [75.92269078315249, 11.86733867204544], [75.92268999999939, 11.8673400000007]]], [[[75.91805000000024, 11.8690399999996], [75.91804405072637, 11.86904518436676], [75.91805267033938, 11.86903763045282], [75.91835912744574, 11.86903667604862], [75.91805000000024, 11.8690399999996]]], [[[75.9198300000007, 11.8691899999994], [75.91934172601803, 11.86913338852336], [75.91983032659101, 11.86918641170299], [75.92009446725777, 11.86899899586938], [75.9198300000007, 11.8691899999994]]], [[[75.91666000000077, 11.87003999999983], [75.91619999999966, 11.87011999999961], [75.91571479836293, 11.87048736695363], [75.91619873283764, 11.87011719295382], [75.91665648283804, 11.87003897420376], [75.9167466828145, 11.86997969891206], [75.91666000000077, 11.87003999999983]]], [[[75.91541999999934, 11.87111999999975], [75.91509201629994, 11.87144269364063], [75.9154205453369, 11.87111569295472], [75.91549682658702, 11.8706540992043], [75.91549967284561, 11.87065192202746], [75.91541999999934, 11.87111999999975]]], [[[75.91317999999954, 11.8714299999992], [75.91300730507044, 11.87155412448065], [75.91317748283484, 11.87142753670501], [75.9135433616858, 11.87136680666277], [75.91317999999954, 11.8714299999992]]], [[[75.91410368749892, 11.87157691090469], [75.91364116922698, 11.87135057217399], [75.91364288908527, 11.87135028670501], [75.91410368749892, 11.87157691090469]]], [[[75.91450000000076, 11.87181000000053], [75.91449803358697, 11.87180884032063], [75.91465925728083, 11.87176753139261], [75.91450000000076, 11.87181000000053]]], [[[75.93771999999989, 11.90358999999986], [75.9374200000002, 11.9040499999992], [75.93734000000042, 11.90443000000053], [75.93734000000042, 11.90581000000022], [75.93733979535736, 11.90581079299212], [75.93733979535736, 11.90442944298583], [75.93741607660739, 11.9040470054854], [75.93772126410764, 11.903585442985], [75.93781292001637, 11.90347310062426], [75.93771999999989, 11.90358999999986]]], [[[75.93719000000053, 11.9072699999997], [75.93713902989168, 11.90746432353838], [75.93718720160719, 11.90727044298846], [75.93722154503432, 11.90675176015906], [75.93719000000053, 11.9072699999997]]], [[[75.93672999999941, 11.90919000000029], [75.93634999999995, 11.9103400000004], [75.9360400000005, 11.91056999999998], [75.93586856508605, 11.91066848388681], [75.93603517035608, 11.91057203674151], [75.93634795160641, 11.91034031799128], [75.93672942035677, 11.90918922424021], [75.93675751275221, 11.90911846684276], [75.93672999999941, 11.90919000000029]]], [[[75.93471999999929, 11.91127000000052], [75.93378999999916, 11.91150000000019], [75.9333664882717, 11.91171023244018], [75.93379210785403, 11.91149713049236], [75.93472288910486, 11.91126538049219], [75.93493506056215, 11.91117944818408], [75.93471999999929, 11.91127000000052]]], [[[75.93179000000057, 11.91342000000078], [75.93179000000057, 11.91388000000003], [75.93154999999936, 11.91426999999934], [75.93139999999948, 11.91473000000046], [75.93102000000002, 11.9151899999997], [75.93076996180942, 11.91554942990048], [75.93101501410148, 11.91518784924582], [75.93139648285175, 11.91472722424536], [75.93154907660193, 11.91426563049494], [75.93178557660212, 11.91388225549457], [75.93178557660212, 11.91342066174415], [75.93189998945164, 11.91307503308548], [75.93179000000057, 11.91342000000078]]], [[[75.9296200000008, 11.9164199999996], [75.92864000000009, 11.91686999999909], [75.92863710144421, 11.91686990649726], [75.92961882660013, 11.91641806799695], [75.92977556571604, 11.91611859142603], [75.9296200000008, 11.9164199999996]]]]}}, {"type": "Feature", "properties": {"id": 105, "zone": "Medium Hazard Zone", "FID": "105", "ZONE_": "Medium Hazard Zone", "SHAPE_Leng": "0.054528", "SHAPE_Area": "0.000052", "aarea": "0.641525"}, "geometry": {"type": "Polygon", "coordinates": [[76.0033700000004, 11.56983000000039], [76.00299000000085, 11.57043999999952], [76.00323000000027, 11.57162000000061], [76.00379000000069, 11.57209999999938], [76.00446000000008, 11.57209999999938], [76.00540000000005, 11.57233000000091], [76.0058300000001, 11.57262000000084], [76.00710000000073, 11.5734699999994], [76.0085199999994, 11.57494000000042], [76.0093799999995, 11.57550000000083], [76.00971000000024, 11.57625999999985], [76.01036999999995, 11.57625999999985], [76.01145999999973, 11.57625999999985], [76.01259000000023, 11.5763499999994], [76.0129199999992, 11.57702000000065], [76.01288000000025, 11.57768000000028], [76.01197999999933, 11.57791999999971], [76.0109799999991, 11.57825000000046], [76.01031999999937, 11.57848000000013], [76.00914000000014, 11.57848000000013], [76.00842999999985, 11.57834], [76.0079999999998, 11.57768000000028], [76.00743999999938, 11.57677999999945], [76.00676999999999, 11.5758800000003], [76.00602000000073, 11.57546000000001], [76.0050200000005, 11.57522000000067], [76.00422000000074, 11.5751199999995], [76.00355999999915, 11.57459999999991], [76.00269999999905, 11.57366000000002], [76.00203999999943, 11.57303999999935], [76.00165999999987, 11.57223999999951], [76.00151999999983, 11.57142999999999], [76.00132999999911, 11.57057999999965], [76.00100000000023, 11.56991999999993], [76.00086000000012, 11.56902000000078], [76.00086000000012, 11.56854999999999], [76.0009100000007, 11.56792999999923], [76.00105000000073, 11.56754999999976], [76.00171000000046, 11.56717999999997], [76.00251999999998, 11.56683999999946], [76.00299000000085, 11.56689000000005], [76.00351000000043, 11.56712999999947], [76.00410000000014, 11.56775999999991], [76.00494000000072, 11.56767000000037], [76.00539000000029, 11.56715000000077], [76.00596000000039, 11.56790000000004], [76.00584999999954, 11.56875000000038], [76.00647999999997, 11.56898000000004], [76.00705000000015, 11.5683000000008], [76.00830999999924, 11.56732999999986], [76.01019000000088, 11.56801000000088], [76.0104800000008, 11.5690400000003], [76.01036000000019, 11.56967000000074], [76.00956000000043, 11.5699000000004], [76.0087100000001, 11.56971999999954], [76.00755999999998, 11.56971999999954], [76.00584999999954, 11.57034999999998], [76.0046500000008, 11.57012000000031], [76.00379000000069, 11.5699000000004], [76.00368999999952, 11.5697799999998], [76.0033700000004, 11.56983000000039]]}}, {"type": "Feature", "properties": {"id": 106, "zone": "Medium Hazard Zone", "FID": "106", "ZONE_": "Medium Hazard Zone", "SHAPE_Leng": "0.031235", "SHAPE_Area": "0.000029", "aarea": "0.350907"}, "geometry": {"type": "Polygon", "coordinates": [[76.00498999999944, 11.5758299999998], [76.0060799999992, 11.57766000000085], [76.00750999999948, 11.57914999999961], [76.00791000000025, 11.58097000000089], [76.00835999999983, 11.58302999999974], [76.00933000000077, 11.58446000000002], [76.01087999999979, 11.58480000000053], [76.01042000000054, 11.58570999999935], [76.00881999999908, 11.5857699999997], [76.0071100000005, 11.58462999999935], [76.00641999999972, 11.58359999999992], [76.00555999999962, 11.58102999999937], [76.00437000000053, 11.5789800000002], [76.00230999999982, 11.5774299999994], [76.0008199999993, 11.57668999999991], [76.00220000000085, 11.57577999999922], [76.0037400000001, 11.57548999999929], [76.00498999999944, 11.5758299999998]]}}, {"type": "Feature", "properties": {"id": 107, "zone": "Medium Hazard Zone", "FID": "107", "ZONE_": "Medium Hazard Zone", "SHAPE_Leng": "0.018854", "SHAPE_Area": "0.000013", "aarea": "0.158947"}, "geometry": {"type": "Polygon", "coordinates": [[76.03788999999959, 11.58954000000086], [76.03743000000034, 11.5900000000001], [76.03686000000017, 11.59022999999977], [76.03565999999955, 11.59044999999968], [76.03485999999971, 11.59039999999909], [76.03492000000006, 11.58891000000042], [76.03532000000082, 11.58879999999949], [76.03635000000034, 11.58879999999949], [76.03753999999932, 11.5875400000004], [76.03782999999933, 11.58611000000021], [76.03686000000017, 11.58525999999987], [76.03731999999941, 11.58439999999977], [76.03931999999988, 11.58542999999919], [76.0397099999991, 11.58748000000014], [76.03943000000072, 11.5882799999999], [76.03788999999959, 11.58954000000086]]}}, {"type": "Feature", "properties": {"id": 108, "zone": "Medium Hazard Zone", "FID": "108", "ZONE_": "Medium Hazard Zone", "SHAPE_Leng": "0.011435", "SHAPE_Area": "0.000005", "aarea": "0.063263"}, "geometry": {"type": "Polygon", "coordinates": [[76.03720000000068, 11.57566000000039], [76.03686000000017, 11.57531999999988], [76.03588999999923, 11.57429000000046], [76.03720000000068, 11.57366000000002], [76.04017000000022, 11.57331999999951], [76.04029000000082, 11.57474999999979], [76.03948999999919, 11.57464000000073], [76.0382300000001, 11.57445999999978], [76.03720000000068, 11.57566000000039]]}}, {"type": "Feature", "properties": {"id": 109, "zone": "Medium Hazard Zone", "FID": "109", "ZONE_": "Medium Hazard Zone", "SHAPE_Leng": "0.020527", "SHAPE_Area": "0.000018", "aarea": "0.222233"}, "geometry": {"type": "Polygon", "coordinates": [[76.03782999999933, 11.56875000000038], [76.03759999999967, 11.56943999999929], [76.03725999999916, 11.57018000000066], [76.03616999999939, 11.57121000000008], [76.03549000000024, 11.57114999999973], [76.03440000000046, 11.57080999999923], [76.0341200000003, 11.56994999999912], [76.03457999999955, 11.56910000000065], [76.03594999999949, 11.56812999999961], [76.03737, 11.56653000000001], [76.03937000000046, 11.56646999999976], [76.0397099999991, 11.56578000000084], [76.04062999999955, 11.56578000000084], [76.04142999999931, 11.56732999999986], [76.04080000000064, 11.56869999999979], [76.04039999999988, 11.56881000000063], [76.0397099999991, 11.56857999999919], [76.03782999999933, 11.56875000000038]]}}, {"type": "Feature", "properties": {"id": 110, "zone": "Medium Hazard Zone", "FID": "110", "ZONE_": "Medium Hazard Zone", "SHAPE_Leng": "0.049184", "SHAPE_Area": "0.000086", "aarea": "1.048348"}, "geometry": {"type": "Polygon", "coordinates": [[76.00971000000024, 11.56537000000022], [76.00855000000045, 11.56566000000024], [76.00762000000033, 11.56560999999965], [76.0070899999992, 11.5650800000003], [76.00700999999933, 11.56502000000004], [76.00682000000049, 11.56503999999948], [76.00635999999938, 11.56464000000049], [76.00539000000029, 11.56378000000038], [76.00439009663663, 11.56302007344332], [76.00439000000006, 11.56301999999958], [76.00458000000069, 11.56230999999937], [76.00463999999917, 11.56162000000037], [76.00469999999952, 11.56110000000077], [76.00469999999952, 11.55996000000051], [76.00469999999952, 11.55985999999943], [76.00504999999978, 11.55970999999954], [76.00463999999917, 11.55891999999946], [76.00434999999923, 11.55823000000054], [76.00360999999974, 11.55795000000038], [76.00296999999955, 11.55766000000036], [76.00229000000039, 11.55748999999926], [76.00153999999927, 11.55674], [76.00136999999994, 11.55581999999955], [76.0016500000002, 11.55495999999945], [76.00182999999927, 11.55404000000087], [76.00194000000012, 11.55278], [76.00200000000038, 11.55240000000044], [76.00247999999924, 11.5520199999992], [76.00351000000043, 11.5520199999992], [76.00383999999941, 11.55211000000052], [76.00383999999941, 11.55162000000021], [76.00412999999934, 11.55069], [76.00476999999952, 11.55027999999947], [76.00569999999973, 11.55069], [76.00675000000047, 11.55091999999967], [76.00767000000091, 11.55098000000002], [76.00813999999993, 11.55104000000027], [76.00836999999959, 11.55220000000006], [76.00825000000076, 11.5526599999994], [76.00737999999912, 11.55271999999965], [76.00685999999953, 11.55313000000027], [76.00675000000047, 11.55383000000072], [76.00675000000047, 11.55464000000033], [76.00675000000047, 11.55528000000053], [76.00737999999912, 11.55561999999917], [76.0077299999994, 11.55620000000089], [76.00796000000084, 11.55673000000024], [76.00888999999918, 11.55678000000083], [76.00976000000082, 11.55731000000018], [76.00971000000024, 11.55800000000087], [76.00923999999945, 11.55840999999962], [76.00923999999945, 11.55904999999982], [76.00923999999945, 11.55950999999916], [76.00963000000046, 11.55956999999941], [76.00985000000037, 11.55939000000033], [76.01185000000082, 11.55939000000033], [76.01265000000058, 11.56058999999916], [76.01218999999946, 11.56223999999926], [76.01087999999979, 11.56293000000004], [76.0104800000008, 11.56417999999937], [76.0104800000008, 11.56526999999914], [76.00987999999965, 11.5651799999996], [76.00971000000024, 11.56537000000022]]}}, {"type": "Feature", "properties": {"id": 111, "zone": "Medium Hazard Zone", "FID": "111", "ZONE_": "Medium Hazard Zone", "SHAPE_Leng": "0.075562", "SHAPE_Area": "0.00009", "aarea": "1.09684"}, "geometry": {"type": "Polygon", "coordinates": [[76.08643999999914, 11.65188999999923], [76.08685999999943, 11.65273999999957], [76.08706999999957, 11.65364000000049], [76.08743999999938, 11.65459000000014], [76.08743999999938, 11.65538999999989], [76.08743999999938, 11.65596999999983], [76.08702000000086, 11.65713999999938], [76.08643999999914, 11.6580900000008], [76.08580000000072, 11.65852000000085], [76.08468999999965, 11.65872999999922], [76.08394000000048, 11.65889000000065], [76.08294000000025, 11.65905000000021], [76.08230000000006, 11.65898999999986], [76.08160999999927, 11.6584600000006], [76.08135000000041, 11.65792999999938], [76.08129000000007, 11.65709000000057], [76.08214000000041, 11.65661000000003], [76.08340999999926, 11.6564999999991], [76.0842599999996, 11.65645000000038], [76.0841600000003, 11.65591999999925], [76.08303999999956, 11.65587000000053], [76.08181999999942, 11.65565000000062], [76.08098000000062, 11.65453999999955], [76.07997000000071, 11.6532700000007], [76.07959999999915, 11.6526300000005], [76.07959999999915, 11.65200000000007], [76.07980999999928, 11.65067000000087], [76.08092000000036, 11.65056999999979], [76.08214000000041, 11.65093999999949], [76.08299000000083, 11.65157000000002], [76.08400000000074, 11.65172999999958], [76.08453000000009, 11.65114999999973], [76.08474000000024, 11.64998000000018], [76.08489999999979, 11.64913999999951], [76.08605999999968, 11.64870999999946], [76.08681000000071, 11.64849999999931], [76.08791999999991, 11.64828999999917], [76.0886100000007, 11.64802000000054], [76.0886100000007, 11.64732999999976], [76.08813000000006, 11.64680000000041], [76.08734000000007, 11.64622000000056], [76.08664999999928, 11.64611999999939], [76.08601000000087, 11.64611999999939], [76.08532000000018, 11.64638000000012], [76.08454999999961, 11.64641999999916], [76.08431999999995, 11.64653999999977], [76.08357000000069, 11.64672000000063], [76.08311999999934, 11.64586000000052], [76.08300000000051, 11.64506000000077], [76.08249000000067, 11.64374999999931], [76.08163000000057, 11.64300000000005], [76.08135000000041, 11.64340000000082], [76.08106000000039, 11.64379999999981], [76.08008999999946, 11.64449000000059], [76.07889000000071, 11.64472000000026], [76.07826000000027, 11.64506000000077], [76.07762999999974, 11.64396999999913], [76.07762999999974, 11.6434599999993], [76.07979999999952, 11.64208999999937], [76.08139999999914, 11.64134999999987], [76.08159999999951, 11.64149999999975], [76.08294000000025, 11.6416100000006], [76.0849999999991, 11.64203000000088], [76.08648999999973, 11.64250999999966], [76.08697000000028, 11.6433099999995], [76.08813000000006, 11.64458000000013], [76.08886999999956, 11.64552999999978], [76.08987999999955, 11.64601000000041], [76.09029999999984, 11.64686000000075], [76.09029999999984, 11.64775999999981], [76.08919000000064, 11.64833999999975], [76.08840000000055, 11.64866000000074], [76.0883400000002, 11.6495099999993], [76.0883400000002, 11.65041000000023], [76.08743999999938, 11.65072999999935], [76.08648999999973, 11.65130999999929], [76.08643999999914, 11.65188999999923]]}}, {"type": "Feature", "properties": {"id": 112, "zone": "Medium Hazard Zone", "FID": "112", "ZONE_": "Medium Hazard Zone", "SHAPE_Leng": "0.011598", "SHAPE_Area": "0.000008", "aarea": "0.100443"}, "geometry": {"type": "Polygon", "coordinates": [[76.11561000000074, 11.55525999999914], [76.11651999999957, 11.55572000000025], [76.11731999999941, 11.55709000000027], [76.11664000000016, 11.55795000000038], [76.11607000000008, 11.55817999999996], [76.11514999999963, 11.55782999999977], [76.11470000000006, 11.55715000000053], [76.1139000000003, 11.55617999999959], [76.11361000000038, 11.55525999999914], [76.1142400000008, 11.55446999999914], [76.1154999999999, 11.55429000000006], [76.11561000000074, 11.55525999999914]]}}, {"type": "Feature", "properties": {"id": 113, "zone": "Medium Hazard Zone", "FID": "113", "ZONE_": "Medium Hazard Zone", "SHAPE_Leng": "0.030017", "SHAPE_Area": "0.000034", "aarea": "0.419258"}, "geometry": {"type": "Polygon", "coordinates": [[76.07819000000016, 11.55959000000071], [76.07790000000024, 11.56063999999966], [76.07697000000012, 11.56063999999966], [76.07587000000059, 11.56017000000065], [76.0745900000002, 11.55976999999988], [76.07389999999941, 11.55935999999927], [76.07378000000058, 11.55883999999967], [76.07430000000018, 11.55838000000043], [76.07500000000073, 11.55838000000043], [76.07581000000025, 11.55838000000043], [76.07674000000046, 11.55803000000016], [76.07674000000046, 11.55738999999996], [76.07610000000025, 11.55662999999916], [76.07587000000059, 11.55629000000043], [76.0760399999999, 11.55581999999955], [76.0760399999999, 11.55542000000056], [76.0760399999999, 11.55465999999977], [76.07668000000011, 11.55356000000032], [76.0773200000003, 11.55327000000031], [76.07819000000016, 11.55327000000031], [76.07853000000067, 11.55321000000005], [76.07918000000063, 11.55261000000068], [76.07992000000013, 11.55255000000033], [76.08065999999963, 11.55266999999916], [76.08145999999938, 11.5535199999995], [76.08194000000002, 11.5539100000005], [76.08195999999954, 11.5539100000005], [76.08198000000084, 11.55393000000003], [76.08231999999948, 11.55421000000028], [76.0822900000003, 11.55442000000042], [76.08237000000007, 11.55453999999916], [76.08272000000035, 11.55507000000038], [76.08272000000035, 11.5558799999999], [76.08272000000035, 11.55658000000035], [76.08249000000067, 11.55681000000002], [76.08156000000055, 11.55697999999934], [76.08108999999968, 11.55697999999934], [76.0805700000001, 11.55687000000037], [76.08015999999957, 11.55687000000037], [76.07963999999997, 11.55687000000037], [76.07894999999918, 11.55709999999995], [76.07854000000043, 11.55721000000088], [76.07819000000016, 11.55755999999928], [76.07819000000016, 11.55832000000008], [76.07819000000016, 11.55959000000071]]}}, {"type": "Feature", "properties": {"id": 114, "zone": "Medium Hazard Zone", "FID": "114", "ZONE_": "Medium Hazard Zone", "SHAPE_Leng": "0.020556", "SHAPE_Area": "0.000024", "aarea": "0.294014"}, "geometry": {"type": "Polygon", "coordinates": [[76.08648999999973, 11.55812999999946], [76.08660000000057, 11.55904000000006], [76.0858599999992, 11.56012000000007], [76.08489000000013, 11.56110000000077], [76.08476999999952, 11.56257999999977], [76.08466000000045, 11.56355000000072], [76.08437000000053, 11.56406000000064], [76.0836899999995, 11.56458000000023], [76.08311999999934, 11.56451999999988], [76.08306000000086, 11.56366999999954], [76.08259999999974, 11.56321000000029], [76.0819699999993, 11.56314999999995], [76.08139999999914, 11.56303999999911], [76.0808899999993, 11.56257999999977], [76.08083000000082, 11.56194999999934], [76.08071999999989, 11.5605799999994], [76.08094999999956, 11.55949999999939], [76.08135000000041, 11.5591000000004], [76.0819699999993, 11.55875000000013], [76.0835200000001, 11.55830000000056], [76.08414000000086, 11.55806999999911], [76.08511000000003, 11.55795000000038], [76.08597000000013, 11.55789999999979], [76.08648999999973, 11.55812999999946]]}}, {"type": "Feature", "properties": {"id": 115, "zone": "Medium Hazard Zone", "FID": "115", "ZONE_": "Medium Hazard Zone", "SHAPE_Leng": "0.037647", "SHAPE_Area": "0.000034", "aarea": "0.421077"}, "geometry": {"type": "Polygon", "coordinates": [[76.08323000000017, 11.57863000000002], [76.08106000000039, 11.5788599999996], [76.08059999999928, 11.5790799999995], [76.07998000000048, 11.57983000000054], [76.07951999999936, 11.57999999999995], [76.07752000000077, 11.58034000000046], [76.07654999999974, 11.58085000000029], [76.07609000000049, 11.58120000000056], [76.07552000000031, 11.58171000000039], [76.0750599999992, 11.58187999999972], [76.07454999999938, 11.58267999999956], [76.07380999999987, 11.58182999999913], [76.07341000000088, 11.58107999999996], [76.0731199999991, 11.58040000000072], [76.07301000000002, 11.57987999999935], [76.07329000000028, 11.5790799999995], [76.07374999999952, 11.57846000000061], [76.07449000000089, 11.57834], [76.07529000000065, 11.57811000000033], [76.07625999999982, 11.57811000000033], [76.07775000000035, 11.57811000000033], [76.07871999999952, 11.57811000000033], [76.0808899999993, 11.57709000000067], [76.08243000000041, 11.57709000000067], [76.08431999999995, 11.57697000000007], [76.08562999999963, 11.57697000000007], [76.08722999999922, 11.57639999999989], [76.08820000000017, 11.57646000000024], [76.08899999999993, 11.5767400000004], [76.08859999999916, 11.57822999999916], [76.08683000000023, 11.57868000000051], [76.08489000000013, 11.57827999999975], [76.08323000000017, 11.57863000000002]]}}, {"type": "Feature", "properties": {"id": 116, "zone": "Medium Hazard Zone", "FID": "116", "ZONE_": "Medium Hazard Zone", "SHAPE_Leng": "0.048913", "SHAPE_Area": "0.000056", "aarea": "0.685067"}, "geometry": {"type": "Polygon", "coordinates": [[76.15379960118898, 11.51917974167847], [76.15380000000002, 11.5191799999993], [76.15379608695794, 11.51918391304208], [76.15379000000034, 11.51919000000093], [76.15256000000045, 11.51997999999915], [76.15033000000041, 11.5204300000005], [76.14855999999962, 11.52054999999923], [76.1466199999995, 11.52140999999934], [76.14542000000075, 11.52140999999934], [76.14268000000081, 11.52135000000086], [76.1419900000001, 11.52082999999949], [76.14141999999994, 11.52031999999966], [76.13868000000006, 11.51986000000032], [76.13714000000073, 11.51900999999998], [76.13708000000047, 11.51718000000071], [76.13657000000055, 11.51563999999959], [76.13467999999924, 11.51467000000051], [76.134, 11.5127300000004], [76.13496999999917, 11.51193000000055], [76.13731000000004, 11.51267000000005], [76.13851000000065, 11.51403999999999], [76.13925000000016, 11.51569999999993], [76.13982000000033, 11.5167199999996], [76.14107999999942, 11.51747000000072], [76.1425600000002, 11.51764000000004], [76.1430799999998, 11.51814999999988], [76.14399000000049, 11.51872000000005], [76.14610999999968, 11.51872000000005], [76.14788000000047, 11.51872000000005], [76.14982000000057, 11.51872000000005], [76.15049999999972, 11.51849000000039], [76.15204000000085, 11.51804000000081], [76.15379960118898, 11.51917974167847]]}}, {"type": "Feature", "properties": {"id": 117, "zone": "Medium Hazard Zone", "FID": "117", "ZONE_": "Medium Hazard Zone", "SHAPE_Leng": "0.030122", "SHAPE_Area": "0.000034", "aarea": "0.412645"}, "geometry": {"type": "Polygon", "coordinates": [[75.81157999999955, 11.81415000000013], [75.81085999999958, 11.81423999999967], [75.81005999999982, 11.81428000000049], [75.80938000000057, 11.81436000000027], [75.80861999999978, 11.81473999999983], [75.80796999999983, 11.81502999999976], [75.80790999999957, 11.81559999999993], [75.80722000000056, 11.81633999999943], [75.80637000000021, 11.81651000000053], [75.80505000000088, 11.81639999999969], [75.80277000000025, 11.81639999999969], [75.8017999999993, 11.81537000000026], [75.80127999999971, 11.81320000000049], [75.8009399999992, 11.81199999999987], [75.8017999999993, 11.81120000000012], [75.8034499999994, 11.81012000000011], [75.80505000000088, 11.81022999999917], [75.80573999999979, 11.81034000000001], [75.8059099999991, 11.81108999999928], [75.80567999999953, 11.81183000000055], [75.80551000000011, 11.81234000000038], [75.80573999999979, 11.81302999999939], [75.80653999999963, 11.81387999999973], [75.80723000000032, 11.81395999999951], [75.80723000000032, 11.81393999999998], [75.80819999999949, 11.81377000000066], [75.80954999999999, 11.81351999999969], [75.81005999999982, 11.81343999999991], [75.81098999999995, 11.81343999999991], [75.81162000000037, 11.81343999999991], [75.81178999999979, 11.81393999999998], [75.81157999999955, 11.81415000000013]]}}, {"type": "Feature", "properties": {"id": 118, "zone": "Medium Hazard Zone", "FID": "118", "ZONE_": "Medium Hazard Zone", "SHAPE_Leng": "0.024863", "SHAPE_Area": "0.000018", "aarea": "0.223609"}, "geometry": {"type": "Polygon", "coordinates": [[75.81369000000085, 11.81825000000026], [75.81317999999915, 11.81840999999982], [75.81270000000039, 11.81913999999965], [75.81121999999961, 11.81941999999981], [75.81025000000044, 11.81977000000008], [75.80945000000068, 11.81964999999948], [75.80784999999922, 11.81884999999963], [75.80774000000015, 11.81845000000064], [75.80796000000007, 11.8182199999992], [75.80984999999967, 11.81765000000089], [75.81056999999966, 11.81741999999944], [75.81061000000048, 11.81689999999985], [75.81031000000078, 11.81601000000046], [75.80997000000028, 11.81538000000003], [75.80997000000028, 11.81490999999915], [75.81034999999974, 11.81470000000078], [75.8109000000004, 11.81473999999983], [75.81103000000077, 11.81503999999952], [75.81111000000054, 11.81550000000063], [75.81120000000008, 11.81604999999942], [75.81132000000069, 11.81638999999993], [75.81146000000082, 11.81645000000027], [75.81156000000011, 11.81633999999943], [75.81252999999928, 11.81639999999969], [75.81286000000003, 11.81682999999974], [75.81389999999922, 11.8164699999998], [75.81466000000002, 11.81643000000075], [75.81559000000014, 11.81643000000075], [75.8164300000008, 11.81663999999912], [75.81673000000049, 11.81702000000045], [75.81646999999977, 11.81756999999924], [75.81559000000014, 11.81765000000089], [75.81521000000068, 11.81798999999953], [75.81466000000002, 11.81816000000072], [75.81415000000018, 11.81816000000072], [75.81369000000085, 11.81825000000026]]}}, {"type": "Feature", "properties": {"id": 119, "zone": "Medium Hazard Zone", "FID": "119", "ZONE_": "Medium Hazard Zone", "SHAPE_Leng": "0.024108", "SHAPE_Area": "0.000024", "aarea": "0.291806"}, "geometry": {"type": "Polygon", "coordinates": [[75.81853000000048, 11.80537999999978], [75.81767000000038, 11.80600000000046], [75.81687000000053, 11.80611999999928], [75.81624000000009, 11.80515000000011], [75.81716000000054, 11.8039499999995], [75.8178399999997, 11.80292000000008], [75.81859000000074, 11.80228999999964], [75.81910000000066, 11.80292000000008], [75.81972999999923, 11.80292000000008], [75.82013000000008, 11.80269000000041], [75.82104000000068, 11.80126000000022], [75.82143999999967, 11.8007500000003], [75.8224100000007, 11.80011999999986], [75.82332999999929, 11.79995000000054], [75.82440999999929, 11.80063999999946], [75.82509999999999, 11.8014899999998], [75.82538000000024, 11.80218000000058], [75.8245800000004, 11.80251999999931], [75.82435000000082, 11.80269000000041], [75.8236699999998, 11.80342999999991], [75.8224100000007, 11.80422999999976], [75.8213300000007, 11.80469000000087], [75.82006999999973, 11.80469000000087], [75.81926999999997, 11.80469000000087], [75.81853000000048, 11.80537999999978]]}}, {"type": "Feature", "properties": {"id": 120, "zone": "Medium Hazard Zone", "FID": "120", "ZONE_": "Medium Hazard Zone", "SHAPE_Leng": "0.050804", "SHAPE_Area": "0.000042", "aarea": "0.513969"}, "geometry": {"type": "Polygon", "coordinates": [[75.82932000000072, 11.82896000000072], [75.82927000000022, 11.82958999999937], [75.82857999999945, 11.83009999999921], [75.82771999999935, 11.83090000000083], [75.82749999999943, 11.83170000000067], [75.82691999999949, 11.83307000000061], [75.8265200000005, 11.8334699999996], [75.82618, 11.83330000000027], [75.82572000000074, 11.83307000000061], [75.82618, 11.83146999999914], [75.8265200000005, 11.83056000000032], [75.82681000000052, 11.82970000000022], [75.82732000000036, 11.8290199999992], [75.82841000000012, 11.8274199999996], [75.82875000000054, 11.8269], [75.8298900000009, 11.82645000000052], [75.8306599999996, 11.82720999999945], [75.83080999999947, 11.8270200000006], [75.83103999999915, 11.82593000000092], [75.83115, 11.82541999999923], [75.8314900000005, 11.82502000000024], [75.8323500000006, 11.82399000000081], [75.83354999999935, 11.82330999999979], [75.83423000000036, 11.82295999999952], [75.83462999999935, 11.82318999999919], [75.83519999999953, 11.82273999999962], [75.83595000000057, 11.8220500000007], [75.83709000000093, 11.82238999999934], [75.83783000000042, 11.82285000000046], [75.84051999999971, 11.82308000000013], [75.84096999999929, 11.82234000000063], [75.8413099999998, 11.82228000000028], [75.84286000000067, 11.82358999999996], [75.84206000000083, 11.82404999999929], [75.84137000000014, 11.82495999999989], [75.84045999999945, 11.82565000000067], [75.83949000000028, 11.82611000000001], [75.83812000000034, 11.82565000000067], [75.83703000000058, 11.8251299999993], [75.83605999999963, 11.82485000000091], [75.83571999999913, 11.82570999999915], [75.83515000000081, 11.82570999999915], [75.83325999999943, 11.8252499999999], [75.83217999999941, 11.82547999999948], [75.8323500000006, 11.82661999999984], [75.83263000000076, 11.82764999999926], [75.83206000000068, 11.82805000000012], [75.83160999999923, 11.8282799999997], [75.83109999999941, 11.82818000000039], [75.83086000000006, 11.82839000000054], [75.83028999999989, 11.82805000000012], [75.82966999999921, 11.82805000000012], [75.82932000000072, 11.82896000000072]]}}, {"type": "Feature", "properties": {"id": 121, "zone": "Medium Hazard Zone", "FID": "121", "ZONE_": "Medium Hazard Zone", "SHAPE_Leng": "0.024392", "SHAPE_Area": "0.000023", "aarea": "0.276867"}, "geometry": {"type": "Polygon", "coordinates": [[76.05431999999931, 11.87300999999937], [76.05357999999981, 11.87357999999946], [76.05175000000054, 11.87404000000057], [76.05096000000046, 11.87488999999913], [76.04832999999965, 11.87512000000058], [76.04759000000016, 11.87512000000058], [76.04644000000003, 11.87512000000058], [76.04615999999987, 11.87506000000032], [76.04570000000062, 11.87442999999989], [76.04536000000012, 11.87357999999946], [76.04656000000072, 11.87283999999996], [76.04781000000006, 11.87238000000071], [76.04877999999914, 11.87232000000036], [76.04936000000085, 11.87238000000071], [76.04958000000076, 11.87243999999919], [76.04987000000077, 11.87248999999978], [76.05061000000028, 11.87238000000071], [76.05134999999977, 11.87220999999952], [76.05186999999937, 11.87128999999916], [76.05192999999962, 11.87048999999932], [76.0524999999998, 11.86946999999966], [76.05335000000014, 11.86974999999982], [76.05341000000048, 11.87032], [76.05329999999955, 11.87067000000027], [76.05329999999955, 11.87140999999977], [76.05421000000024, 11.87238000000071], [76.05431999999931, 11.87300999999937]]}}, {"type": "Feature", "properties": {"id": 122, "zone": "Medium Hazard Zone", "FID": "122", "ZONE_": "Medium Hazard Zone", "SHAPE_Leng": "0.056627", "SHAPE_Area": "0.000041", "aarea": "0.506489"}, "geometry": {"type": "Polygon", "coordinates": [[75.90689999999996, 11.83145999999947], [75.90662999999947, 11.83145999999947], [75.90604999999962, 11.83124999999923], [75.90504999999939, 11.83129999999982], [75.90478000000077, 11.83102999999942], [75.90473000000019, 11.83019000000061], [75.90473000000019, 11.82939000000077], [75.90436000000048, 11.8288699999994], [75.90394000000019, 11.82870999999975], [75.90378000000054, 11.82897000000048], [75.90345999999955, 11.82965999999939], [75.90287999999961, 11.82976000000056], [75.90229999999977, 11.82881000000092], [75.90171000000007, 11.82881000000092], [75.90113000000021, 11.8288699999994], [75.90055000000028, 11.82891999999989], [75.90001999999915, 11.82891999999989], [75.89955000000013, 11.82870999999975], [75.8994399999992, 11.82834000000004], [75.89923000000093, 11.82775000000034], [75.8986999999997, 11.82733000000005], [75.89796000000021, 11.82696000000035], [75.89747999999966, 11.82663999999927], [75.89743000000094, 11.82605999999942], [75.89763999999921, 11.82543000000076], [75.8980599999995, 11.82489999999963], [75.89838000000059, 11.82400000000048], [75.8994399999992, 11.82394999999999], [75.89976000000028, 11.82442000000086], [75.89976000000028, 11.82516000000036], [75.89981000000077, 11.82589999999986], [75.89981000000077, 11.82647999999971], [75.90018000000057, 11.82701000000084], [75.90049999999978, 11.8274899999997], [75.90123999999928, 11.82760000000054], [75.90181999999913, 11.82743999999912], [75.90244999999956, 11.82743999999912], [75.90314000000035, 11.82738000000064], [75.90394000000019, 11.82706999999932], [75.90467999999969, 11.8274899999997], [75.90525999999954, 11.8282299999992], [75.90552000000027, 11.82848999999984], [75.90557000000085, 11.82879999999929], [75.9060000000009, 11.82920999999991], [75.9063700000006, 11.8292399999991], [75.90678999999912, 11.8292399999991], [75.90774000000054, 11.82928999999969], [75.90833000000025, 11.82928999999969], [75.90875000000054, 11.82918000000062], [75.90875000000054, 11.82860000000077], [75.9081700000006, 11.82818000000039], [75.90753000000039, 11.82775000000034], [75.90684999999938, 11.82727999999956], [75.90662999999947, 11.82663999999927], [75.90662999999947, 11.8260100000007], [75.90705999999952, 11.82537000000051], [75.90763999999946, 11.82516000000036], [75.90842999999946, 11.82505999999919], [75.90906999999974, 11.82473999999998], [75.90991000000032, 11.82462999999914], [75.9109700000008, 11.82462999999914], [75.91171000000031, 11.82462999999914], [75.91218999999907, 11.82505999999919], [75.91287999999986, 11.82521000000086], [75.91287999999986, 11.82611000000001], [75.91229000000024, 11.8268000000007], [75.91223999999966, 11.82738000000064], [75.91192000000045, 11.82743999999912], [75.91155000000074, 11.82738000000064], [75.91129000000002, 11.82701000000084], [75.91080999999939, 11.8268000000007], [75.91028000000003, 11.8268000000007], [75.90980999999924, 11.82696000000035], [75.90943999999945, 11.82733000000005], [75.90960000000088, 11.82790999999999], [75.91013000000022, 11.8282299999992], [75.91071000000008, 11.82864999999949], [75.91101999999952, 11.82928999999969], [75.91076000000066, 11.82998000000047], [75.91006999999988, 11.82992000000012], [75.90960000000088, 11.82992000000012], [75.90896000000068, 11.83002999999919], [75.90833000000025, 11.83002999999919], [75.90753000000039, 11.83002999999919], [75.90699999999927, 11.83002999999919], [75.90662999999947, 11.83007999999968], [75.90668999999981, 11.83077000000046], [75.90705999999952, 11.83119000000075], [75.90689999999996, 11.83145999999947]]}}, {"type": "Feature", "properties": {"id": 123, "zone": "Medium Hazard Zone", "FID": "123", "ZONE_": "Medium Hazard Zone", "SHAPE_Leng": "0.026522", "SHAPE_Area": "0.00002", "aarea": "0.249078"}, "geometry": {"type": "Polygon", "coordinates": [[75.91181999999937, 11.83590000000002], [75.91140000000085, 11.83605999999967], [75.91080999999939, 11.83642999999937], [75.90991000000032, 11.83663999999952], [75.90960000000088, 11.83684999999966], [75.90917000000083, 11.8369600000005], [75.9084899999998, 11.83712000000015], [75.90833000000025, 11.83712000000015], [75.90769000000004, 11.83675000000036], [75.90747999999981, 11.83621999999923], [75.90732000000025, 11.83547999999973], [75.9081200000001, 11.83547999999973], [75.90833000000025, 11.83547999999973], [75.90875000000054, 11.83537000000066], [75.90912000000024, 11.83511000000002], [75.90949000000003, 11.83479000000081], [75.91018000000072, 11.83446999999983], [75.91043999999968, 11.83421000000087], [75.91129000000002, 11.83410000000003], [75.91177000000066, 11.83437000000052], [75.91223999999966, 11.83458000000067], [75.91272000000029, 11.83425999999959], [75.91287999999986, 11.83352000000009], [75.91260999999936, 11.8330999999998], [75.91256000000065, 11.83220000000074], [75.91260999999936, 11.83150999999996], [75.91293000000044, 11.83124999999923], [75.91351000000029, 11.83124999999923], [75.91361999999936, 11.83187999999976], [75.91409000000023, 11.83224999999946], [75.91477999999914, 11.83224999999946], [75.91536000000086, 11.83203999999932], [75.91599999999929, 11.83203999999932], [75.91662999999971, 11.83245999999961], [75.91669000000006, 11.83288999999966], [75.9165300000004, 11.83367999999974], [75.9161600000007, 11.83416000000038], [75.91552000000051, 11.83437000000052], [75.91488999999999, 11.83437000000052], [75.91409000000023, 11.83467999999997], [75.9138299999995, 11.83520999999924], [75.91330000000015, 11.83584999999952], [75.91302999999975, 11.83584999999952], [75.91229000000024, 11.83584999999952], [75.91181999999937, 11.83590000000002]]}}, {"type": "Feature", "properties": {"id": 124, "zone": "Medium Hazard Zone", "FID": "124", "ZONE_": "Medium Hazard Zone", "SHAPE_Leng": "0.058231", "SHAPE_Area": "0.000086", "aarea": "1.04526"}, "geometry": {"type": "Polygon", "coordinates": [[75.9474800000007, 11.88926999999967], [75.94605000000051, 11.88971999999924], [75.94496000000073, 11.89155000000029], [75.94455999999988, 11.89292000000022], [75.94411000000039, 11.89400999999999], [75.94347999999987, 11.89492000000068], [75.94296000000028, 11.89473999999973], [75.9422400000003, 11.8943799999997], [75.94167999999989, 11.8942800000004], [75.94038999999974, 11.89464000000043], [75.94013000000086, 11.89380999999961], [75.94059999999988, 11.89288999999916], [75.94177999999918, 11.89124000000084], [75.94198999999934, 11.89026000000014], [75.94182999999977, 11.88933000000002], [75.94182999999977, 11.88882000000009], [75.94245000000045, 11.88794000000056], [75.94321999999923, 11.8872699999993], [75.9427599999999, 11.88639999999944], [75.94193000000085, 11.88608999999999], [75.94101000000049, 11.8860399999994], [75.94029000000043, 11.8860399999994], [75.94023000000017, 11.88527000000071], [75.94000000000051, 11.88440000000084], [75.94110000000003, 11.88455000000064], [75.94140999999948, 11.88455000000064], [75.94182, 11.88450999999982], [75.9423399999996, 11.88423999999942], [75.94271999999907, 11.88409999999929], [75.9431999999997, 11.88369000000054], [75.94354000000021, 11.88334000000036], [75.9438900000005, 11.88290000000055], [75.94412999999983, 11.88248000000026], [75.94470999999977, 11.8821000000007], [75.94522999999936, 11.8818599999995], [75.94578000000001, 11.8818300000003], [75.94606000000017, 11.8818300000003], [75.94619000000054, 11.88169000000017], [75.94636999999963, 11.88131000000071], [75.94636999999963, 11.88106999999941], [75.94633000000067, 11.88066000000075], [75.94611000000076, 11.88040999999978], [75.94563999999988, 11.88034999999944], [75.94526000000042, 11.88006999999927], [75.94513000000006, 11.87973000000054], [75.94501999999922, 11.87913999999906], [75.94501999999922, 11.8787300000004], [75.94515999999935, 11.87824999999976], [75.94547000000057, 11.87789999999949], [75.94578000000001, 11.87783999999924], [75.94601999999945, 11.87783999999924], [75.9464000000007, 11.87796999999951], [75.94678000000025, 11.87838999999989], [75.94701999999958, 11.87880000000042], [75.94712000000075, 11.87941999999931], [75.94739999999913, 11.87973000000054], [75.94760999999929, 11.87994000000068], [75.94818999999913, 11.87996999999997], [75.94878000000061, 11.88020999999931], [75.94897999999922, 11.88052000000062], [75.94911999999934, 11.88087000000089], [75.94911999999934, 11.88134999999966], [75.94911999999934, 11.88165999999911], [75.94911999999934, 11.88192999999951], [75.94911999999934, 11.88227999999978], [75.94911999999934, 11.8826900000004], [75.94894999999994, 11.88297000000057], [75.94850000000045, 11.88320999999999], [75.94801999999981, 11.88335000000003], [75.94750000000022, 11.88383000000067], [75.94753999999918, 11.88415999999964], [75.94778000000038, 11.88447000000086], [75.94818999999913, 11.88447000000086], [75.94892000000074, 11.8844399999998], [75.94929000000045, 11.88420000000046], [75.94967, 11.88385000000019], [75.95011999999949, 11.88354000000074], [75.9505300000001, 11.88354000000074], [75.95074000000025, 11.88408999999953], [75.95074000000025, 11.88450999999982], [75.95074000000025, 11.8849599999994], [75.95074000000025, 11.88553999999933], [75.95063999999908, 11.88585000000056], [75.95057000000092, 11.88637000000015], [75.95046999999975, 11.88671000000066], [75.95032999999962, 11.88725999999954], [75.95025999999962, 11.88802000000034], [75.95029000000068, 11.88897999999974], [75.9501899999996, 11.88960000000042], [75.94990999999933, 11.88967000000044], [75.94936000000055, 11.88963999999937], [75.94897999999922, 11.88935999999921], [75.94864000000048, 11.88925999999991], [75.94792000000051, 11.88923000000071], [75.94758, 11.88934999999945], [75.9474800000007, 11.88926999999967]]}}, {"type": "Feature", "properties": {"id": 125, "zone": "Medium Hazard Zone", "FID": "125", "ZONE_": "Medium Hazard Zone", "SHAPE_Leng": "0.094544", "SHAPE_Area": "0.000252", "aarea": "3.083464"}, "geometry": {"type": "Polygon", "coordinates": [[75.99462999999925, 11.8886700000003], [75.99536000000076, 11.88841999999933], [75.99683999999976, 11.88789999999974], [75.99757999999926, 11.88794000000056], [75.9980599999999, 11.88851000000065], [75.99797000000035, 11.88951000000088], [75.99797000000035, 11.89076999999997], [75.99797000000035, 11.89163999999983], [75.99797000000035, 11.89247000000065], [75.99797000000035, 11.89321000000015], [75.99775000000045, 11.89356000000042], [75.99740000000018, 11.8935199999996], [75.99678999999927, 11.89356000000042], [75.9965800000009, 11.8943500000005], [75.99623000000062, 11.89530000000015], [75.99566000000054, 11.8956099999996], [75.9951799999999, 11.89573999999996], [75.99469999999927, 11.89543000000051], [75.99435000000086, 11.89509], [75.99347999999922, 11.89538999999969], [75.99304999999917, 11.89603999999965], [75.99265000000018, 11.89682999999964], [75.99217999999931, 11.89722000000074], [75.99191000000069, 11.89782999999987], [75.99186999999986, 11.89831000000051], [75.99181999999928, 11.89847999999983], [75.99304999999917, 11.89946000000053], [75.99328000000061, 11.90054000000054], [75.99230999999968, 11.90197000000082], [75.99071000000006, 11.90243000000007], [75.99049999999993, 11.90244999999959], [75.99042000000006, 11.90316999999957], [75.98939000000063, 11.90420000000086], [75.98890999999999, 11.90420000000086], [75.98872999999914, 11.90428000000064], [75.98798999999964, 11.90471000000069], [75.98755999999959, 11.90558000000055], [75.98698999999941, 11.90632000000005], [75.98633999999944, 11.9064099999996], [75.98576999999936, 11.90602000000037], [75.98508000000035, 11.90483999999928], [75.98454999999923, 11.90371000000046], [75.98367999999937, 11.90274999999928], [75.9828099999995, 11.90206000000036], [75.98120000000013, 11.90175000000092], [75.98058999999922, 11.90222999999969], [75.98055000000026, 11.90319000000087], [75.98101999999928, 11.90353999999936], [75.9811599999994, 11.90401999999991], [75.98106999999986, 11.90449000000078], [75.9807199999996, 11.90475999999941], [75.98024000000082, 11.90480000000023], [75.97954000000027, 11.90466999999987], [75.97902000000069, 11.90428000000064], [75.97827999999932, 11.90358000000019], [75.97762999999945, 11.90327000000074], [75.97683999999937, 11.90301000000001], [75.97623000000023, 11.90287999999964], [75.97496999999927, 11.90279999999986], [75.97374999999923, 11.90265999999974], [75.97305000000055, 11.90252999999937], [75.97230999999918, 11.90240000000087], [75.97143999999932, 11.90240000000087], [75.97075000000041, 11.90240000000087], [75.96931000000036, 11.90240000000087], [75.96787000000042, 11.90236000000005], [75.96722000000045, 11.90209999999932], [75.96656000000074, 11.90209999999932], [75.96622000000022, 11.90178999999987], [75.96625999999927, 11.90109999999909], [75.96643000000037, 11.90056999999983], [75.96643000000037, 11.89943999999923], [75.96673999999982, 11.89866000000078], [75.9671300000009, 11.89818000000014], [75.96738999999978, 11.89739000000006], [75.9678299999996, 11.89691999999918], [75.96887000000063, 11.8967400000001], [75.96956999999932, 11.89665000000056], [75.97026999999977, 11.89652000000019], [75.9712400000008, 11.8967100000009], [75.97208999999928, 11.89674999999986], [75.9734599999992, 11.89697999999953], [75.97402999999939, 11.8968600000007], [75.97545999999967, 11.8960000000006], [75.97676999999935, 11.89531999999967], [75.97739999999978, 11.89520000000084], [75.97911000000022, 11.89520000000084], [75.9802, 11.89520000000084], [75.9821400000001, 11.89509], [75.98293999999986, 11.89463000000067], [75.98408000000022, 11.89388999999939], [75.98476999999913, 11.89280999999938], [75.98487999999998, 11.8926300000003], [75.98596999999974, 11.89285999999997], [75.98722000000085, 11.8927500000009], [75.98756999999935, 11.89235000000005], [75.98819000000002, 11.89155000000029], [75.98876999999996, 11.89143999999945], [75.98944999999911, 11.89177999999996], [75.99042000000006, 11.8927500000009], [75.99105000000058, 11.89241000000039], [75.99172999999973, 11.89155000000029], [75.99230999999968, 11.89120999999978], [75.99322000000026, 11.89104000000046], [75.99344999999994, 11.89091999999986], [75.9936799999996, 11.89046000000052], [75.99481999999988, 11.8897799999995], [75.99465000000055, 11.88868999999973], [75.99462999999925, 11.8886700000003]]}}, {"type": "Feature", "properties": {"id": 126, "zone": "Medium Hazard Zone", "FID": "126", "ZONE_": "Medium Hazard Zone", "SHAPE_Leng": "0.017561", "SHAPE_Area": "0.000011", "aarea": "0.130924"}, "geometry": {"type": "Polygon", "coordinates": [[75.84144000000016, 11.73363000000063], [75.84166000000006, 11.73406000000069], [75.84175999999937, 11.73453999999946], [75.84240999999932, 11.73512999999916], [75.84267999999973, 11.73555999999921], [75.8430000000008, 11.73578000000089], [75.84326999999942, 11.73603999999975], [75.84380000000056, 11.73646999999981], [75.84380000000056, 11.7370100000007], [75.84374999999997, 11.73732999999991], [75.84316000000037, 11.73732999999991], [75.84283999999937, 11.73711999999976], [75.84257000000075, 11.7367400000003], [75.84218999999942, 11.7361500000006], [75.84187000000021, 11.73578000000089], [75.84150000000041, 11.7355100000004], [75.84107000000036, 11.7355100000004], [75.84036999999991, 11.7355100000004], [75.83935000000015, 11.73545000000014], [75.8383300000005, 11.73545000000014], [75.83806, 11.73508000000035], [75.8377899999996, 11.73470000000088], [75.83735999999955, 11.73427000000083], [75.83714999999941, 11.73357000000029], [75.83790000000045, 11.73357000000029], [75.8384299999998, 11.73357000000029], [75.83940000000074, 11.73341000000073], [75.84036999999991, 11.73330999999965], [75.84085000000054, 11.73336000000014], [75.84144000000016, 11.73363000000063]]}}, {"type": "Feature", "properties": {"id": 127, "zone": "Medium Hazard Zone", "FID": "127", "ZONE_": "Medium Hazard Zone", "SHAPE_Leng": "0.055865", "SHAPE_Area": "0.000045", "aarea": "0.546631"}, "geometry": {"type": "Polygon", "coordinates": [[75.88735000000092, 11.74035999999979], [75.88666000000013, 11.74091000000044], [75.88555000000085, 11.74112000000059], [75.88471000000027, 11.74133000000073], [75.88387999999945, 11.74133000000073], [75.88319000000044, 11.74133000000073], [75.88256000000001, 11.74078000000008], [75.88256000000001, 11.7399399999995], [75.88256000000001, 11.7393200000006], [75.88193999999933, 11.73883000000021], [75.88117000000055, 11.73904000000035], [75.88159000000084, 11.73806999999941], [75.88227999999984, 11.73792999999928], [75.88326000000055, 11.73675000000006], [75.88387999999945, 11.73675000000006], [75.88401999999948, 11.73731000000047], [75.88401999999948, 11.73813999999951], [75.88401999999948, 11.73904000000035], [75.88401999999948, 11.7399399999995], [75.88485000000038, 11.74000999999952], [75.88555000000085, 11.73953000000075], [75.88652, 11.7385599999998], [75.88659000000003, 11.73758000000088], [75.88659000000003, 11.73675000000006], [75.8867900000005, 11.73578000000089], [75.88741999999907, 11.73529000000049], [75.88832, 11.73557000000075], [75.88908000000079, 11.73584999999913], [75.88991999999959, 11.7361299999993], [75.89103000000067, 11.7361299999993], [75.89199999999984, 11.7361299999993], [75.89248000000048, 11.7361299999993], [75.89255000000048, 11.73523000000024], [75.8913699999994, 11.73445999999968], [75.88956999999932, 11.73445999999968], [75.8883900000001, 11.7341099999994], [75.88769999999933, 11.73314000000024], [75.88776999999934, 11.73251999999956], [75.88824999999997, 11.73202999999926], [75.88888000000041, 11.73127000000023], [75.88956999999932, 11.73064999999947], [75.88991999999959, 11.73070999999982], [75.89040000000023, 11.73106000000009], [75.89143999999942, 11.73176000000054], [75.89157999999955, 11.73258999999958], [75.89178999999969, 11.73342000000049], [75.89248000000048, 11.73377000000076], [75.89338999999929, 11.7341099999994], [75.89400999999997, 11.7345999999998], [75.89477000000076, 11.73502000000009], [75.89497999999914, 11.73633999999944], [75.8946400000004, 11.73724000000037], [75.89379999999981, 11.73738000000049], [75.89276000000064, 11.73738000000049], [75.89171999999958, 11.73745000000051], [75.89082000000052, 11.73745000000051], [75.88963999999943, 11.73745000000051], [75.88853000000015, 11.73758000000088], [75.88803999999983, 11.7385599999998], [75.88803999999983, 11.73939000000062], [75.88735000000092, 11.74035999999979]]}}, {"type": "Feature", "properties": {"id": 128, "zone": "Medium Hazard Zone", "FID": "128", "ZONE_": "Medium Hazard Zone", "SHAPE_Leng": "0.034653", "SHAPE_Area": "0.000031", "aarea": "0.378972"}, "geometry": {"type": "Polygon", "coordinates": [[76.09864999999989, 11.62855999999917], [76.09711000000064, 11.62907000000087], [76.0968799999991, 11.62997999999969], [76.0968799999991, 11.63061000000012], [76.09676000000037, 11.63112999999972], [76.09664999999953, 11.63181000000074], [76.09648000000011, 11.63232000000066], [76.09578999999943, 11.63227000000007], [76.0954500000007, 11.63163999999964], [76.09562000000001, 11.63095000000063], [76.09597000000029, 11.62867000000001], [76.0968799999991, 11.62752999999975], [76.09893000000015, 11.62660999999939], [76.10030999999985, 11.62615999999981], [76.10109999999985, 11.62523999999936], [76.10128000000078, 11.62376000000036], [76.10241999999928, 11.62290000000026], [76.10441999999965, 11.62376000000036], [76.10572999999933, 11.6242199999997], [76.10658999999943, 11.62415999999936], [76.10686999999959, 11.62490000000072], [76.10727000000044, 11.62552999999938], [76.1069900000002, 11.62603999999921], [76.10623999999916, 11.62627000000065], [76.10492999999948, 11.62609999999947], [76.10332999999987, 11.62638999999948], [76.1032200000009, 11.6270700000005], [76.10195999999995, 11.62816000000018], [76.10081999999967, 11.62816000000018], [76.10042000000068, 11.62816000000018], [76.09864999999989, 11.62855999999917]]}}, {"type": "Feature", "properties": {"id": 129, "zone": "Medium Hazard Zone", "FID": "129", "ZONE_": "Medium Hazard Zone", "SHAPE_Leng": "0.01", "SHAPE_Area": "0.000006", "aarea": "0.071345"}, "geometry": {"type": "Polygon", "coordinates": [[76.13017000000036, 11.5767400000004], [76.13109000000081, 11.57741999999964], [76.13160000000065, 11.5782199999994], [76.13205999999988, 11.57884999999983], [76.13199999999964, 11.57948000000036], [76.1315400000003, 11.57999000000019], [76.13090999999986, 11.57970999999994], [76.13023000000071, 11.57925000000069], [76.12943000000087, 11.57827999999975], [76.12886000000069, 11.57668000000014], [76.12953999999992, 11.5765699999993], [76.13017000000036, 11.5767400000004]]}}, {"type": "Feature", "properties": {"id": 130, "zone": "Medium Hazard Zone", "FID": "130", "ZONE_": "Medium Hazard Zone", "SHAPE_Leng": "0.037869", "SHAPE_Area": "0.000049", "aarea": "0.597537"}, "geometry": {"type": "Polygon", "coordinates": [[76.02800999999995, 11.69793000000026], [76.02766999999953, 11.69873000000011], [76.02743999999987, 11.69959000000021], [76.02692000000027, 11.69981000000003], [76.02589000000076, 11.70003999999969], [76.02491999999981, 11.69987000000037], [76.02447000000033, 11.69907000000062], [76.0247500000005, 11.69809999999958], [76.02532000000068, 11.69684000000049], [76.02704000000088, 11.69525000000065], [76.02897999999912, 11.69296000000027], [76.03405999999995, 11.6902200000004], [76.03532000000082, 11.69032999999946], [76.03561000000084, 11.69066999999997], [76.03614000000019, 11.69059000000019], [76.03689999999912, 11.69052999999985], [76.0380800000003, 11.69050000000065], [76.03879000000052, 11.69102999999992], [76.03898999999913, 11.69138999999995], [76.03879000000052, 11.69203000000015], [76.03845999999977, 11.69276999999965], [76.03814000000057, 11.69324000000052], [76.03758000000015, 11.69339000000032], [76.0367299999998, 11.69360000000055], [76.03580999999944, 11.69360000000055], [76.03507999999962, 11.69360000000055], [76.03430999999905, 11.69376999999987], [76.03354000000036, 11.69404000000028], [76.03281000000062, 11.69429999999923], [76.03221999999914, 11.69462999999998], [76.0316600000006, 11.69494999999919], [76.03124000000022, 11.69525000000065], [76.03076999999944, 11.69563000000021], [76.03026999999928, 11.69604000000073], [76.02982999999946, 11.69644999999949], [76.02921000000056, 11.6970099999999], [76.02850000000035, 11.69743000000019], [76.02848000000083, 11.69743000000019], [76.02800999999995, 11.69793000000026]]}}, {"type": "Feature", "properties": {"id": 131, "zone": "Medium Hazard Zone", "FID": "131", "ZONE_": "Medium Hazard Zone", "SHAPE_Leng": "0.031729", "SHAPE_Area": "0.000034", "aarea": "0.419812"}, "geometry": {"type": "Polygon", "coordinates": [[76.03091999999923, 11.70010000000004], [76.03024000000008, 11.70010000000004], [76.03005999999912, 11.70010000000004], [76.02925999999937, 11.69981000000003], [76.02903999999947, 11.69873000000011], [76.02931999999963, 11.69781999999942], [76.03068999999957, 11.69690000000084], [76.03205999999959, 11.69582000000083], [76.03285999999935, 11.69638999999914], [76.0338300000003, 11.69678999999999], [76.03457999999955, 11.69678999999999], [76.0355500000005, 11.69707000000016], [76.03657000000024, 11.69621999999982], [76.03811999999927, 11.69529999999937], [76.03868999999943, 11.69426999999994], [76.03931999999988, 11.69347999999995], [76.04062999999955, 11.69284999999943], [76.04109000000066, 11.69439000000055], [76.03914000000078, 11.69672999999965], [76.03845999999977, 11.69742000000043], [76.03692000000042, 11.69895999999969], [76.03526000000056, 11.69936000000054], [76.03405999999995, 11.6999899999992], [76.03246000000036, 11.6999899999992], [76.03091999999923, 11.70010000000004]]}}, {"type": "Feature", "properties": {"id": 132, "zone": "Medium Hazard Zone", "FID": "132", "ZONE_": "Medium Hazard Zone", "SHAPE_Leng": "0.014093", "SHAPE_Area": "0.00001", "aarea": "0.125449"}, "geometry": {"type": "Polygon", "coordinates": [[76.01533000000019, 11.5480599999992], [76.0156700000007, 11.54920999999923], [76.01389999999991, 11.54938000000041], [76.01259000000023, 11.54972000000092], [76.01122000000029, 11.54972000000092], [76.01019000000088, 11.54920999999923], [76.00985000000037, 11.54858000000057], [76.00972999999976, 11.54811999999946], [76.01099000000072, 11.54795000000013], [76.01246999999962, 11.54754999999928], [76.01402000000051, 11.54709000000003], [76.01533000000019, 11.5480599999992]]}}, {"type": "Feature", "properties": {"id": 133, "zone": "Medium Hazard Zone", "FID": "133", "ZONE_": "Medium Hazard Zone", "SHAPE_Leng": "0.009093", "SHAPE_Area": "0.000005", "aarea": "0.064188"}, "geometry": {"type": "Polygon", "coordinates": [[76.01606999999969, 11.54435000000016], [76.01521999999935, 11.54560999999926], [76.01402000000051, 11.54617999999934], [76.01367000000025, 11.54612000000086], [76.01275999999964, 11.54537999999959], [76.01361999999975, 11.54435000000016], [76.01516000000086, 11.54320999999981], [76.01606999999969, 11.54435000000016]]}}, {"type": "Feature", "properties": {"id": 134, "zone": "Medium Hazard Zone", "FID": "134", "ZONE_": "Medium Hazard Zone", "SHAPE_Leng": "0.060857", "SHAPE_Area": "0.000055", "aarea": "0.678298"}, "geometry": {"type": "Polygon", "coordinates": [[76.0321800000002, 11.54664000000046], [76.03074999999991, 11.54709000000003], [76.0288099999998, 11.54788999999979], [76.02743999999987, 11.54692000000071], [76.02686999999969, 11.54617999999934], [76.02577999999991, 11.54651999999985], [76.02424000000066, 11.5474400000003], [76.02383999999981, 11.5474400000003], [76.02281000000038, 11.54641000000079], [76.02189999999969, 11.54760999999962], [76.02121000000078, 11.54674999999952], [76.01943999999999, 11.54664000000046], [76.01778999999989, 11.54464000000009], [76.01692999999979, 11.54400999999965], [76.01658999999928, 11.54224000000064], [76.01584000000003, 11.54091999999943], [76.01612999999995, 11.54024000000027], [76.01562000000011, 11.53977999999916], [76.01453000000035, 11.53944000000043], [76.01156000000081, 11.53864000000067], [76.01099000000072, 11.53813000000084], [76.01144999999997, 11.5371599999999], [76.01332999999973, 11.53670000000056], [76.01543999999926, 11.53670000000056], [76.01743999999962, 11.53778000000057], [76.01847000000092, 11.5396700000001], [76.01829999999973, 11.54144000000088], [76.01772999999955, 11.54269999999998], [76.01772999999955, 11.54361000000066], [76.01966999999966, 11.54377999999999], [76.02097999999934, 11.54377999999999], [76.02132999999961, 11.54464000000009], [76.02189999999969, 11.54464000000009], [76.02234999999926, 11.54377999999999], [76.02354999999989, 11.54394999999931], [76.02400999999922, 11.54486999999976], [76.02527000000009, 11.54474999999915], [76.02704000000088, 11.54418000000075], [76.02845999999953, 11.54588999999942], [76.03211999999985, 11.54521000000027], [76.0321800000002, 11.54664000000046]]}}, {"type": "Feature", "properties": {"id": 135, "zone": "Medium Hazard Zone", "FID": "135", "ZONE_": "Medium Hazard Zone", "SHAPE_Leng": "0.018936", "SHAPE_Area": "0.00001", "aarea": "0.120621"}, "geometry": {"type": "Polygon", "coordinates": [[76.03360000000062, 11.51625000000059], [76.03428999999963, 11.51797000000079], [76.03508999999939, 11.51916999999954], [76.03536999999963, 11.52024999999955], [76.03536999999963, 11.52128000000084], [76.03428999999963, 11.52282000000009], [76.03285999999935, 11.52355999999959], [76.0321800000002, 11.52327999999943], [76.03389000000064, 11.52059000000006], [76.0337799999998, 11.51877000000055], [76.0325200000007, 11.51591000000008], [76.03360000000062, 11.51625000000059]]}}, {"type": "Feature", "properties": {"id": 136, "zone": "Medium Hazard Zone", "FID": "136", "ZONE_": "Medium Hazard Zone", "SHAPE_Leng": "0.01405", "SHAPE_Area": "0.000008", "aarea": "0.099558"}, "geometry": {"type": "Polygon", "coordinates": [[76.03097999999957, 11.51511000000023], [76.0316600000006, 11.51603000000068], [76.03223000000068, 11.51670999999983], [76.03223000000068, 11.51779999999961], [76.03285999999935, 11.51859999999945], [76.03148999999941, 11.51928000000047], [76.03081000000017, 11.51836999999978], [76.03017999999973, 11.51642999999967], [76.02892000000064, 11.51431000000048], [76.0295499999993, 11.51431000000048], [76.03017999999973, 11.51396999999997], [76.03097999999957, 11.51511000000023]]}}, {"type": "Feature", "properties": {"id": 137, "zone": "Medium Hazard Zone", "FID": "137", "ZONE_": "Medium Hazard Zone", "SHAPE_Leng": "0.05199", "SHAPE_Area": "0.00005", "aarea": "0.613176"}, "geometry": {"type": "Polygon", "coordinates": [[76.00893, 11.52729000000002], [76.00878999999988, 11.52717999999918], [76.00842999999985, 11.52730999999945], [76.00825000000076, 11.52649999999993], [76.00825000000076, 11.52592000000008], [76.00813999999993, 11.52511000000048], [76.00825000000076, 11.52434999999968], [76.00884000000046, 11.52376999999983], [76.00952999999937, 11.52302000000057], [76.01010999999923, 11.52249999999911], [76.01051999999984, 11.52151000000051], [76.01022999999984, 11.52052000000004], [76.01081015006045, 11.52019645477432], [76.01110076417598, 11.52007675512785], [76.01120069581378, 11.51997865041213], [76.01127000000088, 11.5199400000001], [76.01196999999956, 11.5200600000007], [76.01209000000016, 11.52052000000004], [76.01196999999956, 11.52122000000058], [76.01209000000016, 11.52220999999918], [76.01240999999938, 11.52223000000048], [76.01238000000009, 11.52220999999918], [76.01260999999975, 11.52210000000012], [76.01336000000079, 11.52203999999986], [76.01394000000073, 11.52186000000078], [76.01457999999916, 11.52122000000058], [76.0148100000006, 11.52081999999973], [76.01521999999935, 11.52017999999953], [76.01533999999995, 11.51972000000019], [76.01539000000045, 11.51919000000093], [76.01550999999927, 11.5184399999998], [76.01585999999955, 11.51773999999935], [76.01655000000032, 11.51721999999975], [76.01777000000037, 11.51676000000042], [76.01841000000057, 11.51647000000049], [76.01887999999967, 11.51622999999929], [76.01922000000017, 11.51576999999995], [76.02027000000089, 11.51512999999976], [76.02056000000083, 11.51512999999976], [76.02108000000041, 11.51570999999969], [76.02108000000041, 11.51663999999982], [76.02090999999932, 11.51705000000034], [76.02032999999938, 11.51773999999935], [76.0196300000007, 11.51785999999995], [76.01852999999939, 11.51821000000022], [76.01777000000037, 11.51914000000034], [76.01754000000071, 11.51977000000078], [76.01754000000071, 11.52023999999979], [76.01765999999952, 11.52093000000057], [76.01783000000071, 11.52128000000084], [76.01812000000064, 11.52128000000084], [76.01881999999932, 11.52133999999932], [76.01928000000044, 11.52133999999932], [76.0195100000001, 11.52145999999992], [76.02008999999995, 11.52174999999985], [76.02056000000083, 11.52226999999944], [76.02096999999958, 11.52255999999945], [76.02137000000043, 11.52308000000082], [76.02137000000043, 11.52348999999957], [76.02038999999972, 11.52337000000084], [76.0195100000001, 11.52337000000084], [76.01916999999959, 11.52354999999992], [76.01870000000058, 11.52395000000069], [76.01817999999912, 11.52395000000069], [76.01713000000018, 11.5237799999995], [76.01684000000024, 11.52348999999957], [76.01591000000003, 11.52348999999957], [76.01585999999955, 11.52360000000042], [76.01539000000045, 11.52360000000042], [76.0148100000006, 11.52360000000042], [76.01370999999929, 11.52370999999948], [76.0130100000006, 11.52370999999948], [76.01225999999949, 11.52389000000043], [76.01116000000005, 11.52453000000063], [76.0105800000001, 11.52517000000082], [76.01034000000077, 11.52592000000008], [76.00964999999998, 11.52633000000061], [76.0091799999991, 11.52678999999986], [76.00907000000004, 11.52707999999987], [76.00900999999979, 11.52709999999931], [76.00893, 11.52729000000002]]}}, {"type": "Feature", "properties": {"id": 138, "zone": "Medium Hazard Zone", "FID": "138", "ZONE_": "Medium Hazard Zone", "SHAPE_Leng": "0.028667", "SHAPE_Area": "0.000019", "aarea": "0.233817"}, "geometry": {"type": "Polygon", "coordinates": [[76.02304999999981, 11.5150699999995], [76.02352000000069, 11.51589000000055], [76.02387000000087, 11.51705000000034], [76.02397999999994, 11.51773999999935], [76.02455999999987, 11.5184399999998], [76.02479999999922, 11.51914000000034], [76.02508999999922, 11.52011999999918], [76.02532000000068, 11.52104999999939], [76.02584000000026, 11.52151000000051], [76.02600999999959, 11.52232999999979], [76.02633224970215, 11.52276880810475], [76.02648000000046, 11.52296999999998], [76.02654000000072, 11.5237799999995], [76.02780999999958, 11.52464999999936], [76.02844999999976, 11.52505999999998], [76.02857000000037, 11.52598000000034], [76.02809999999958, 11.52627000000026], [76.02751999999964, 11.52627000000026], [76.02654000000072, 11.52569000000041], [76.02571999999967, 11.52517000000082], [76.02520000000007, 11.52447000000028], [76.02474000000073, 11.52325999999991], [76.02426999999986, 11.52203999999986], [76.02369, 11.52075999999947], [76.02311000000007, 11.51977000000078], [76.02282000000014, 11.51860999999921], [76.02275999999979, 11.51802999999927], [76.02241999999929, 11.51670000000016], [76.02224000000021, 11.51496000000043], [76.02299999999923, 11.51438000000049], [76.02304999999981, 11.5150699999995]]}}, {"type": "Feature", "properties": {"id": 139, "zone": "Medium Hazard Zone", "FID": "139", "ZONE_": "Medium Hazard Zone", "SHAPE_Leng": "0.070778", "SHAPE_Area": "0.000112", "aarea": "1.370965"}, "geometry": {"type": "Polygon", "coordinates": [[75.94860999999942, 11.63780000000039], [75.94737999999961, 11.6387300000006], [75.94592000000014, 11.63925999999996], [75.9449499999992, 11.63930000000069], [75.94406999999957, 11.63837000000057], [75.94292999999922, 11.63775999999966], [75.94187000000059, 11.63788999999993], [75.94102999999993, 11.63736000000067], [75.94089999999956, 11.63625999999927], [75.94072000000048, 11.63577000000074], [75.94010999999956, 11.63581999999955], [75.93971000000057, 11.63591000000086], [75.93952999999964, 11.63559999999964], [75.93939999999927, 11.63435999999998], [75.9393600000003, 11.63356999999999], [75.93838999999936, 11.63294999999922], [75.9376400000001, 11.63272999999932], [75.93749999999997, 11.63203000000064], [75.93824999999924, 11.63145000000079], [75.93900000000028, 11.6312799999996], [75.93908999999982, 11.63092999999933], [75.93860999999927, 11.63012999999958], [75.9376400000001, 11.63012999999958], [75.93649000000008, 11.62999999999921], [75.93596000000072, 11.62911999999959], [75.9359199999999, 11.62774999999965], [75.9359199999999, 11.62687000000003], [75.93640000000053, 11.62523999999936], [75.9371499999997, 11.62440000000056], [75.93824999999924, 11.62383000000047], [75.9391400000004, 11.62320999999971], [75.93958000000022, 11.62250999999926], [75.94002000000003, 11.62192999999932], [75.94076999999929, 11.62192999999932], [75.9413800000002, 11.62202000000073], [75.94218000000005, 11.62211000000027], [75.94261999999976, 11.62219999999981], [75.94278999999918, 11.62259000000081], [75.94297000000005, 11.62320999999971], [75.94231000000032, 11.62399999999979], [75.94177999999918, 11.62449000000019], [75.94143000000078, 11.62536999999973], [75.94177999999918, 11.62580999999954], [75.94270999999931, 11.62580999999954], [75.94381000000071, 11.62572], [75.9446000000007, 11.62572], [75.94508999999924, 11.62620000000063], [75.9456100000007, 11.62708999999993], [75.9456100000007, 11.62783999999919], [75.94530999999914, 11.62862999999928], [75.9446000000007, 11.62946999999986], [75.94376000000013, 11.63061000000012], [75.94275000000013, 11.63126999999984], [75.94177999999918, 11.6318900000006], [75.94081000000003, 11.63241999999987], [75.94045999999985, 11.63335000000008], [75.94102999999993, 11.6335199999994], [75.94218000000005, 11.63326000000054], [75.94376000000013, 11.63206999999969], [75.94534999999996, 11.63104999999994], [75.94635999999996, 11.63148999999975], [75.94575000000073, 11.63255000000023], [75.94469000000025, 11.63320999999995], [75.94477999999978, 11.63383000000063], [75.94534999999996, 11.63422999999962], [75.94575000000073, 11.63471000000025], [75.94609999999922, 11.63515000000007], [75.9473300000009, 11.63536999999997], [75.94777000000072, 11.63484000000062], [75.94870000000083, 11.63453999999907], [75.94949000000092, 11.63457999999989], [75.94988999999991, 11.63532999999915], [75.94988999999991, 11.63621000000055], [75.94962999999917, 11.63656000000082], [75.94860999999942, 11.63780000000039]]}}, {"type": "Feature", "properties": {"id": 140, "zone": "Medium Hazard Zone", "FID": "140", "ZONE_": "Medium Hazard Zone", "SHAPE_Leng": "0.031911", "SHAPE_Area": "0.000045", "aarea": "0.54526"}, "geometry": {"type": "Polygon", "coordinates": [[75.91666000000077, 11.60053999999946], [75.91711000000035, 11.60103999999953], [75.9172500000004, 11.60231999999993], [75.91642999999934, 11.60296999999988], [75.91611000000012, 11.6033800000005], [75.91565000000078, 11.60347000000004], [75.91538000000038, 11.60355999999958], [75.91501000000059, 11.60378999999916], [75.91477999999914, 11.60416000000073], [75.91473000000043, 11.60489000000056], [75.91454999999948, 11.60543999999935], [75.91409000000023, 11.60553000000076], [75.91294999999988, 11.60640000000053], [75.91189999999915, 11.60704000000082], [75.91162000000077, 11.60735999999994], [75.91162000000077, 11.6078600000001], [75.9118099999996, 11.60858999999983], [75.9117600000009, 11.60892000000058], [75.91074999999913, 11.60914000000049], [75.90964999999959, 11.60932999999933], [75.90877999999972, 11.60932999999933], [75.90782000000033, 11.60909999999967], [75.90777999999959, 11.60841000000075], [75.90763999999946, 11.60758999999961], [75.90763999999946, 11.60704000000082], [75.90791999999962, 11.60620999999991], [75.90850999999932, 11.60492999999952], [75.90933000000038, 11.60456999999949], [75.91020000000024, 11.60411000000024], [75.91102999999929, 11.60378999999916], [75.91138999999932, 11.6033800000005], [75.91138999999932, 11.60263999999914], [75.91093999999974, 11.60167999999973], [75.91093999999974, 11.60086000000045], [75.91121000000024, 11.60039999999934], [75.91185000000043, 11.60039999999934], [75.91300000000047, 11.60039999999934], [75.91387000000033, 11.60039999999934], [75.91491999999927, 11.60039999999934], [75.91555999999947, 11.60053999999946], [75.91619999999966, 11.60049000000074], [75.91666000000077, 11.60053999999946]]}}, {"type": "Feature", "properties": {"id": 141, "zone": "Medium Hazard Zone", "FID": "141", "ZONE_": "Medium Hazard Zone", "SHAPE_Leng": "0.149166", "SHAPE_Area": "0.000204", "aarea": "2.492186"}, "geometry": {"type": "Polygon", "coordinates": [[75.93937000000007, 11.92849999999999], [75.93822999999972, 11.92890000000076], [75.9381300000005, 11.92923999999949], [75.93793999999978, 11.92907999999984], [75.93769000000069, 11.92904000000089], [75.93728999999983, 11.92904000000089], [75.93632000000066, 11.92904000000089], [75.93577999999977, 11.9288199999992], [75.93524000000075, 11.92845999999917], [75.93437000000088, 11.92813999999996], [75.9325700000009, 11.92813999999996], [75.93210000000002, 11.92868000000085], [75.93152999999984, 11.92886000000003], [75.93087999999989, 11.92890000000076], [75.93001000000002, 11.92890000000076], [75.92936000000006, 11.92864000000012], [75.92864000000009, 11.92809999999914], [75.92773999999916, 11.92773999999919], [75.9268400000001, 11.9272700000001], [75.92658999999914, 11.92622999999913], [75.92652582284417, 11.92591828238279], [75.92684935784757, 11.92494200550487], [75.926880634904, 11.92475321606542], [75.92698000000023, 11.92444000000069], [75.92691999999988, 11.9227900000005], [75.92675000000057, 11.92129999999996], [75.92789000000083, 11.9203300000008], [75.92849999999996, 11.92017999999913], [75.92957999999997, 11.91986000000001], [75.92994, 11.91938999999914], [75.93041000000088, 11.91925000000079], [75.93113000000085, 11.91889000000084], [75.93149000000089, 11.91866999999907], [75.93173999999999, 11.9185600000001], [75.9321799999998, 11.91844999999925], [75.93260999999985, 11.91808999999922], [75.93289999999978, 11.91758999999915], [75.93315000000075, 11.91700999999921], [75.93339999999993, 11.91650999999914], [75.93373000000068, 11.91589000000025], [75.93409000000062, 11.91542999999913], [75.93445000000067, 11.91491999999921], [75.9348100000007, 11.91441999999914], [75.93526999999995, 11.91359999999986], [75.93563999999974, 11.91340999999924], [75.93618000000063, 11.91325999999935], [75.93671999999965, 11.91318999999934], [75.93740000000068, 11.91294000000014], [75.93801999999957, 11.91272000000024], [75.93851999999973, 11.91239999999925], [75.93887999999967, 11.91186000000014], [75.93887999999967, 11.91131999999924], [75.93856000000038, 11.91108000000008], [75.93856000000055, 11.91071999999987], [75.93856000000055, 11.91028999999982], [75.93856000000055, 11.9097500000007], [75.93865999999977, 11.90917000000085], [75.9389200000005, 11.90869999999998], [75.93930999999972, 11.90855999999985], [75.93966999999975, 11.90841999999973], [75.94010999999956, 11.90816000000086], [75.94010999999956, 11.90783999999988], [75.9400299999998, 11.90740999999982], [75.93952999999964, 11.90708000000085], [75.93938999999959, 11.90703000000027], [75.93902999999956, 11.90689999999999], [75.93844999999962, 11.90672000000082], [75.93801999999957, 11.90636000000088], [75.93772999999965, 11.9056400000009], [75.93772999999965, 11.90553999999973], [75.93784000000049, 11.90541999999913], [75.9383799999996, 11.90517000000003], [75.93885000000047, 11.90499000000094], [75.9392399999997, 11.90495999999988], [75.93964000000047, 11.90488000000001], [75.94014000000062, 11.90480999999999], [75.94053999999961, 11.90469999999915], [75.94089999999956, 11.90440999999923], [75.94118999999958, 11.90423000000006], [75.94161999999963, 11.90409000000002], [75.94187000000059, 11.90397999999918], [75.94231000000032, 11.90394999999989], [75.94253000000023, 11.90394999999989], [75.9424899999995, 11.9040499999992], [75.94204999999968, 11.90466999999987], [75.94198999999934, 11.90467999999963], [75.9420200000004, 11.90474999999974], [75.94159000000035, 11.90501000000038], [75.94118999999958, 11.90503999999966], [75.94072000000048, 11.90539999999961], [75.94079000000059, 11.90609000000039], [75.94111999999947, 11.90691999999943], [75.94151000000056, 11.90756999999939], [75.94151000000056, 11.90811000000028], [75.94139999999972, 11.90857999999938], [75.94096999999967, 11.90912000000027], [75.94086000000061, 11.9095099999995], [75.94072000000048, 11.90998000000037], [75.94065000000046, 11.91056000000022], [75.94065000000046, 11.91128000000029], [75.94043000000056, 11.91200000000026], [75.94021000000065, 11.91238999999949], [75.94007000000052, 11.91265000000022], [75.93938999999959, 11.91308000000027], [75.93873999999964, 11.91330999999994], [75.93814999999994, 11.9134699999995], [75.93798000000061, 11.91351000000032], [75.93750999999973, 11.9135900000001], [75.93692999999989, 11.91376999999919], [75.93635999999971, 11.91402999999992], [75.93613999999981, 11.91412999999922], [75.93574000000082, 11.9144500000002], [75.93541999999982, 11.91484999999919], [75.93512999999982, 11.91532000000007], [75.93440999999984, 11.91606999999933], [75.93438000000064, 11.91617000000041], [75.93416000000073, 11.91686999999909], [75.93375999999988, 11.91762000000021], [75.9332599999998, 11.91834999999995], [75.93315000000075, 11.91889000000084], [75.93293000000084, 11.9196400000001], [75.9327200000007, 11.92017999999913], [75.93231999999993, 11.92093999999993], [75.93152999999984, 11.92194999999992], [75.93080999999987, 11.92237999999997], [75.93022999999992, 11.9226699999999], [75.92979999999987, 11.92309000000019], [75.92958999999973, 11.92317000000006], [75.92907000000014, 11.9233800000002], [75.92857000000006, 11.9242400000003], [75.92871000000011, 11.92499999999924], [75.92881999999918, 11.92569000000002], [75.92924999999923, 11.92626000000019], [75.92982999999916, 11.92670000000001], [75.92987999999966, 11.92671999999944], [75.93029999999995, 11.92688000000087], [75.93087999999989, 11.92694999999911], [75.93118999999933, 11.92692999999959], [75.93195999999989, 11.92679999999931], [75.9327200000007, 11.92670000000001], [75.93418999999993, 11.92564999999919], [75.93462999999974, 11.92494000000076], [75.93617000000087, 11.92403999999992], [75.93793999999978, 11.92341999999916], [75.93920000000075, 11.92336000000068], [75.9395399999994, 11.92324000000007], [75.94057000000068, 11.92187000000014], [75.94131000000019, 11.92095999999945], [75.9425100000008, 11.92026000000078], [75.94318999999994, 11.91876000000048], [75.94405000000005, 11.9172799999997], [75.94462000000023, 11.91608000000087], [75.94496000000073, 11.91447999999949], [75.94462000000023, 11.91402000000015], [75.94427999999972, 11.91299000000073], [75.94427999999972, 11.91214000000039], [75.94507999999948, 11.91121999999994], [75.94672999999966, 11.91001999999933], [75.94793000000027, 11.90956999999984], [75.9493000000002, 11.90956999999984], [75.95038999999997, 11.90899999999966], [75.95182000000025, 11.90864999999939], [75.95312999999985, 11.90750999999913], [75.95552999999929, 11.90711000000014], [75.95643999999989, 11.9080300000005], [75.95576000000074, 11.9103699999996], [75.95541000000047, 11.91099000000027], [75.95306999999958, 11.91224999999936], [75.95045000000023, 11.91361999999939], [75.95016000000031, 11.91373999999999], [75.9498199999998, 11.91373999999999], [75.9490800000003, 11.91453999999975], [75.9490800000003, 11.91551000000069], [75.9490800000003, 11.91635999999925], [75.94918999999936, 11.91762000000021], [75.94942000000081, 11.91995999999923], [75.94918999999936, 11.92144999999985], [75.94793000000027, 11.92223999999985], [75.94701999999958, 11.92303999999969], [75.94564999999965, 11.9235000000008], [75.94415999999912, 11.92396000000005], [75.94311999999992, 11.92348999999918], [75.94284999999944, 11.92422000000078], [75.94245000000045, 11.92506999999934], [75.94198999999934, 11.92569999999978], [75.94131000000019, 11.92649999999954], [75.94028000000075, 11.92786999999956], [75.93937000000007, 11.92849999999999]]}}, {"type": "Feature", "properties": {"id": 142, "zone": "Medium Hazard Zone", "FID": "142", "ZONE_": "Medium Hazard Zone", "SHAPE_Leng": "0.032767", "SHAPE_Area": "0.000049", "aarea": "0.597181"}, "geometry": {"type": "Polygon", "coordinates": [[76.22954000000031, 11.72820999999929], [76.2291299999997, 11.72861999999991], [76.2291999999998, 11.72877999999947], [76.22970999999964, 11.72991999999973], [76.2292500000003, 11.73061000000051], [76.22827999999936, 11.73083000000042], [76.22708000000061, 11.73026000000024], [76.22571000000059, 11.72905999999963], [76.22479999999999, 11.72895000000065], [76.22416999999946, 11.72877999999947], [76.22377000000047, 11.7276899999997], [76.22377000000047, 11.72746999999979], [76.22269000000055, 11.7276899999997], [76.22211000000061, 11.72803999999997], [76.22136999999934, 11.72820999999929], [76.2206900000001, 11.72775000000004], [76.22017000000051, 11.72701000000054], [76.21999999999932, 11.72667000000003], [76.21966000000067, 11.72580999999993], [76.21983, 11.72484000000076], [76.22040000000017, 11.72437999999965], [76.22154000000045, 11.72409999999949], [76.22279999999954, 11.72427000000059], [76.22406000000049, 11.72478000000051], [76.22410999999921, 11.72481999999946], [76.22434000000065, 11.72472000000016], [76.22559999999974, 11.72409999999949], [76.22586000000048, 11.72449000000049], [76.22690999999942, 11.72427000000059], [76.22874000000047, 11.72306999999998], [76.22988000000073, 11.72329999999964], [76.23044999999914, 11.72478000000051], [76.23034000000007, 11.7253500000006], [76.22976999999989, 11.72729000000071], [76.22954000000031, 11.72820999999929]]}}, {"type": "Feature", "properties": {"id": 143, "zone": "Medium Hazard Zone", "FID": "143", "ZONE_": "Medium Hazard Zone", "SHAPE_Leng": "0.012304", "SHAPE_Area": "0.000011", "aarea": "0.130505"}, "geometry": {"type": "Polygon", "coordinates": [[76.21795000000023, 11.74339999999934], [76.21857000000091, 11.74447999999935], [76.21874999999999, 11.74523000000048], [76.21772000000057, 11.74567999999996], [76.21702999999978, 11.74602000000047], [76.21623000000002, 11.74596999999998], [76.21537999999968, 11.74500000000081], [76.2148099999995, 11.74402999999987], [76.21492000000035, 11.74345999999969], [76.21515000000002, 11.74253999999924], [76.21578000000045, 11.74202999999941], [76.21674999999962, 11.74196999999915], [76.21795000000023, 11.74339999999934]]}}, {"type": "Feature", "properties": {"id": 144, "zone": "Medium Hazard Zone", "FID": "144", "ZONE_": "Medium Hazard Zone", "SHAPE_Leng": "0.034966", "SHAPE_Area": "0.000052", "aarea": "0.641356"}, "geometry": {"type": "Polygon", "coordinates": [[76.1425099999997, 11.7581900000005], [76.14107999999942, 11.7581900000005], [76.13839999999982, 11.75755999999997], [76.13604999999917, 11.75727999999981], [76.13520000000061, 11.75612999999978], [76.13428000000025, 11.75602000000072], [76.13342999999982, 11.75612999999978], [76.13285999999974, 11.75584999999953], [76.13246000000075, 11.75488000000045], [76.13256999999972, 11.75436000000086], [76.1332600000005, 11.75328000000085], [76.1343400000005, 11.75355999999924], [76.13543000000028, 11.75384999999916], [76.13610999999943, 11.75396], [76.13714000000073, 11.75424999999993], [76.13737000000039, 11.75424999999993], [76.13913999999932, 11.75390999999942], [76.13964999999915, 11.75355999999924], [76.14074000000069, 11.75304999999932], [76.14158999999925, 11.75259000000007], [76.14319000000073, 11.75167999999938], [76.14432999999921, 11.75185000000057], [76.14536000000041, 11.75328000000085], [76.14604999999942, 11.75424999999993], [76.14628000000086, 11.75492999999917], [76.14622000000051, 11.75596000000037], [76.14565000000043, 11.75682000000047], [76.14451000000007, 11.75688000000082], [76.14285000000021, 11.75688000000082], [76.1425099999997, 11.7581900000005]]}}, {"type": "Feature", "properties": {"id": 145, "zone": "Medium Hazard Zone", "FID": "145", "ZONE_": "Medium Hazard Zone", "SHAPE_Leng": "0.020782", "SHAPE_Area": "0.000014", "aarea": "0.169057"}, "geometry": {"type": "Polygon", "coordinates": [[76.21389000000093, 11.75144999999971], [76.2149800000007, 11.75218999999921], [76.21549000000053, 11.75287999999999], [76.21639999999935, 11.75361999999949], [76.2148099999995, 11.75402000000035], [76.21291999999998, 11.75265000000033], [76.21241000000006, 11.75201999999989], [76.2116100000003, 11.75042000000029], [76.21251999999913, 11.75014000000013], [76.21349000000006, 11.74973999999927], [76.2148099999995, 11.74887999999917], [76.21629000000028, 11.74899000000001], [76.2169799999992, 11.74997000000072], [76.2164599999996, 11.7511099999992], [76.21565999999984, 11.75115999999979], [76.21520000000051, 11.7511099999992], [76.21451999999958, 11.75048000000064], [76.21389000000093, 11.75144999999971]]}}, {"type": "Feature", "properties": {"id": 146, "zone": "Medium Hazard Zone", "FID": "146", "ZONE_": "Medium Hazard Zone", "SHAPE_Leng": "0.020606", "SHAPE_Area": "0.000019", "aarea": "0.228259"}, "geometry": {"type": "Polygon", "coordinates": [[76.1988700000002, 11.82554999999959], [76.19756000000052, 11.82595000000036], [76.19658999999957, 11.82525999999958], [76.19590000000066, 11.82503], [76.1944199999998, 11.82474999999975], [76.19355999999969, 11.82543000000076], [76.19304999999986, 11.82554999999959], [76.1923000000006, 11.82577999999917], [76.19139, 11.82595000000036], [76.19110999999975, 11.82538000000018], [76.19122000000058, 11.82474999999975], [76.19179000000076, 11.82400000000048], [76.19218999999975, 11.82400000000048], [76.19333000000002, 11.82325999999921], [76.19425000000047, 11.82206000000046], [76.19647000000074, 11.82245999999945], [76.19733000000085, 11.82302999999954], [76.19864000000052, 11.82359999999972], [76.19932999999943, 11.82452000000008], [76.1988700000002, 11.82554999999959]]}}, {"type": "Feature", "properties": {"id": 147, "zone": "Medium Hazard Zone", "FID": "147", "ZONE_": "Medium Hazard Zone", "SHAPE_Leng": "0.050517", "SHAPE_Area": "0.000056", "aarea": "0.686319"}, "geometry": {"type": "Polygon", "coordinates": [[76.0365099999999, 11.89767000000031], [76.03656000000048, 11.89920999999957], [76.03770000000075, 11.90109999999909], [76.0367299999998, 11.90149999999995], [76.03621999999997, 11.90161000000079], [76.03468000000063, 11.90235000000029], [76.03382000000053, 11.90270000000056], [76.03290999999993, 11.90166999999927], [76.03239000000033, 11.90114999999968], [76.03170999999932, 11.89984], [76.03096999999981, 11.89916000000085], [76.0297699999992, 11.89863999999939], [76.02805000000077, 11.89818000000014], [76.02685000000017, 11.89744000000064], [76.02668000000084, 11.89636000000063], [76.02771000000027, 11.89532999999934], [76.02828000000045, 11.89503999999942], [76.02839999999927, 11.89366999999949], [76.02953999999954, 11.89270000000032], [76.03118999999973, 11.89196000000082], [76.03233999999975, 11.89105000000022], [76.03370999999969, 11.8911599999992], [76.03478999999969, 11.89127000000004], [76.03530999999928, 11.89178999999963], [76.03593000000005, 11.89286999999964], [76.0349100000003, 11.89333000000075], [76.03376000000027, 11.89401999999976], [76.03261999999991, 11.8941300000006], [76.03153999999999, 11.89395999999941], [76.03061999999954, 11.89446999999924], [76.03165000000084, 11.89532999999934], [76.03010999999971, 11.89664000000089], [76.03010999999971, 11.89749999999912], [76.03153999999999, 11.89767000000031], [76.03268000000025, 11.89767000000031], [76.03421999999952, 11.89726999999946], [76.03548000000048, 11.89669999999937], [76.03644999999965, 11.89630000000038], [76.03742000000058, 11.89630000000038], [76.03775999999922, 11.89687000000047], [76.0365099999999, 11.89767000000031]]}}, {"type": "Feature", "properties": {"id": 148, "zone": "Medium Hazard Zone", "FID": "148", "ZONE_": "Medium Hazard Zone", "SHAPE_Leng": "0.025338", "SHAPE_Area": "0.000033", "aarea": "0.403751"}, "geometry": {"type": "Polygon", "coordinates": [[76.03261999999991, 11.89002000000071], [76.03074000000015, 11.89059000000088], [76.0297699999992, 11.89144999999921], [76.02787999999968, 11.89333000000075], [76.02520000000007, 11.89493000000035], [76.02462999999989, 11.89436000000027], [76.02376999999979, 11.89366999999949], [76.02360000000047, 11.89252999999913], [76.02360000000047, 11.89133000000038], [76.02370999999944, 11.88978999999926], [76.02485999999956, 11.88933000000002], [76.02611000000067, 11.88933000000002], [76.02743000000011, 11.88933000000002], [76.02857000000037, 11.88888000000044], [76.03084999999922, 11.88779000000067], [76.03159000000049, 11.88825000000001], [76.03211000000009, 11.88927999999943], [76.03261999999991, 11.89002000000071]]}}, {"type": "Feature", "properties": {"id": 149, "zone": "Medium Hazard Zone", "FID": "149", "ZONE_": "Medium Hazard Zone", "SHAPE_Leng": "0.018747", "SHAPE_Area": "0.000023", "aarea": "0.283277"}, "geometry": {"type": "Polygon", "coordinates": [[76.04319000000034, 11.87860000000003], [76.04450000000001, 11.87922000000071], [76.04576000000088, 11.87968000000004], [76.04660999999945, 11.88031000000048], [76.04730000000013, 11.88099999999939], [76.04717999999953, 11.88213999999975], [76.04656000000072, 11.88311000000069], [76.04615999999987, 11.88424999999918], [76.04513000000044, 11.88453999999911], [76.04421999999975, 11.88430999999944], [76.04335999999965, 11.88385000000019], [76.04278999999948, 11.88311000000069], [76.04272999999922, 11.88225000000059], [76.04186999999912, 11.88099999999939], [76.04125000000022, 11.88025000000013], [76.04204000000031, 11.87843000000062], [76.04319000000034, 11.87860000000003]]}}, {"type": "Feature", "properties": {"id": 150, "zone": "Medium Hazard Zone", "FID": "150", "ZONE_": "Medium Hazard Zone", "SHAPE_Leng": "0.262101", "SHAPE_Area": "0.000461", "aarea": "5.630349"}, "geometry": {"type": "Polygon", "coordinates": [[75.96956999999932, 11.89665000000056], [75.96887000000063, 11.8967400000001], [75.9678299999996, 11.89691999999918], [75.96738999999978, 11.89739000000006], [75.9671300000009, 11.89818000000014], [75.96673999999982, 11.89866000000078], [75.96643000000037, 11.89943999999923], [75.96643000000037, 11.90056999999983], [75.96625999999927, 11.90109999999909], [75.96622000000022, 11.90178999999987], [75.96546999999919, 11.90171000000009], [75.96471999999993, 11.90136999999958], [75.96386999999959, 11.90063000000008], [75.96341000000034, 11.8999399999993], [75.96294999999922, 11.89875000000032], [75.9624399999993, 11.89805999999954], [75.96245000000093, 11.89796000000024], [75.96357999999967, 11.89782999999987], [75.96443999999977, 11.89746999999993], [75.96506000000043, 11.89700000000083], [75.96607000000043, 11.89641999999911], [75.9665700000005, 11.89652999999996], [75.96715000000043, 11.89648999999913], [75.96823000000045, 11.89605999999908], [75.96873000000052, 11.89556000000088], [75.96924000000034, 11.89458000000017], [75.96982000000028, 11.89357000000018], [75.97063999999956, 11.89228000000003], [75.97147000000038, 11.89187999999926], [75.97229999999942, 11.89172999999937], [75.97400000000019, 11.89172999999937], [75.97443000000024, 11.89223999999921], [75.9754799999992, 11.89264000000006], [75.9758700000002, 11.89292000000022], [75.97655999999911, 11.89314000000013], [75.97720999999908, 11.89317999999909], [75.97792999999913, 11.89317999999909], [75.97858000000087, 11.8932499999992], [75.97904999999987, 11.89328000000026], [75.97969000000016, 11.89317999999909], [75.98038000000085, 11.8932499999992], [75.98091999999997, 11.89309999999931], [75.98113999999988, 11.89252999999913], [75.98204000000081, 11.89252999999913], [75.98286999999985, 11.89252999999913], [75.98355000000086, 11.89242000000015], [75.98384000000078, 11.89184000000022], [75.98384000000078, 11.8912299999993], [75.98365999999984, 11.89033000000016], [75.98341000000073, 11.88961000000018], [75.98341000000073, 11.88884999999938], [75.9839100000008, 11.88848999999935], [75.98459000000005, 11.88848999999935], [75.98485000000078, 11.88809000000036], [75.98507000000059, 11.88759000000029], [75.9851400000007, 11.88653999999947], [75.98524, 11.88579999999997], [75.98614000000093, 11.8856699999997], [75.9888800000008, 11.88470000000053], [75.98944999999911, 11.88479999999984], [75.98944999999911, 11.88453999999911], [75.98972999999937, 11.88393999999973], [75.98997000000057, 11.88391000000045], [75.99101999999952, 11.88401999999951], [75.99163000000043, 11.88401999999951], [75.99209999999952, 11.88394999999949], [75.99249000000053, 11.88365999999948], [75.99288999999952, 11.88329999999954], [75.99331999999957, 11.88300999999952], [75.9936799999996, 11.88254000000051], [75.99418999999943, 11.88206999999964], [75.99468999999951, 11.88160000000063], [75.99516000000038, 11.88131000000071], [75.99548999999935, 11.88103000000045], [75.99562999999948, 11.88062999999969], [75.9956999999995, 11.88002000000055], [75.99588000000035, 11.87954999999968], [75.99610000000027, 11.87896999999974], [75.99656999999937, 11.87857000000075], [75.99711000000025, 11.87807000000068], [75.99778999999941, 11.87785000000077], [75.99807999999942, 11.87742000000072], [75.99887999999918, 11.8773500000007], [75.9997800000001, 11.87742000000072], [76.0007900000001, 11.87774999999969], [76.00218999999922, 11.8781400000007], [76.00276999999916, 11.87853999999969], [76.0031299999991, 11.87879000000066], [76.00355999999915, 11.87894000000054], [76.00446000000008, 11.87894000000054], [76.00485999999907, 11.87889999999972], [76.00525999999992, 11.87886000000067], [76.00561999999987, 11.87882999999961], [76.00597999999991, 11.87865000000053], [76.00645000000078, 11.87817999999974], [76.00695000000084, 11.87757000000052], [76.00755999999998, 11.8771300000008], [76.00784999999999, 11.87665999999992], [76.00818000000075, 11.87605000000079], [76.00893, 11.87572999999971], [76.00943999999984, 11.8752600000007], [76.00979999999979, 11.87482000000089], [76.01051999999984, 11.87464000000003], [76.01149000000079, 11.8740300000009], [76.0127200000006, 11.87344999999918], [76.01323000000052, 11.87327999999977], [76.01325999999972, 11.87328999999953], [76.01497999999992, 11.87328999999953], [76.01640000000043, 11.87350999999944], [76.01697000000061, 11.87283000000028], [76.0179100000005, 11.87321999999951], [76.0179100000005, 11.87331000000083], [76.01798000000052, 11.8735424000015], [76.0181599999996, 11.87413999999987], [76.01823999999947, 11.87507999999976], [76.01895999999944, 11.87569000000076], [76.02025999999935, 11.87622999999987], [76.02159000000024, 11.87670000000075], [76.02231000000032, 11.87670000000075], [76.02418000000031, 11.87605000000079], [76.02515999999925, 11.87564999999993], [76.02551999999928, 11.87543999999979], [76.02628000000007, 11.87478999999983], [76.02702999999924, 11.87464000000003], [76.02793000000017, 11.87389000000077], [76.02858000000013, 11.87370999999982], [76.02908999999997, 11.87370999999982], [76.02985000000085, 11.87370999999982], [76.03136000000082, 11.87374000000088], [76.03240999999977, 11.87353000000074], [76.03297999999995, 11.87334999999988], [76.03348999999977, 11.87312999999997], [76.0341700000008, 11.87259000000086], [76.03441999999998, 11.87204999999996], [76.03470999999992, 11.87132999999999], [76.03538999999907, 11.87053000000014], [76.03571000000014, 11.87053000000014], [76.03695999999947, 11.86995999999996], [76.03889999999959, 11.86938999999987], [76.04026999999952, 11.86887999999995], [76.0413000000008, 11.86961999999945], [76.04198999999973, 11.87036000000082], [76.04125000000022, 11.87139000000024], [76.04061999999979, 11.87173000000075], [76.03993000000078, 11.87184999999958], [76.03947999999943, 11.87196000000042], [76.03822000000034, 11.87219000000009], [76.03748000000084, 11.87264999999934], [76.03615999999963, 11.87349999999968], [76.03548000000048, 11.87356000000002], [76.03462000000037, 11.87356000000002], [76.03415999999926, 11.87396000000079], [76.03405000000019, 11.87429999999952], [76.0347399999991, 11.87579000000006], [76.03542000000013, 11.87658999999982], [76.03713000000066, 11.87727000000083], [76.03721000000044, 11.87759000000004], [76.03763000000073, 11.87754999999922], [76.03787999999983, 11.87754999999922], [76.03800000000044, 11.87757000000052], [76.03828000000068, 11.87793000000055], [76.03845999999977, 11.87846999999967], [76.03845999999977, 11.87896999999974], [76.03802999999972, 11.87951000000063], [76.03706000000055, 11.8796199999997], [76.03614999999986, 11.87932999999977], [76.03521999999974, 11.8786099999998], [76.03446000000072, 11.87838999999989], [76.03405999999995, 11.87853999999969], [76.03381000000086, 11.87903999999985], [76.0336299999999, 11.87958000000074], [76.03312999999983, 11.88002000000055], [76.03247999999988, 11.8803800000005], [76.03201000000078, 11.8803800000005], [76.03100000000087, 11.8802300000007], [76.02992000000087, 11.87930000000049], [76.02916000000008, 11.87903999999985], [76.02861999999918, 11.87901000000056], [76.02810999999926, 11.87932999999977], [76.02796999999921, 11.88009000000057], [76.02772000000003, 11.88081000000055], [76.02747000000093, 11.88163999999959], [76.02717999999913, 11.88225000000059], [76.02693000000004, 11.88256000000004], [76.02628000000007, 11.88268000000064], [76.02555000000034, 11.88206999999964], [76.02493999999933, 11.88153000000052], [76.02399999999946, 11.88141999999968], [76.02327999999939, 11.88160000000063], [76.02267000000026, 11.8817099999997], [76.02195000000027, 11.88213999999975], [76.02111999999946, 11.88264999999958], [76.0204699999995, 11.88336999999956], [76.01957000000036, 11.88415999999964], [76.01895999999944, 11.8848099999996], [76.01851999999963, 11.88521000000036], [76.0181300000004, 11.88560999999935], [76.01779999999965, 11.8857900000003], [76.01755000000047, 11.88586000000032], [76.0172999999995, 11.8857900000003], [76.01686999999944, 11.88509999999952], [76.01676000000047, 11.88394999999949], [76.0169000000005, 11.8827199999996], [76.01770000000035, 11.88153000000052], [76.01801999999957, 11.88103000000045], [76.01827000000053, 11.88040999999978], [76.01837999999951, 11.87947999999957], [76.0179100000005, 11.87872000000064], [76.01700999999957, 11.8781400000007], [76.01633000000042, 11.87781999999971], [76.0158200000005, 11.87766999999982], [76.01532000000043, 11.8771300000008], [76.0142699999997, 11.87692000000065], [76.0138000000006, 11.87692000000065], [76.0130399999998, 11.87692000000065], [76.01258000000055, 11.87699000000067], [76.01200000000063, 11.8771300000008], [76.01135000000066, 11.8772800000006], [76.01099000000072, 11.87749000000074], [76.01073999999976, 11.87810999999964], [76.01073999999976, 11.87882999999961], [76.01087999999979, 11.87937000000059], [76.01145999999973, 11.88033999999967], [76.01166999999987, 11.88088000000065], [76.01171000000069, 11.88139000000049], [76.01171000000069, 11.88189000000056], [76.01138999999971, 11.88242999999967], [76.01092000000061, 11.88257999999947], [76.01020000000064, 11.88254000000051], [76.00943999999984, 11.88249999999969], [76.00893, 11.88249999999969], [76.00842999999985, 11.88254000000051], [76.00789000000073, 11.88283000000044], [76.00720000000004, 11.88307999999963], [76.00684000000001, 11.88319000000047], [76.00511000000004, 11.88314999999965], [76.00456999999915, 11.88336999999956], [76.0039899999992, 11.88398000000056], [76.0039899999992, 11.88499000000046], [76.00472000000082, 11.88617999999953], [76.00564999999915, 11.88687000000031], [76.00633999999994, 11.88723000000025], [76.00681000000081, 11.88761999999948], [76.00720000000004, 11.88826999999944], [76.00720000000004, 11.88896000000022], [76.00720000000004, 11.8897500000003], [76.00698999999989, 11.8901499999993], [76.00655000000008, 11.89076000000021], [76.00619000000005, 11.89108999999918], [76.00564999999915, 11.89136999999934], [76.00492999999918, 11.89180999999915], [76.00432000000005, 11.89216999999919], [76.00377999999907, 11.89256000000019], [76.00348999999913, 11.89285000000021], [76.00319999999921, 11.89331999999921], [76.00299000000085, 11.89389999999915], [76.00288, 11.89419000000085], [76.00280000000022, 11.89472999999997], [76.00266000000009, 11.89509], [76.00237000000017, 11.89571000000068], [76.00160999999937, 11.89554999999925], [76.00058999999962, 11.89509], [76.00013000000037, 11.89458000000017], [76.00000999999978, 11.89359999999947], [76.00000999999978, 11.89285999999997], [75.99990000000071, 11.89200999999954], [75.99966999999926, 11.8913799999991], [75.99973999999928, 11.8911599999992], [75.9995600000002, 11.89005999999975], [75.9996599999995, 11.88987000000091], [76.00000000000001, 11.88942999999923], [76.0002999999997, 11.88912999999954], [76.00074999999927, 11.88868000000006], [76.00105000000073, 11.88843000000087], [76.00139999999922, 11.88843000000087], [76.00203999999943, 11.88843000000087], [76.00273999999987, 11.88853000000017], [76.00329000000053, 11.88858000000075], [76.00373000000035, 11.88852000000041], [76.00403000000003, 11.88853000000017], [76.00458000000069, 11.88853000000017], [76.00482999999987, 11.88838000000028], [76.00482999999987, 11.88797999999952], [76.00453000000019, 11.88779000000067], [76.00388000000024, 11.8875399999997], [76.00338999999984, 11.88750000000075], [76.00324000000003, 11.88733999999932], [76.00238999999969, 11.88688999999975], [76.00179000000023, 11.88668999999936], [76.00070000000055, 11.88615000000025], [75.99991000000047, 11.88579999999997], [75.99896000000082, 11.88579999999997], [75.99802000000093, 11.88579999999997], [75.99733999999992, 11.88577000000078], [75.99702000000072, 11.88564000000041], [75.99592999999916, 11.88500000000022], [75.99464000000079, 11.88479999999984], [75.99379000000044, 11.88479999999984], [75.99349000000076, 11.88464999999995], [75.9936799999996, 11.8855700000004], [75.99424999999978, 11.88682999999949], [75.9941999999992, 11.88822000000072], [75.99462999999925, 11.8886700000003], [75.99465000000055, 11.88868999999973], [75.99481999999988, 11.8897799999995], [75.9936799999996, 11.89046000000052], [75.99344999999994, 11.89091999999986], [75.99322000000026, 11.89104000000046], [75.99230999999968, 11.89120999999978], [75.99172999999973, 11.89155000000029], [75.99105000000058, 11.89241000000039], [75.99042000000006, 11.8927500000009], [75.98944999999911, 11.89177999999996], [75.98876999999996, 11.89143999999945], [75.98819000000002, 11.89155000000029], [75.98756999999935, 11.89235000000005], [75.98722000000085, 11.8927500000009], [75.98596999999974, 11.89285999999997], [75.98487999999998, 11.8926300000003], [75.98476999999913, 11.89280999999938], [75.98408000000022, 11.89388999999939], [75.98293999999986, 11.89463000000067], [75.9821400000001, 11.89509], [75.9802, 11.89520000000084], [75.97911000000022, 11.89520000000084], [75.97739999999978, 11.89520000000084], [75.97676999999935, 11.89531999999967], [75.97545999999967, 11.8960000000006], [75.97402999999939, 11.8968600000007], [75.9734599999992, 11.89697999999953], [75.97208999999928, 11.89674999999986], [75.9712400000008, 11.8967100000009], [75.97026999999977, 11.89652000000019], [75.96956999999932, 11.89665000000056]]}}, {"type": "Feature", "properties": {"id": 151, "zone": "Medium Hazard Zone", "FID": "151", "ZONE_": "Medium Hazard Zone", "SHAPE_Leng": "0.023828", "SHAPE_Area": "0.000023", "aarea": "0.281048"}, "geometry": {"type": "Polygon", "coordinates": [[76.02096999999958, 11.83107000000015], [76.02006000000075, 11.83164000000033], [76.01936999999997, 11.83175999999915], [76.01857000000021, 11.83193000000025], [76.01800000000004, 11.8319900000006], [76.01669000000037, 11.83283999999916], [76.01555000000009, 11.83330000000027], [76.01497999999992, 11.8334699999996], [76.01382999999988, 11.83330000000027], [76.01348999999938, 11.83256000000078], [76.01315000000065, 11.83203999999932], [76.01309000000039, 11.83090000000083], [76.01281000000014, 11.83009999999921], [76.01389000000015, 11.82958999999937], [76.01462999999964, 11.83027000000039], [76.01526000000017, 11.83033000000065], [76.01560000000059, 11.83033000000065], [76.01646000000069, 11.83038999999913], [76.01708999999936, 11.83038999999913], [76.0178899999992, 11.83004000000073], [76.01828999999996, 11.83004000000073], [76.01840000000081, 11.82884000000011], [76.01902999999946, 11.82839000000054], [76.01994000000015, 11.82855999999995], [76.02131999999985, 11.82953000000089], [76.02176999999942, 11.82970000000022], [76.02171000000094, 11.83033000000065], [76.02096999999958, 11.83107000000015]]}}, {"type": "Feature", "properties": {"id": 152, "zone": "Medium Hazard Zone", "FID": "152", "ZONE_": "Medium Hazard Zone", "SHAPE_Leng": "0.038078", "SHAPE_Area": "0.000032", "aarea": "0.395874"}, "geometry": {"type": "Polygon", "coordinates": [[76.01925999999914, 11.84180999999989], [76.01931999999938, 11.84334999999915], [76.01959999999964, 11.84438000000044], [76.02011999999924, 11.84505999999968], [76.01977000000083, 11.84585999999944], [76.01936999999997, 11.84642999999961], [76.0187999999998, 11.84694999999921], [76.01771999999978, 11.84792000000015], [76.01669000000037, 11.84831999999914], [76.01565999999916, 11.84792000000015], [76.01514999999924, 11.8474600000009], [76.01589000000061, 11.84722999999937], [76.01657999999952, 11.84655000000022], [76.01703000000087, 11.84626000000029], [76.01759999999918, 11.84569000000011], [76.01742999999986, 11.84471999999917], [76.0173200000008, 11.84409000000051], [76.01742999999986, 11.84329000000067], [76.01759999999918, 11.84254999999939], [76.01771999999978, 11.84192000000073], [76.01800000000004, 11.84101000000014], [76.0187999999998, 11.83998000000062], [76.01994000000015, 11.83974999999918], [76.02060999999954, 11.83942000000021], [76.02119999999924, 11.83890000000061], [76.02166000000035, 11.83861000000069], [76.02268999999978, 11.83804000000051], [76.02427999999962, 11.83724000000075], [76.02565999999932, 11.8368399999999], [76.02650999999966, 11.83677999999964], [76.02707999999983, 11.83741000000008], [76.02679999999967, 11.83792999999967], [76.02616999999914, 11.83827000000018], [76.02536999999938, 11.83894999999942], [76.02462999999989, 11.83964000000011], [76.02393999999912, 11.83998000000062], [76.02342999999928, 11.84009999999945], [76.02268999999978, 11.84031999999936], [76.02205999999934, 11.84066999999963], [76.02198999999924, 11.84069000000093], [76.02166000000035, 11.8412900000003], [76.02086000000051, 11.84151999999997], [76.02006000000075, 11.84146999999938], [76.01925999999914, 11.84180999999989]]}}, {"type": "Feature", "properties": {"id": 153, "zone": "Medium Hazard Zone", "FID": "153", "ZONE_": "Medium Hazard Zone", "SHAPE_Leng": "0.015042", "SHAPE_Area": "0.000014", "aarea": "0.166623"}, "geometry": {"type": "Polygon", "coordinates": [[76.03679000000015, 11.83496000000013], [76.03691000000076, 11.83626999999981], [76.0367299999998, 11.83718000000041], [76.03571000000014, 11.83741000000008], [76.0347399999991, 11.83786999999941], [76.03348000000001, 11.83798000000025], [76.03233999999975, 11.83775000000059], [76.03170999999932, 11.83741000000008], [76.03108000000066, 11.8359299999993], [76.03211000000009, 11.83558000000081], [76.03296000000043, 11.83540999999971], [76.03398999999993, 11.83512999999946], [76.03605000000066, 11.83467000000021], [76.03679000000015, 11.83496000000013]]}}, {"type": "Feature", "properties": {"id": 154, "zone": "Medium Hazard Zone", "FID": "154", "ZONE_": "Medium Hazard Zone", "SHAPE_Leng": "0.017225", "SHAPE_Area": "0.000013", "aarea": "0.157662"}, "geometry": {"type": "Polygon", "coordinates": [[76.04461000000086, 11.82878999999953], [76.04466999999933, 11.82953000000089], [76.04392999999983, 11.82958999999937], [76.04186999999912, 11.82982000000082], [76.04112999999963, 11.83038999999913], [76.04032999999977, 11.83066999999938], [76.03998999999926, 11.83101999999965], [76.03969999999934, 11.83152999999949], [76.03889999999959, 11.83175999999915], [76.03787999999983, 11.8311300000005], [76.03804999999925, 11.82958999999937], [76.03895999999985, 11.82890000000046], [76.03987000000053, 11.82855999999995], [76.04061999999979, 11.82845000000088], [76.04141999999955, 11.82845000000088], [76.0423900000005, 11.82810000000061], [76.04386999999949, 11.82805000000012], [76.04461000000086, 11.82878999999953]]}}, {"type": "Feature", "properties": {"id": 155, "zone": "Medium Hazard Zone", "FID": "155", "ZONE_": "Medium Hazard Zone", "SHAPE_Leng": "0.017288", "SHAPE_Area": "0.000016", "aarea": "0.189688"}, "geometry": {"type": "Polygon", "coordinates": [[76.04353000000084, 11.80760000000006], [76.04409999999916, 11.80868999999983], [76.04409999999916, 11.80948999999967], [76.04363999999991, 11.8099999999995], [76.0424399999993, 11.81097000000045], [76.04061999999979, 11.81136999999944], [76.03998999999926, 11.81160000000088], [76.03975999999969, 11.81222999999954], [76.03908000000044, 11.81228000000013], [76.03822000000034, 11.81228000000013], [76.03828000000068, 11.81177000000029], [76.03799000000076, 11.81130999999918], [76.03799000000076, 11.81068000000052], [76.03845000000001, 11.81056999999968], [76.03912999999916, 11.80989000000044], [76.04026999999952, 11.80903000000034], [76.04141999999955, 11.80811999999965], [76.0424399999993, 11.8075399999998], [76.04353000000084, 11.80760000000006]]}}, {"type": "Feature", "properties": {"id": 156, "zone": "Medium Hazard Zone", "FID": "156", "ZONE_": "Medium Hazard Zone", "SHAPE_Leng": "0.018628", "SHAPE_Area": "0.000018", "aarea": "0.220777"}, "geometry": {"type": "Polygon", "coordinates": [[76.05232000000072, 11.87727000000083], [76.0524999999998, 11.87846999999967], [76.0524999999998, 11.87916000000045], [76.05204000000046, 11.87938000000027], [76.05175000000054, 11.88024000000037], [76.05141000000003, 11.88081000000055], [76.05106999999951, 11.88110000000047], [76.05100999999927, 11.88200999999938], [76.05020999999941, 11.88309999999906], [76.04940999999965, 11.88298000000033], [76.04906999999915, 11.88292999999974], [76.04838000000015, 11.88270000000007], [76.04901000000066, 11.88241000000015], [76.04895000000032, 11.88097999999987], [76.04816000000024, 11.88063999999936], [76.04832999999965, 11.88001000000079], [76.04860999999981, 11.87920999999917], [76.04873000000042, 11.87846999999967], [76.04895000000032, 11.87789999999949], [76.0493000000006, 11.87709999999974], [76.04997999999975, 11.87693000000032], [76.05095000000078, 11.87675999999923], [76.05186999999937, 11.87670000000075], [76.05232000000072, 11.87727000000083]]}}, {"type": "Feature", "properties": {"id": 157, "zone": "Medium Hazard Zone", "FID": "157", "ZONE_": "Medium Hazard Zone", "SHAPE_Leng": "0.016854", "SHAPE_Area": "0.000017", "aarea": "0.21007"}, "geometry": {"type": "Polygon", "coordinates": [[76.05609000000001, 11.87766999999982], [76.05764000000089, 11.87887000000044], [76.05825999999979, 11.87996000000021], [76.05901000000082, 11.88097999999987], [76.0578600000008, 11.88149999999946], [76.05688999999985, 11.88183999999997], [76.05586000000042, 11.88183999999997], [76.05546999999933, 11.88172999999913], [76.0544900000004, 11.88167000000065], [76.0544900000004, 11.88081000000055], [76.05351999999947, 11.87916000000045], [76.05386999999973, 11.8775000000005], [76.05529000000026, 11.87646999999921], [76.05609000000001, 11.87766999999982]]}}, {"type": "Feature", "properties": {"id": 158, "zone": "Medium Hazard Zone", "FID": "158", "ZONE_": "Medium Hazard Zone", "SHAPE_Leng": "0.029363", "SHAPE_Area": "0.000031", "aarea": "0.373355"}, "geometry": {"type": "Polygon", "coordinates": [[76.06202999999917, 11.88143999999921], [76.06202999999917, 11.88190000000032], [76.0617999999995, 11.8824700000005], [76.06112000000034, 11.88257999999947], [76.06060000000066, 11.88133000000014], [76.06060000000066, 11.88024000000037], [76.06083000000034, 11.87893000000078], [76.06112000000034, 11.87783999999924], [76.06232000000087, 11.8783600000006], [76.06449000000065, 11.87875999999959], [76.06603, 11.87869999999934], [76.06893999999919, 11.87812999999916], [76.07059999999913, 11.87801000000033], [76.0720799999999, 11.87960999999994], [76.07145999999923, 11.88001000000079], [76.07054000000065, 11.8803599999992], [76.06985999999964, 11.88047000000004], [76.06842999999935, 11.88040999999978], [76.06694000000059, 11.88092999999937], [76.06568999999948, 11.88183999999997], [76.06472000000032, 11.88183999999997], [76.06374999999937, 11.88183999999997], [76.06288999999927, 11.88143999999921], [76.06237999999944, 11.88120999999954], [76.06202999999917, 11.88143999999921]]}}, {"type": "Feature", "properties": {"id": 159, "zone": "Medium Hazard Zone", "FID": "159", "ZONE_": "Medium Hazard Zone", "SHAPE_Leng": "0.044758", "SHAPE_Area": "0.000052", "aarea": "0.6344"}, "geometry": {"type": "Polygon", "coordinates": [[76.28466999999912, 11.79571000000029], [76.28376000000021, 11.79701999999996], [76.2825599999996, 11.79737000000024], [76.27895999999964, 11.79737000000024], [76.27644999999934, 11.7960500000008], [76.27472999999914, 11.79571000000029], [76.2727900000009, 11.79571000000029], [76.27056000000086, 11.7960500000008], [76.26930999999966, 11.79520000000046], [76.2681699999994, 11.79450999999968], [76.26691000000031, 11.79285999999958], [76.26701999999928, 11.79193999999913], [76.26713999999988, 11.79085999999912], [76.26748000000039, 11.78931999999987], [76.2683899999993, 11.78868999999943], [76.26937000000001, 11.7898299999997], [76.27004999999916, 11.79039999999987], [76.27085000000079, 11.79109000000065], [76.27073999999995, 11.79170999999955], [76.27045000000003, 11.79274000000075], [76.27114000000071, 11.79320000000009], [76.2717599999996, 11.79320000000009], [76.27245000000039, 11.79307999999948], [76.27427999999966, 11.79342999999976], [76.27644999999934, 11.79360000000085], [76.27827000000072, 11.79422999999951], [76.28102000000035, 11.79507999999985], [76.28306999999953, 11.79507999999985], [76.28466999999912, 11.79571000000029]]}}, {"type": "Feature", "properties": {"id": 160, "zone": "Medium Hazard Zone", "FID": "160", "ZONE_": "Medium Hazard Zone", "SHAPE_Leng": "0.023716", "SHAPE_Area": "0.000035", "aarea": "0.432682"}, "geometry": {"type": "Polygon", "coordinates": [[76.27633000000061, 11.78616999999938], [76.27729999999978, 11.78702999999948], [76.27764999999997, 11.7885700000006], [76.27719000000072, 11.78953999999977], [76.27695999999926, 11.79074000000038], [76.2752500000006, 11.79017000000021], [76.2715399999997, 11.78994000000054], [76.26937000000001, 11.78892000000087], [76.26919000000093, 11.78868999999943], [76.26953999999934, 11.78816999999984], [76.26953999999934, 11.78702999999948], [76.26999000000069, 11.7860600000004], [76.27118999999952, 11.7853200000009], [76.27296000000023, 11.78537999999939], [76.27353000000039, 11.78475000000073], [76.27472999999914, 11.78457999999954], [76.27535999999967, 11.78514999999972], [76.27633000000061, 11.78616999999938]]}}, {"type": "Feature", "properties": {"id": 161, "zone": "Medium Hazard Zone", "FID": "161", "ZONE_": "Medium Hazard Zone", "SHAPE_Leng": "0.030335", "SHAPE_Area": "0.000039", "aarea": "0.472669"}, "geometry": {"type": "Polygon", "coordinates": [[76.29471999999987, 11.76161999999928], [76.29334999999993, 11.76252999999997], [76.2927199999995, 11.76189999999953], [76.29209000000084, 11.76150000000054], [76.2912400000005, 11.76087999999978], [76.29067000000032, 11.76042000000053], [76.28991999999928, 11.76013000000061], [76.28917999999979, 11.76048000000079], [76.28866999999995, 11.76132999999935], [76.28872000000045, 11.76161999999928], [76.28837999999995, 11.76185000000081], [76.28780999999985, 11.76185000000081], [76.28660999999924, 11.76179000000047], [76.28586999999975, 11.76173000000021], [76.28513000000024, 11.76167999999963], [76.28449999999972, 11.7607000000007], [76.28506999999989, 11.75985000000036], [76.28557999999973, 11.75842000000008], [76.28609999999932, 11.75727999999981], [76.28780999999985, 11.75688000000082], [76.2903800000004, 11.75734000000016], [76.29163999999949, 11.75813999999991], [76.29465999999961, 11.75881999999907], [76.2952299999997, 11.75881999999907], [76.29649000000066, 11.75944999999959], [76.29471999999987, 11.76161999999928]]}}, {"type": "Feature", "properties": {"id": 162, "zone": "Medium Hazard Zone", "FID": "162", "ZONE_": "Medium Hazard Zone", "SHAPE_Leng": "0.016349", "SHAPE_Area": "0.000012", "aarea": "0.150665"}, "geometry": {"type": "Polygon", "coordinates": [[76.28598000000058, 11.76349999999913], [76.28604000000084, 11.76396000000025], [76.28490000000058, 11.76453000000033], [76.2841599999992, 11.76487000000084], [76.28296000000046, 11.76533000000018], [76.28140999999958, 11.76555999999985], [76.28009999999999, 11.76555999999985], [76.27901999999999, 11.76526999999983], [76.27895999999964, 11.76482000000035], [76.27959000000007, 11.76412999999957], [76.28032999999957, 11.76345000000041], [76.28249999999935, 11.76345000000041], [76.28335999999945, 11.76326999999947], [76.2843300000004, 11.76281999999989], [76.28506999999989, 11.76265000000057], [76.28598000000058, 11.76349999999913]]}}, {"type": "Feature", "properties": {"id": 163, "zone": "Medium Hazard Zone", "FID": "163", "ZONE_": "Medium Hazard Zone", "SHAPE_Leng": "0.033553", "SHAPE_Area": "0.000041", "aarea": "0.501403"}, "geometry": {"type": "Polygon", "coordinates": [[76.28112999999942, 11.75842000000008], [76.28153000000019, 11.75911000000086], [76.28181000000043, 11.76001999999968], [76.28112999999942, 11.76116000000003], [76.28009999999999, 11.76161999999928], [76.27719000000072, 11.76241999999912], [76.2767299999996, 11.76173000000021], [76.27695999999926, 11.76075999999918], [76.27707000000011, 11.75962000000069], [76.2759900000001, 11.75950999999985], [76.27484999999974, 11.75950999999985], [76.27331000000049, 11.75915999999958], [76.27118999999952, 11.75881999999907], [76.27022000000035, 11.75830999999923], [76.26948000000085, 11.75721999999946], [76.26953999999934, 11.75613999999954], [76.26977000000078, 11.75574000000055], [76.27051000000027, 11.75584999999953], [76.27108000000045, 11.75631000000064], [76.27222000000071, 11.75602000000072], [76.2752500000006, 11.75711000000049], [76.27644999999934, 11.75750999999948], [76.27805000000082, 11.75670999999963], [76.27987000000033, 11.75654000000031], [76.28096000000009, 11.75688000000082], [76.28112999999942, 11.75842000000008]]}}, {"type": "Feature", "properties": {"id": 164, "zone": "Medium Hazard Zone", "FID": "164", "ZONE_": "Medium Hazard Zone", "SHAPE_Leng": "0.01757", "SHAPE_Area": "0.000017", "aarea": "0.203855"}, "geometry": {"type": "Polygon", "coordinates": [[76.27462000000017, 11.75014000000013], [76.27605000000035, 11.7511099999992], [76.2769000000008, 11.75230999999982], [76.27815999999989, 11.75361999999949], [76.27850000000039, 11.75418999999967], [76.27719000000072, 11.7544799999996], [76.27553000000077, 11.7544799999996], [76.27468000000043, 11.75390999999942], [76.27392999999938, 11.75333999999933], [76.27308000000082, 11.75265000000033], [76.27232999999978, 11.75173999999973], [76.27188000000021, 11.75105000000072], [76.27188000000021, 11.74997000000072], [76.27462000000017, 11.75014000000013]]}}, {"type": "Feature", "properties": {"id": 165, "zone": "Medium Hazard Zone", "FID": "165", "ZONE_": "Medium Hazard Zone", "SHAPE_Leng": "0.016556", "SHAPE_Area": "0.000017", "aarea": "0.205421"}, "geometry": {"type": "Polygon", "coordinates": [[76.29500999999979, 11.75281999999974], [76.29631999999947, 11.75281999999974], [76.29717999999957, 11.75361999999949], [76.29706000000074, 11.7544799999996], [76.29678000000058, 11.75539000000028], [76.29545999999937, 11.75613999999954], [76.2937500000007, 11.75613999999954], [76.29238000000076, 11.75590999999988], [76.29060999999997, 11.75568000000021], [76.29077999999939, 11.75511000000003], [76.29147000000007, 11.7537400000001], [76.29226999999993, 11.75357000000077], [76.29392000000011, 11.75281999999974], [76.29500999999979, 11.75281999999974]]}}, {"type": "Feature", "properties": {"id": 166, "zone": "Medium Hazard Zone", "FID": "166", "ZONE_": "Medium Hazard Zone", "SHAPE_Leng": "0.031073", "SHAPE_Area": "0.000038", "aarea": "0.46706"}, "geometry": {"type": "Polygon", "coordinates": [[76.25749, 11.66972999999961], [76.25583000000006, 11.67058999999971], [76.25485999999911, 11.67150000000039], [76.25343000000069, 11.67201999999999], [76.25245999999966, 11.67345000000027], [76.25194999999984, 11.67453000000019], [76.25098000000075, 11.67459000000053], [76.25028999999998, 11.67373000000043], [76.25028999999998, 11.67252999999982], [76.25041000000057, 11.67132999999921], [76.25098000000075, 11.67029999999978], [76.25194999999984, 11.66928000000003], [76.25325999999951, 11.66870999999994], [76.2558900000004, 11.66745000000085], [76.25845999999908, 11.66618999999989], [76.25993999999994, 11.66618999999989], [76.26114000000055, 11.66676000000007], [76.26166000000015, 11.66796000000068], [76.26063000000063, 11.66949999999994], [76.25873999999934, 11.6693899999991], [76.25749, 11.66972999999961]]}}, {"type": "Feature", "properties": {"id": 167, "zone": "Medium Hazard Zone", "FID": "167", "ZONE_": "Medium Hazard Zone", "SHAPE_Leng": "0.034949", "SHAPE_Area": "0.000033", "aarea": "0.404837"}, "geometry": {"type": "Polygon", "coordinates": [[75.81178999999979, 11.85317000000031], [75.81168000000072, 11.85409000000076], [75.8105300000007, 11.85419999999973], [75.80950999999916, 11.85436999999914], [75.80911000000017, 11.85454000000024], [75.80831000000033, 11.85391999999957], [75.80751000000058, 11.85272000000073], [75.80710999999972, 11.85225999999962], [75.80671000000073, 11.85145999999986], [75.80836000000092, 11.85078000000071], [75.80898999999957, 11.85066000000002], [75.80973000000085, 11.85043000000044], [75.81092999999969, 11.85082999999943], [75.81201999999936, 11.85180000000037], [75.8128199999992, 11.85095000000003], [75.81328000000032, 11.85072000000036], [75.81429999999999, 11.85072000000036], [75.81555999999908, 11.85072000000036], [75.81755999999953, 11.84968999999908], [75.81898999999973, 11.84888999999932], [75.82076000000052, 11.84878000000025], [75.82092999999983, 11.84968999999908], [75.82063999999991, 11.85072000000036], [75.81698999999936, 11.85219999999936], [75.8160200000002, 11.85305999999947], [75.81372999999981, 11.85248999999929], [75.8122500000009, 11.85248999999929], [75.81178999999979, 11.85317000000031]]}}, {"type": "Feature", "properties": {"id": 168, "zone": "Medium Hazard Zone", "FID": "168", "ZONE_": "Medium Hazard Zone", "SHAPE_Leng": "0.021884", "SHAPE_Area": "0.000014", "aarea": "0.173066"}, "geometry": {"type": "Polygon", "coordinates": [[75.87943000000091, 11.80536000000026], [75.87897999999947, 11.80570000000077], [75.87859000000024, 11.80633999999919], [75.8782800000008, 11.80694000000043], [75.87711999999922, 11.80754999999956], [75.87535000000021, 11.8091399999994], [75.87449000000011, 11.80909000000068], [75.87517999999912, 11.80805999999939], [75.87643999999999, 11.80686000000056], [75.87723999999983, 11.80629000000047], [75.87751999999999, 11.80559999999969], [75.8776400000006, 11.80469000000087], [75.87780999999993, 11.80400000000009], [75.87848999999916, 11.80321], [75.87934999999926, 11.80321], [75.88112000000005, 11.80342999999991], [75.8817500000005, 11.80400000000009], [75.88191999999981, 11.80422999999976], [75.88232000000058, 11.8052000000007], [75.88198000000015, 11.80543000000037], [75.88090999999982, 11.80571000000053], [75.8803700000008, 11.80561999999921], [75.88005999999947, 11.80530999999976], [75.87967000000025, 11.80530999999976], [75.87943000000091, 11.80536000000026]]}}, {"type": "Feature", "properties": {"id": 169, "zone": "Medium Hazard Zone", "FID": "169", "ZONE_": "Medium Hazard Zone", "SHAPE_Leng": "0.016827", "SHAPE_Area": "0.00001", "aarea": "0.116737"}, "geometry": {"type": "Polygon", "coordinates": [[75.8851699999996, 11.80194999999913], [75.88539999999918, 11.80321], [75.88545999999953, 11.80412000000069], [75.88545999999953, 11.80474999999935], [75.8851200000008, 11.8052000000007], [75.8842600000007, 11.80600000000046], [75.88363000000025, 11.80578000000064], [75.88363000000025, 11.80498000000079], [75.88363000000025, 11.80371999999992], [75.88363000000025, 11.80269000000041], [75.88363000000025, 11.80189000000065], [75.88379999999958, 11.80109000000081], [75.88483000000086, 11.8007500000003], [75.88557000000037, 11.80085999999936], [75.88631999999963, 11.80142999999954], [75.88729000000058, 11.80212000000032], [75.88688999999981, 11.8023499999999], [75.88631999999963, 11.80257999999957], [75.88563000000072, 11.80155000000014], [75.8851699999996, 11.80194999999913]]}}, {"type": "Feature", "properties": {"id": 170, "zone": "Medium Hazard Zone", "FID": "170", "ZONE_": "Medium Hazard Zone", "SHAPE_Leng": "0.013569", "SHAPE_Area": "0.000009", "aarea": "0.109396"}, "geometry": {"type": "Polygon", "coordinates": [[75.9430799999991, 11.82553000000007], [75.94411000000039, 11.82553000000007], [75.94599000000017, 11.82553000000007], [75.94667999999908, 11.82565000000067], [75.94667999999908, 11.82712999999967], [75.94650999999975, 11.82753000000044], [75.94599000000017, 11.82764999999926], [75.94513999999982, 11.82730000000086], [75.9430799999991, 11.82719000000002], [75.94204999999968, 11.82707999999909], [75.94170999999918, 11.82707999999909], [75.94159000000035, 11.82661999999984], [75.94137000000043, 11.82570999999915], [75.94188000000027, 11.82553000000007], [75.9430799999991, 11.82553000000007]]}}, {"type": "Feature", "properties": {"id": 171, "zone": "Medium Hazard Zone", "FID": "171", "ZONE_": "Medium Hazard Zone", "SHAPE_Leng": "0.036594", "SHAPE_Area": "0.000044", "aarea": "0.539537"}, "geometry": {"type": "Polygon", "coordinates": [[75.92908999999966, 11.87903999999985], [75.92816999999921, 11.87955999999944], [75.92726000000039, 11.8791000000001], [75.92724000000086, 11.87908000000058], [75.92701999999919, 11.87902000000032], [75.9267199999995, 11.87893000000078], [75.92654000000041, 11.87883999999938], [75.92618000000039, 11.87860000000003], [75.92567000000055, 11.87841999999909], [75.92501000000084, 11.8783600000006], [75.92446999999994, 11.8783600000006], [75.92377999999916, 11.8783600000006], [75.92321000000085, 11.8783600000006], [75.92239999999947, 11.87802999999986], [75.92228000000073, 11.87754999999922], [75.92285000000082, 11.8767399999997], [75.92446999999994, 11.8756300000005], [75.92516000000072, 11.87517999999906], [75.92606999999954, 11.87514999999986], [75.92605999999978, 11.87492999999996], [75.92783000000057, 11.87499000000021], [75.92892000000025, 11.87613000000057], [75.9295999999995, 11.87642000000049], [75.92994999999976, 11.87585000000032], [75.93016999999968, 11.87458999999945], [75.93034000000077, 11.87419000000046], [75.9308000000001, 11.87419000000046], [75.93223000000039, 11.87509999999928], [75.93268999999964, 11.87390000000053], [75.93348999999948, 11.87276000000018], [75.93485999999942, 11.87276000000018], [75.9354299999995, 11.8737899999996], [75.93583000000035, 11.87527000000047], [75.93513999999958, 11.87652999999956], [75.93399999999932, 11.87727000000083], [75.9325700000009, 11.8780200000001], [75.93063000000079, 11.87830000000035], [75.9295999999995, 11.87795999999984], [75.92908999999966, 11.87903999999985]]}}, {"type": "Feature", "properties": {"id": 172, "zone": "Medium Hazard Zone", "FID": "172", "ZONE_": "Medium Hazard Zone", "SHAPE_Leng": "0.042605", "SHAPE_Area": "0.000069", "aarea": "0.837989"}, "geometry": {"type": "Polygon", "coordinates": [[75.9375400000008, 11.87973000000054], [75.9370299999991, 11.8798399999996], [75.93656999999986, 11.88069999999971], [75.93650999999952, 11.88206999999964], [75.93634000000019, 11.88372999999959], [75.93462999999974, 11.88378000000008], [75.93394000000083, 11.88292999999974], [75.93313999999921, 11.88161000000039], [75.9332599999998, 11.88040999999978], [75.93348999999948, 11.87967000000028], [75.93531000000077, 11.87830000000035], [75.9354299999995, 11.87703999999939], [75.93714000000003, 11.87629999999989], [75.93759999999928, 11.87595999999938], [75.9382800000003, 11.87482000000089], [75.93937000000007, 11.87372999999934], [75.94045000000008, 11.87321999999951], [75.94124999999984, 11.87327999999977], [75.94198999999934, 11.87344999999918], [75.94290999999978, 11.87362000000028], [75.94302000000063, 11.87413000000011], [75.94290999999978, 11.87482000000089], [75.94222000000077, 11.8753899999992], [75.94165000000069, 11.87595999999938], [75.94302000000063, 11.87681999999948], [75.9439399999992, 11.87732999999931], [75.94411000000039, 11.87841999999909], [75.94439000000055, 11.88040999999978], [75.94421999999938, 11.88047000000004], [75.94370999999954, 11.88143999999921], [75.94318999999994, 11.88196000000057], [75.94222000000077, 11.88257999999947], [75.94096999999967, 11.88304000000058], [75.93959999999974, 11.88309999999906], [75.93924999999946, 11.88253000000075], [75.93879999999989, 11.88167000000065], [75.93908000000015, 11.88069999999971], [75.93873999999964, 11.88012999999953], [75.93783000000073, 11.87967000000028], [75.9375400000008, 11.87973000000054]]}}, {"type": "Feature", "properties": {"id": 173, "zone": "Medium Hazard Zone", "FID": "173", "ZONE_": "Medium Hazard Zone", "SHAPE_Leng": "0.071331", "SHAPE_Area": "0.000194", "aarea": "2.370772"}, "geometry": {"type": "Polygon", "coordinates": [[75.95741000000092, 11.91858999999929], [75.9583299999995, 11.91968000000084], [75.95901000000052, 11.9205299999994], [75.95917999999985, 11.92099000000051], [75.95809999999983, 11.92156000000069], [75.95684000000074, 11.92207000000052], [75.9559900000004, 11.92281999999978], [75.9533599999995, 11.92379000000073], [75.95130000000066, 11.92418999999972], [75.94993000000063, 11.92309999999995], [75.95027999999914, 11.92189999999934], [75.95096000000015, 11.92046999999915], [75.95079000000074, 11.91853000000081], [75.95027999999914, 11.91739000000054], [75.94959000000013, 11.91522000000077], [75.95198999999958, 11.91390999999931], [75.95415999999936, 11.91271000000048], [75.9551300000003, 11.91134000000054], [75.95570000000048, 11.91087999999943], [75.95672999999991, 11.91042000000018], [75.95809999999983, 11.90997000000061], [75.95987000000062, 11.90934000000017], [75.96106999999937, 11.90911000000051], [75.96163999999955, 11.90934000000017], [75.96134999999963, 11.91007999999967], [75.96163999999955, 11.9103699999996], [75.96271999999956, 11.91001999999933], [75.96351999999932, 11.90979999999942], [75.96461000000086, 11.90985000000001], [75.96569000000088, 11.91042000000018], [75.96672000000038, 11.91064999999976], [75.96844000000058, 11.91128000000029], [75.96911999999975, 11.91208000000004], [75.96997999999985, 11.91253999999938], [75.97077999999969, 11.91351000000032], [75.97122999999918, 11.91441999999914], [75.9716900000003, 11.91516000000051], [75.97214999999963, 11.91551000000069], [75.97237999999929, 11.91602000000061], [75.97322999999963, 11.91653000000044], [75.97306000000022, 11.91711000000029], [75.97232000000072, 11.91813000000004], [75.97089000000054, 11.91909999999912], [75.96985999999924, 11.91887999999931], [75.96946000000025, 11.91829999999937], [75.96905999999949, 11.91796000000063], [75.96786000000066, 11.91807999999946], [75.96592000000054, 11.91835999999962], [75.9650700000002, 11.91853000000081], [75.96398000000043, 11.91858999999929], [75.96312000000033, 11.91990000000074], [75.96147000000023, 11.91968000000084], [75.9608399999997, 11.91853000000081], [75.96073000000072, 11.91778999999953], [75.96003999999995, 11.91772999999919], [75.95797999999924, 11.91772999999919], [75.95741000000092, 11.91858999999929]]}}, {"type": "Feature", "properties": {"id": 174, "zone": "Medium Hazard Zone", "FID": "174", "ZONE_": "Medium Hazard Zone", "SHAPE_Leng": "0.027885", "SHAPE_Area": "0.00003", "aarea": "0.36976"}, "geometry": {"type": "Polygon", "coordinates": [[75.97580000000018, 11.91013999999993], [75.97396999999913, 11.91064999999976], [75.97271999999971, 11.91059999999927], [75.97226000000046, 11.90927999999983], [75.97318000000082, 11.90842999999949], [75.97379999999973, 11.90831000000075], [75.97506000000068, 11.90864999999939], [75.97592000000078, 11.90860000000067], [75.9759699999995, 11.90727999999946], [75.9760900000001, 11.90699999999921], [75.97729000000072, 11.90676999999963], [75.9802, 11.90660000000022], [75.98220000000036, 11.90647999999961], [75.9835700000003, 11.90756999999939], [75.98420000000083, 11.90836999999923], [75.98236999999969, 11.90927999999983], [75.98008999999915, 11.91007999999967], [75.97791999999937, 11.91007999999967], [75.97580000000018, 11.91013999999993]]}}, {"type": "Feature", "properties": {"id": 175, "zone": "Medium Hazard Zone", "FID": "175", "ZONE_": "Medium Hazard Zone", "SHAPE_Leng": "0.013373", "SHAPE_Area": "0.00001", "aarea": "0.122718"}, "geometry": {"type": "Polygon", "coordinates": [[76.24632999999997, 11.61420000000002], [76.24563999999918, 11.61431000000086], [76.24563999999918, 11.61299999999941], [76.24603999999995, 11.61225999999991], [76.24667000000048, 11.61186000000092], [76.24804000000042, 11.61146000000007], [76.24935000000009, 11.61139999999981], [76.25060999999918, 11.61203000000024], [76.25027000000046, 11.61311000000025], [76.2494700000007, 11.61397000000036], [76.24872999999933, 11.61385999999951], [76.24849999999967, 11.61379999999917], [76.24763999999956, 11.6136900000001], [76.24730000000092, 11.61362999999985], [76.24632999999997, 11.61420000000002]]}}, {"type": "Feature", "properties": {"id": 176, "zone": "Medium Hazard Zone", "FID": "176", "ZONE_": "Medium Hazard Zone", "SHAPE_Leng": "0.014997", "SHAPE_Area": "0.000015", "aarea": "0.188808"}, "geometry": {"type": "Polygon", "coordinates": [[76.24877999999991, 11.60735000000026], [76.2494700000007, 11.60745999999924], [76.24998000000052, 11.60826000000086], [76.24957999999967, 11.60894999999978], [76.24918000000068, 11.60951999999996], [76.24856000000001, 11.6101999999992], [76.24747000000023, 11.61053999999971], [76.24639000000023, 11.61076999999929], [76.24603999999995, 11.61072000000057], [76.24489999999969, 11.61048999999912], [76.24438999999985, 11.60992000000081], [76.24426999999926, 11.60916999999968], [76.24483999999934, 11.60843000000018], [76.24540999999952, 11.60763000000043], [76.24632999999997, 11.60735000000026], [76.24786999999922, 11.60671999999974], [76.24877999999991, 11.60735000000026]]}}, {"type": "Feature", "properties": {"id": 177, "zone": "Medium Hazard Zone", "FID": "177", "ZONE_": "Medium Hazard Zone", "SHAPE_Leng": "0.026105", "SHAPE_Area": "0.000024", "aarea": "0.291307"}, "geometry": {"type": "Polygon", "coordinates": [[75.94487999999909, 11.82100999999965], [75.94471999999953, 11.82137999999944], [75.94419000000018, 11.82164000000008], [75.94392999999944, 11.82200999999988], [75.94388000000073, 11.82243999999993], [75.94361000000023, 11.82301999999978], [75.9430799999991, 11.82301999999978], [75.94249999999917, 11.82296999999928], [75.94212999999947, 11.82270000000066], [75.94212999999947, 11.82207000000014], [75.94229000000088, 11.82106000000023], [75.9423399999996, 11.8204299999998], [75.94249999999917, 11.8196900000003], [75.94270999999931, 11.8190500000001], [75.94345000000068, 11.81852000000075], [75.94388000000073, 11.81847000000016], [75.94429999999925, 11.81847000000016], [75.94467000000081, 11.81847000000016], [75.94529999999938, 11.81852000000075], [75.94589000000086, 11.81852000000075], [75.94599000000017, 11.81873000000089], [75.94635999999996, 11.81883999999987], [75.94667999999908, 11.81878999999937], [75.9468400000005, 11.81794000000081], [75.94705000000064, 11.81719999999953], [75.94794999999979, 11.81682999999974], [75.94852999999965, 11.81715000000073], [75.94852999999965, 11.81783999999973], [75.94847999999915, 11.81841999999958], [75.94827000000078, 11.81899999999952], [75.94806000000064, 11.81926000000025], [75.94789999999921, 11.81953000000065], [75.94789999999921, 11.82015999999931], [75.94810999999936, 11.82058999999936], [75.94852999999965, 11.82106000000023], [75.94852999999965, 11.82191000000057], [75.94852999999965, 11.82259999999949], [75.94810999999936, 11.8229100000008], [75.9472600000008, 11.8229100000008], [75.94679000000001, 11.82233000000086], [75.94626000000065, 11.82200999999988], [75.9458300000006, 11.82149000000028], [75.94578000000001, 11.82095999999907], [75.94535999999972, 11.8207999999995], [75.94487999999909, 11.82100999999965]]}}, {"type": "Feature", "properties": {"id": 178, "zone": "Medium Hazard Zone", "FID": "178", "ZONE_": "Medium Hazard Zone", "SHAPE_Leng": "0.064246", "SHAPE_Area": "0.000065", "aarea": "0.788376"}, "geometry": {"type": "Polygon", "coordinates": [[75.9596099999999, 11.86493999999947], [75.95983999999956, 11.86530999999927], [75.95987000000062, 11.86549000000013], [75.95987000000062, 11.86562000000049], [75.95977999999921, 11.86588999999912], [75.95960000000014, 11.86618000000091], [75.9593399999994, 11.86628000000021], [75.95852999999988, 11.86614999999985], [75.95816000000009, 11.86551999999941], [75.9574699999994, 11.86551999999941], [75.95651999999976, 11.8659399999997], [75.95629999999986, 11.86647000000083], [75.95705000000089, 11.8673199999994], [75.95831999999974, 11.86822000000032], [75.95917000000009, 11.86923000000023], [75.95980000000051, 11.87050000000094], [75.96060000000037, 11.87145000000059], [75.96118000000021, 11.87234999999965], [75.96102000000066, 11.87304000000043], [75.96054000000002, 11.87389000000077], [75.96032999999987, 11.87473999999933], [75.96054000000002, 11.87552999999933], [75.96106999999937, 11.87612000000081], [75.96145000000071, 11.87632999999918], [75.96224000000079, 11.87691000000089], [75.96205000000008, 11.87779000000043], [75.96053000000026, 11.87800000000057], [75.95996999999993, 11.87812999999916], [75.95953000000011, 11.87905999999928], [75.95931000000022, 11.87924000000023], [75.95941999999918, 11.87952000000039], [75.96023000000056, 11.87985999999913], [75.96090000000005, 11.87985999999913], [75.96153000000048, 11.87994000000068], [75.96255000000023, 11.88032000000024], [75.96255000000023, 11.88077999999949], [75.96204000000031, 11.88116000000082], [75.96106999999937, 11.88133000000014], [75.96010000000021, 11.88133000000014], [75.95895999999993, 11.88120999999954], [75.95837000000033, 11.88066000000075], [75.95786000000041, 11.88024000000037], [75.95778000000062, 11.87973000000054], [75.95778000000062, 11.87913999999906], [75.95780000000015, 11.87859000000027], [75.95782999999935, 11.87809000000011], [75.95809000000007, 11.87756000000085], [75.95830999999998, 11.87701000000019], [75.95840999999929, 11.87692000000065], [75.95882999999958, 11.8764900000006], [75.9590900000003, 11.87599000000044], [75.95917000000009, 11.87543999999979], [75.95912999999926, 11.87476000000063], [75.95900000000076, 11.87413000000011], [75.95900000000076, 11.87341000000013], [75.95891999999911, 11.87269999999992], [75.95888000000016, 11.87182000000029], [75.95879000000062, 11.87123000000068], [75.95829000000046, 11.87076999999957], [75.95794999999995, 11.87039000000001], [75.95760999999943, 11.86983999999936], [75.95706000000065, 11.86938000000011], [75.95629999999986, 11.86882999999946], [75.95520000000032, 11.86852999999977], [75.95442, 11.86831999999963], [75.95408999999925, 11.86807000000044], [75.95325000000045, 11.86755000000084], [75.95305000000006, 11.86676000000076], [75.95305000000006, 11.86570000000027], [75.95310000000065, 11.86477999999991], [75.95345000000091, 11.86426000000032], [75.9535599999999, 11.86410000000067], [75.95364999999944, 11.86405000000018], [75.95393999999945, 11.86389000000053], [75.9541499999996, 11.86355000000002], [75.95441000000032, 11.8629899999996], [75.95456999999989, 11.8626199999999], [75.95469000000048, 11.86238000000047], [75.95507999999971, 11.86153000000013], [75.9555, 11.86110999999984], [75.95613000000053, 11.86052000000014], [75.95656000000058, 11.86052000000014], [75.95724999999949, 11.86052000000014], [75.95730999999975, 11.86066000000026], [75.9578899999997, 11.86076999999933], [75.95852999999988, 11.86046999999964], [75.95876999999932, 11.86241999999951], [75.95869999999921, 11.86316000000079], [75.95888000000016, 11.86383000000027], [75.95881000000006, 11.8641200000002], [75.9590900000003, 11.86456999999977], [75.95917000000009, 11.86469000000037], [75.9596099999999, 11.86493999999947]]}}, {"type": "Feature", "properties": {"id": 179, "zone": "Medium Hazard Zone", "FID": "179", "ZONE_": "Medium Hazard Zone", "SHAPE_Leng": "0.068193", "SHAPE_Area": "0.000094", "aarea": "1.149969"}, "geometry": {"type": "Polygon", "coordinates": [[75.96503999999914, 11.90456000000089], [75.96623999999974, 11.90481999999976], [75.96635000000059, 11.90497999999932], [75.96745999999989, 11.90600000000084], [75.96838000000024, 11.90674000000034], [75.96889000000007, 11.90747999999984], [75.96889000000007, 11.90826999999993], [75.96830000000047, 11.90826999999993], [75.96715000000043, 11.90802000000074], [75.96559999999955, 11.90795000000072], [75.96477000000051, 11.90752000000067], [75.96415999999951, 11.90723000000074], [75.96306999999983, 11.90678999999906], [75.96211000000042, 11.90626999999947], [75.96188000000076, 11.90615000000073], [75.96131000000058, 11.9050299999999], [75.96097000000007, 11.90488000000001], [75.96087000000077, 11.90476999999917], [75.96044000000072, 11.90444999999996], [75.95922000000067, 11.90459000000009], [75.95842000000083, 11.90488000000001], [75.95770000000084, 11.90517000000003], [75.95729999999999, 11.90552999999997], [75.95672999999991, 11.90552999999997], [75.95535999999997, 11.90574999999988], [75.95406000000006, 11.90581999999998], [75.95240000000011, 11.90589], [75.95106999999913, 11.90557000000079], [75.9506299999994, 11.90545000000019], [75.9497699999993, 11.90476999999917], [75.94858000000023, 11.9038], [75.94810999999936, 11.90423000000006], [75.9482900000003, 11.90492000000084], [75.94887000000016, 11.90600000000084], [75.94894000000026, 11.90723000000074], [75.94868999999929, 11.90754000000019], [75.94824999999948, 11.90740999999982], [75.94782999999919, 11.90708000000085], [75.94758, 11.9066500000008], [75.94679000000001, 11.90645000000042], [75.94564999999965, 11.90617000000017], [75.94467000000081, 11.90590999999953], [75.94478999999954, 11.90541999999913], [75.94505000000028, 11.90499000000094], [75.9456599999994, 11.90469999999915], [75.94613000000028, 11.90444999999996], [75.94651999999951, 11.90394999999989], [75.94688999999921, 11.90322000000015], [75.94692000000028, 11.90283000000093], [75.94692000000028, 11.90224999999921], [75.94688999999921, 11.90171000000009], [75.9464499999995, 11.90121000000002], [75.94584000000036, 11.90073999999915], [75.94555000000035, 11.90008999999919], [75.94555000000035, 11.89943999999923], [75.94587999999932, 11.89904000000024], [75.94616999999924, 11.89881000000058], [75.94650999999975, 11.89868999999997], [75.94765000000011, 11.89817000000038], [75.9490800000003, 11.89805999999954], [75.95073000000049, 11.89789000000022], [75.95198999999958, 11.89868999999997], [75.95306999999958, 11.89954000000031], [75.95449999999987, 11.89999999999965], [75.95456000000013, 11.90077000000021], [75.95478000000003, 11.90149000000019], [75.95511000000077, 11.90224999999921], [75.95554000000082, 11.90267999999926], [75.95636999999986, 11.90283000000093], [75.95849000000094, 11.90267999999926], [75.95917999999985, 11.90329999999993], [75.95967999999992, 11.90368999999916], [75.96025999999985, 11.90368999999916], [75.96073000000072, 11.90372999999999], [75.96162999999979, 11.90372999999999], [75.9624600000006, 11.90416000000004], [75.96251999999917, 11.90445999999972], [75.96300999999949, 11.90456000000089], [75.96391000000041, 11.90456000000089], [75.96436999999966, 11.90456000000089], [75.96503999999914, 11.90456000000089]]}}, {"type": "Feature", "properties": {"id": 180, "zone": "Medium Hazard Zone", "FID": "180", "ZONE_": "Medium Hazard Zone", "SHAPE_Leng": "0.020536", "SHAPE_Area": "0.000028", "aarea": "0.340468"}, "geometry": {"type": "Polygon", "coordinates": [[76.2242299999998, 11.74357000000053], [76.22473999999964, 11.74488000000021], [76.22473999999964, 11.74602000000047], [76.22479999999999, 11.74682000000032], [76.22457000000033, 11.74762000000008], [76.22400000000015, 11.74858999999924], [76.22365999999964, 11.74921999999968], [76.22330999999936, 11.74997000000072], [76.22269000000055, 11.75007999999978], [76.22132000000053, 11.7502499999991], [76.22062999999984, 11.75007999999978], [76.22040000000017, 11.74916999999918], [76.21989000000035, 11.74740000000017], [76.21989000000035, 11.74688000000058], [76.21989000000035, 11.74580000000057], [76.21994000000083, 11.74504999999953], [76.22040000000017, 11.74482999999962], [76.22103000000061, 11.74447999999935], [76.22165999999926, 11.74402999999987], [76.22211000000061, 11.74334000000086], [76.22285999999988, 11.74271000000043], [76.22383000000082, 11.74259999999959], [76.2242299999998, 11.74357000000053]]}}, {"type": "Feature", "properties": {"id": 181, "zone": "Medium Hazard Zone", "FID": "181", "ZONE_": "Medium Hazard Zone", "SHAPE_Leng": "0.014155", "SHAPE_Area": "0.000012", "aarea": "0.149243"}, "geometry": {"type": "Polygon", "coordinates": [[76.23933000000032, 11.76233999999934], [76.2401200000004, 11.76244000000042], [76.24064999999976, 11.76271000000092], [76.24122999999962, 11.76339000000007], [76.24138999999926, 11.7638700000007], [76.24191000000063, 11.76408000000085], [76.24222999999984, 11.76412999999957], [76.24228000000042, 11.76449999999927], [76.24228000000042, 11.76497000000015], [76.24207000000028, 11.76528999999936], [76.24112000000063, 11.76528999999936], [76.24016999999913, 11.76528999999936], [76.23927999999974, 11.76518000000029], [76.23843999999916, 11.76503000000049], [76.23780000000083, 11.76497000000015], [76.23732999999996, 11.76476], [76.23701000000075, 11.76428999999913], [76.23690999999967, 11.76345000000041], [76.23701000000075, 11.76291999999919], [76.23775000000025, 11.76238999999984], [76.23854000000033, 11.76233999999934], [76.23933000000032, 11.76233999999934]]}}, {"type": "Feature", "properties": {"id": 182, "zone": "Medium Hazard Zone", "FID": "182", "ZONE_": "Medium Hazard Zone", "SHAPE_Leng": "0.015151", "SHAPE_Area": "0.000012", "aarea": "0.14442"}, "geometry": {"type": "Polygon", "coordinates": [[76.2490799999996, 11.77010999999946], [76.2487099999998, 11.77053999999951], [76.24818000000054, 11.77074999999966], [76.24764999999933, 11.77111999999945], [76.24718000000031, 11.77164000000082], [76.24707999999923, 11.77184999999919], [76.24639000000023, 11.77222000000076], [76.24554999999965, 11.77196000000003], [76.24465000000059, 11.77190999999945], [76.24370000000094, 11.77190999999945], [76.24307000000042, 11.77164000000082], [76.24311999999914, 11.77085000000083], [76.24386000000051, 11.77010999999946], [76.24475999999956, 11.76968999999917], [76.24623000000066, 11.76953999999929], [76.24676000000002, 11.76953999999929], [76.24739000000045, 11.7694800000008], [76.24802000000089, 11.76906000000051], [76.2490799999996, 11.76916999999958], [76.2490799999996, 11.77010999999946]]}}, {"type": "Feature", "properties": {"id": 183, "zone": "Medium Hazard Zone", "FID": "183", "ZONE_": "Medium Hazard Zone", "SHAPE_Leng": "0.037305", "SHAPE_Area": "0.000045", "aarea": "0.552948"}, "geometry": {"type": "Polygon", "coordinates": [[76.2291000000005, 11.54002000000037], [76.2291000000005, 11.5407500000001], [76.22926999999983, 11.54155999999962], [76.22926999999983, 11.54228999999945], [76.22876, 11.54262999999996], [76.22803000000026, 11.54262999999996], [76.2274300000008, 11.54258999999914], [76.22679000000059, 11.54212000000004], [76.22674999999977, 11.54144000000088], [76.22682999999964, 11.54045000000042], [76.22725999999969, 11.53951000000053], [76.22760000000021, 11.53898999999908], [76.22849999999926, 11.53804999999919], [76.22913999999946, 11.53792000000069], [76.2298699999992, 11.53792000000069], [76.23055999999998, 11.53792000000069], [76.23120000000017, 11.53771000000055], [76.23300000000016, 11.53680999999962], [76.23394000000005, 11.5366400000003], [76.23440999999914, 11.5366400000003], [76.23535000000079, 11.5366400000003], [76.2360399999998, 11.53643000000007], [76.23706999999922, 11.53570000000033], [76.23797000000015, 11.53561000000079], [76.23958999999918, 11.53476000000045], [76.24041000000034, 11.53497000000059], [76.24065999999952, 11.53561000000079], [76.24049000000011, 11.53616999999943], [76.24006000000006, 11.53715000000013], [76.23998000000029, 11.53796999999941], [76.23958999999918, 11.53830999999992], [76.23882000000049, 11.53873999999997], [76.23831000000067, 11.53903999999966], [76.23767000000046, 11.53984999999918], [76.23689000000014, 11.54005999999932], [76.23547999999938, 11.54036000000088], [76.23444999999997, 11.54036000000088], [76.23270000000048, 11.54015000000073], [76.23179999999955, 11.54002000000037], [76.2299600000006, 11.5396400000009], [76.2291000000005, 11.54002000000037]]}}, {"type": "Feature", "properties": {"id": 184, "zone": "Medium Hazard Zone", "FID": "184", "ZONE_": "Medium Hazard Zone", "SHAPE_Leng": "0.158316", "SHAPE_Area": "0.000348", "aarea": "4.261248"}, "geometry": {"type": "Polygon", "coordinates": [[76.19771979381221, 11.50189085647242], [76.19792118524241, 11.50218448854228], [76.19841000000086, 11.50289999999948], [76.19863632092365, 11.50335264184615], [76.19879151435083, 11.50366497386258], [76.19895831477417, 11.50386284088143], [76.19917999999964, 11.50412999999937], [76.20002000000022, 11.50504999999973], [76.20063999999911, 11.50535999999918], [76.2013299999999, 11.50582000000029], [76.20139507598006, 11.50580320619901], [76.20164488935352, 11.50574303636447], [76.20233026381443, 11.5058574917134], [76.20257999999923, 11.50590000000007], [76.20374000000079, 11.50575000000027], [76.20427686462804, 11.50570381809691], [76.2046661393563, 11.50567244261443], [76.20497330257757, 11.50564502214107], [76.20551999999957, 11.50560000000039], [76.20782606465711, 11.50639943574759], [76.20853423310987, 11.50675297386539], [76.20961760811088, 11.50706100511568], [76.21023560811147, 11.50721453636588], [76.21155548311268, 11.50760172386625], [76.2119326466489, 11.50764887169234], [76.21217000000073, 11.50768000000062], [76.2129922727825, 11.50801638432005], [76.21348573311447, 11.50821972386676], [76.21410370186504, 11.50837422386693], [76.21460648279455, 11.50860238622385], [76.21494999999963, 11.50876000000063], [76.2161899999992, 11.50884000000041], [76.21637239855218, 11.50878401628595], [76.21720123311796, 11.50853444261711], [76.21812438936887, 11.50853444261711], [76.2186613160312, 11.50886510040031], [76.21874999999999, 11.50892000000019], [76.21897417899305, 11.5090308842331], [76.2196807956203, 11.50938128636787], [76.2202893919213, 11.50972983610282], [76.22076000000011, 11.5100000000002], [76.22169000000032, 11.51030999999965], [76.22223674154606, 11.51041650809284], [76.22245788937286, 11.51046084886887], [76.22255664889636, 11.51043661720224], [76.22307999999978, 11.51030999999965], [76.2232069782104, 11.51024446285878], [76.22338867062369, 11.51015472386859], [76.22345764187436, 11.51006544765665], [76.22363000000044, 11.5098500000004], [76.22431999999935, 11.5092399999994], [76.2250199999999, 11.50855000000049], [76.22530000000006, 11.50862000000051], [76.22531788348844, 11.50862000000051], [76.2253304034559, 11.50862312678867], [76.22540999999913, 11.5092399999994], [76.2255768231879, 11.5097404695643], [76.22586823312604, 11.51062013011901], [76.22617338937634, 11.51100444261941], [76.22642005483445, 11.51120134285375], [76.22694000000048, 11.51161999999933], [76.22717999999982, 11.51208000000044], [76.22720087029288, 11.5121440022324], [76.22732545187739, 11.5125398488708], [76.22732545187739, 11.51346109887171], [76.22732545187739, 11.51438141137249], [76.22754670187757, 11.51553441137357], [76.22777557687778, 11.51645469262442], [76.2280807643781, 11.51737500512529], [76.22818505980143, 11.51779480702049], [76.22831000000042, 11.51829999999976], [76.22845097175949, 11.51872291527741], [76.2287673893787, 11.51967813012747], [76.22899626437889, 11.52029228637804], [76.22932392659945, 11.52095214407878], [76.22968000000036, 11.52167999999983], [76.23006999999959, 11.52237000000061], [76.23049700842233, 11.52274210733959], [76.2307662956306, 11.5229806926305], [76.23096226780721, 11.52332608205351], [76.2310699999998, 11.52352000000064], [76.23124561831837, 11.52373074198246], [76.23176573313154, 11.52436447388186], [76.23237610813213, 11.52528475513271], [76.23307035813272, 11.5259008488833], [76.23316952095468, 11.52597910640003], [76.2338500000005, 11.52651999999946], [76.23399208334195, 11.52669573465917], [76.2342245393602, 11.52698848570524], [76.2330399999992, 11.52665999999949], [76.23176000000059, 11.52619000000048], [76.23103000000086, 11.52580999999915], [76.23026000000029, 11.52546000000075], [76.22948999999973, 11.52541999999992], [76.22880000000082, 11.5253799999991], [76.22816000000053, 11.52534000000014], [76.22734999999923, 11.52534000000014], [76.22648999999913, 11.52528999999956], [76.22580000000013, 11.52534000000014], [76.22532999999935, 11.52534000000014], [76.22468999999906, 11.52528999999956], [76.22408999999969, 11.52498999999987], [76.22392000000036, 11.52452000000086], [76.22384000000058, 11.52383999999985], [76.22400999999991, 11.52302000000057], [76.22430999999959, 11.52251000000073], [76.22451999999974, 11.5219099999995], [76.22481999999943, 11.52135000000086], [76.22515999999993, 11.52071000000066], [76.22545999999961, 11.51989999999937], [76.22545999999961, 11.51916999999954], [76.22542000000067, 11.51817999999916], [76.22484000000081, 11.51772999999959], [76.22424999999933, 11.51773999999935], [76.2235700000001, 11.51778000000017], [76.22252999999913, 11.51795999999925], [76.22180999999907, 11.51795999999925], [76.22031000000064, 11.51805000000057], [76.21945000000053, 11.51809999999929], [76.21859000000043, 11.51809999999929], [76.21801000000049, 11.51759999999922], [76.21709999999989, 11.51756000000026], [76.21642000000065, 11.51756000000026], [76.21560999999926, 11.51756000000026], [76.21488999999929, 11.51756000000026], [76.21421000000014, 11.51756000000026], [76.21349000000006, 11.51750999999968], [76.21303000000083, 11.51709999999915], [76.21267000000078, 11.51642999999967], [76.21240000000039, 11.51561000000039], [76.21204000000036, 11.51466000000075], [76.21176999999986, 11.51408000000081], [76.21159000000078, 11.51353000000015], [76.21112999999967, 11.51294000000054], [76.21111000000023, 11.51291999999924], [76.21060000000031, 11.51291999999924], [76.21009000000048, 11.51291999999924], [76.20969999999939, 11.51266000000029], [76.2093999999997, 11.51231999999978], [76.20842000000086, 11.5121899999995], [76.20786000000045, 11.51215000000046], [76.20717999999943, 11.51215000000046], [76.20628000000036, 11.51228000000082], [76.20585000000031, 11.51231999999978], [76.20473999999925, 11.51304999999961], [76.20412000000034, 11.51366000000052], [76.20367000000077, 11.51483999999983], [76.20357999999946, 11.51542999999944], [76.20312999999989, 11.51747000000072], [76.20312999999989, 11.51845999999932], [76.20312999999989, 11.5190500000008], [76.20271999999936, 11.5190500000008], [76.20235999999932, 11.51845999999932], [76.20235999999932, 11.51792000000021], [76.20199999999929, 11.51723999999919], [76.20159000000054, 11.51692000000007], [76.20096000000011, 11.5167899999997], [76.20001000000046, 11.51709999999915], [76.19919999999908, 11.5173300000006], [76.19846999999933, 11.51756000000026], [76.19774999999936, 11.51756000000026], [76.1968500000003, 11.51723999999919], [76.19638999999918, 11.51697000000056], [76.19612000000056, 11.51647000000049], [76.19612000000056, 11.51605999999997], [76.19612000000056, 11.51552000000085], [76.19612000000056, 11.5150699999995], [76.19662000000064, 11.51375999999982], [76.19715999999976, 11.51294000000054], [76.19774999999936, 11.51231000000011], [76.19801999999986, 11.51176999999913], [76.19860999999946, 11.51140999999918], [76.19919999999908, 11.51127000000083], [76.20005999999918, 11.5108600000003], [76.20060000000016, 11.51072999999994], [76.20096000000011, 11.51019000000091], [76.20118999999977, 11.50969000000075], [76.20096000000011, 11.50900999999974], [76.20054999999958, 11.50892000000019], [76.19974000000006, 11.50883000000065], [76.1992399999999, 11.50864999999979], [76.19906000000081, 11.50823999999917], [76.19893000000044, 11.50811000000068], [76.19879000000041, 11.5077399999991], [76.19856000000074, 11.5075199999992], [76.19788999999949, 11.50734000000011], [76.19743000000015, 11.50706999999962], [76.1964800000005, 11.50689000000054], [76.19585000000008, 11.50689000000054], [76.1955999999991, 11.50689000000054], [76.1947600000003, 11.50697000000032], [76.19395000000078, 11.50700999999937], [76.19296000000031, 11.50713999999973], [76.19197999999962, 11.50718000000055], [76.1905599999991, 11.50748000000024], [76.18949000000062, 11.50782000000075], [76.18837999999964, 11.5083799999993], [76.18743999999967, 11.50971000000028], [76.18675000000076, 11.51035000000047], [76.18636999999943, 11.51099000000067], [76.18474000000063, 11.51129000000036], [76.18354000000001, 11.51124999999953], [76.18354000000001, 11.51072999999994], [76.18397000000006, 11.50931999999918], [76.18453000000048, 11.50855000000049], [76.18520999999963, 11.50799000000007], [76.18560000000073, 11.50748000000024], [76.18627999999988, 11.50654000000027], [76.18700999999962, 11.50554999999989], [76.18794999999959, 11.50499999999924], [76.18915000000011, 11.50439999999977], [76.19038999999977, 11.50413999999913], [76.19278999999914, 11.50289999999948], [76.19360000000052, 11.50276999999911], [76.19471999999948, 11.50273000000015], [76.19565999999945, 11.50273000000015], [76.19659999999934, 11.50273000000015], [76.1975899999998, 11.50243000000047], [76.19771979381221, 11.50189085647242]]}}, {"type": "Feature", "properties": {"id": 185, "zone": "Medium Hazard Zone", "FID": "185", "ZONE_": "Medium Hazard Zone", "SHAPE_Leng": "0.040062", "SHAPE_Area": "0.000025", "aarea": "0.311642"}, "geometry": {"type": "Polygon", "coordinates": [[76.02173000000037, 11.53680999999962], [76.02081000000001, 11.53836000000051], [76.01909999999957, 11.53784000000083], [76.01772999999955, 11.53670000000056], [76.01498999999968, 11.53561000000079], [76.01361999999975, 11.53556000000029], [76.01218999999946, 11.53566999999927], [76.01024999999936, 11.53435999999968], [76.01036000000019, 11.5329299999994], [76.01132999999936, 11.5321899999999], [76.01275999999964, 11.53235999999922], [76.01373000000059, 11.53310000000059], [76.01572999999918, 11.53310000000059], [76.01709999999912, 11.53304000000024], [76.01692999999979, 11.53406999999967], [76.01298999999922, 11.5337899999995], [76.01293000000074, 11.53424000000085], [76.01572999999918, 11.53463999999985], [76.01807000000005, 11.53521000000002], [76.02013000000078, 11.53646999999911], [76.02224000000021, 11.53533000000063], [76.0229299999992, 11.53572999999962], [76.02173000000037, 11.53680999999962]]}}, {"type": "Feature", "properties": {"id": 186, "zone": "Medium Hazard Zone", "FID": "186", "ZONE_": "Medium Hazard Zone", "SHAPE_Leng": "0.014579", "SHAPE_Area": "0.00001", "aarea": "0.120206"}, "geometry": {"type": "Polygon", "coordinates": [[76.02498000000016, 11.53933999999935], [76.02434999999973, 11.54042999999912], [76.02361000000023, 11.54226000000016], [76.02310000000031, 11.54270999999974], [76.02258000000072, 11.54288000000084], [76.02167000000011, 11.54111000000014], [76.02234999999926, 11.54009000000038], [76.0231500000009, 11.53876999999917], [76.02463999999965, 11.53757000000042], [76.02577999999991, 11.53722999999991], [76.02498000000016, 11.53933999999935]]}}, {"type": "Feature", "properties": {"id": 187, "zone": "Medium Hazard Zone", "FID": "187", "ZONE_": "Medium Hazard Zone", "SHAPE_Leng": "0.192472", "SHAPE_Area": "0.000358", "aarea": "4.381333"}, "geometry": {"type": "MultiPolygon", "coordinates": [[[[76.17496000000028, 11.47162999999998], [76.17430000000057, 11.47160000000079], [76.17391999999924, 11.47153000000068], [76.17387000000052, 11.47148999999994], [76.17360000000012, 11.47128999999947], [76.17357000000084, 11.47097000000026], [76.17357000000084, 11.4705900000008], [76.17357000000084, 11.47047000000019], [76.17357000000084, 11.47013999999944], [76.17350000000081, 11.46958000000089], [76.17339999999965, 11.46923000000062], [76.17290999999933, 11.46905999999944], [76.1725700000006, 11.46902000000048], [76.17101000000005, 11.46948999999949], [76.17020000000043, 11.46961000000009], [76.16966999999931, 11.46939999999995], [76.1692500000008, 11.46895000000037], [76.1692500000008, 11.46843000000078], [76.16929958204958, 11.46791434667949], [76.16929999999961, 11.46790999999941], [76.16973999999932, 11.46742000000088], [76.17019000000077, 11.46679000000044], [76.17019000000077, 11.46613000000072], [76.17012000000067, 11.46543000000018], [76.16984000000049, 11.46484000000057], [76.16968000000085, 11.4647100000002], [76.16990847238834, 11.4647100000002], [76.17051698307445, 11.46494294257645], [76.17109588626882, 11.46499573092881], [76.17144999999987, 11.46502999999941], [76.17159824289399, 11.4650858948614], [76.17205810807593, 11.46526338007681], [76.17228229412805, 11.46577127649347], [76.17236000000045, 11.46594999999977], [76.17236252723586, 11.46595304564245], [76.17236329557618, 11.46595478632746], [76.1724215788567, 11.46602421041661], [76.17274999999968, 11.46642000000065], [76.17317296437513, 11.46673895674176], [76.17336273307711, 11.46688366132829], [76.17409121533012, 11.46678093211649], [76.1749099999997, 11.46666999999975], [76.17661000000048, 11.46767999999974], [76.17784000000029, 11.46807000000083], [76.17794212952192, 11.46810212138257], [76.17907713933242, 11.46846294257975], [76.18000029558333, 11.46931363008055], [76.18045807683374, 11.46993066133109], [76.18080724539874, 11.47014141954846], [76.17917999999915, 11.47098000000002], [76.17683000000038, 11.47148999999994], [76.17540999999986, 11.47148000000018], [76.17496000000028, 11.47162999999998]]], [[[76.16784000000004, 11.47230999999922], [76.1685600000001, 11.47291000000037], [76.16863000000012, 11.47295999999918], [76.16872999999943, 11.47341000000053], [76.16914999999972, 11.47400000000014], [76.16970000000038, 11.47501000000013], [76.16977000000038, 11.47564000000057], [76.16977000000038, 11.47644000000033], [76.1693500000001, 11.47665000000056], [76.16928000000009, 11.4767400000001], [76.16875000000073, 11.47719999999935], [76.1680699999997, 11.47760999999988], [76.16734999999973, 11.47768999999975], [76.16685999999933, 11.47711999999957], [76.16726999999995, 11.47666000000023], [76.16741999999975, 11.47631999999972], [76.16741999999975, 11.47552999999973], [76.16741999999975, 11.47499000000061], [76.16726999999995, 11.47449000000054], [76.16702000000076, 11.47390000000084], [76.16661000000023, 11.47323999999935], [76.16601000000085, 11.47256999999986], [76.16532000000008, 11.47208999999932], [76.1648700000005, 11.47187999999917], [76.16481000000024, 11.47191000000023], [76.16473000000038, 11.47225000000074], [76.16465000000059, 11.47266999999917], [76.16411999999947, 11.47263000000021], [76.1636699999999, 11.47220999999992], [76.16352000000009, 11.47160000000079], [76.16332999999938, 11.47103000000061], [76.16165999999976, 11.47054000000021], [76.1612299999997, 11.47036999999911], [76.16027000000031, 11.47027999999957], [76.15978, 11.47020999999946], [76.15907999999945, 11.47006999999943], [76.15839000000054, 11.46968000000011], [76.15724000000043, 11.46939999999995], [76.15658000000079, 11.46939999999995], [76.15611999999967, 11.46924000000038], [76.15547999999949, 11.46966000000067], [76.15358999999987, 11.46961000000009], [76.15164999999976, 11.46822000000063], [76.15159999999926, 11.46823000000039], [76.1509499999993, 11.46872000000079], [76.15092999999978, 11.46881000000033], [76.15087999999919, 11.46875999999975], [76.15049999999972, 11.46815000000061], [76.15046000000078, 11.4676899999995], [76.15034000000017, 11.46723999999993], [76.15015999999922, 11.46671000000057], [76.15015999999922, 11.46629000000028], [76.14992999999956, 11.46586999999999], [76.14965999999914, 11.46567999999937], [76.14932000000042, 11.46552999999948], [76.14897999999991, 11.46552999999948], [76.14832999999994, 11.4659900000006], [76.14798999999944, 11.4662100000005], [76.14773000000058, 11.46651999999995], [76.14756999999915, 11.46674999999962], [76.1472300000005, 11.46751000000042], [76.14677999999915, 11.46830000000041], [76.1458299999995, 11.4684500000003], [76.14502999999966, 11.4684500000003], [76.14445999999948, 11.46818999999957], [76.14427000000073, 11.4678100000001], [76.14340000000087, 11.46743000000064], [76.14268000000081, 11.46731999999971], [76.14218000000074, 11.46704999999931], [76.14169000000042, 11.46671000000057], [76.1415799999995, 11.46614000000048], [76.1414299999997, 11.46515000000002], [76.1414299999997, 11.46442999999995], [76.14127000000005, 11.46390000000069], [76.14048000000005, 11.46271999999951], [76.14028999999934, 11.46234000000004], [76.13983000000009, 11.46166000000089], [76.13930000000074, 11.46094000000082], [76.13834999999924, 11.46082000000022], [76.13779000000068, 11.46082000000022], [76.13811999999965, 11.46067000000042], [76.13865000000078, 11.46045000000051], [76.1391899999999, 11.4602599999998], [76.13971999999926, 11.45965000000067], [76.14025000000038, 11.45881000000009], [76.14089000000058, 11.45821000000072], [76.14154000000053, 11.45766999999974], [76.14214999999967, 11.45722000000025], [76.14249000000018, 11.45650000000027], [76.14275000000092, 11.45565999999961], [76.14283000000069, 11.45501999999941], [76.14350999999985, 11.45475000000078], [76.14401000000001, 11.45406999999977], [76.14438999999948, 11.45357999999946], [76.1449200000006, 11.45315999999908], [76.14549000000078, 11.45304000000034], [76.14567999999963, 11.45304000000034], [76.14597999999931, 11.45341999999981], [76.1463999999996, 11.45433000000049], [76.14677999999915, 11.4551699999993], [76.14703999999979, 11.45588999999927], [76.14738000000031, 11.45675999999914], [76.14795000000048, 11.45771000000056], [76.14852000000066, 11.45843000000062], [76.14935999999946, 11.45931000000016], [76.15034000000017, 11.45965000000067], [76.1510699999999, 11.45968999999972], [76.15141000000041, 11.45968999999972], [76.15200999999979, 11.45960999999985], [76.15257999999997, 11.45941999999923], [76.15322999999992, 11.4591500000006], [76.15375999999928, 11.45874000000007], [76.1539499999999, 11.45813000000085], [76.15399000000072, 11.45737000000005], [76.15387000000013, 11.45660999999925], [76.15375999999928, 11.45573999999939], [76.1539499999999, 11.45501999999941], [76.15409999999979, 11.45451999999934], [76.15437000000018, 11.45426000000039], [76.15466999999988, 11.45391999999997], [76.15512999999922, 11.4538400000001], [76.15566000000034, 11.4538400000001], [76.15623000000052, 11.45383000000034], [76.15658982862759, 11.45401990955242], [76.1566081617579, 11.4540385044313], [76.15711999999982, 11.45456000000016], [76.15797000000025, 11.45518000000084], [76.15857999999939, 11.45557000000006], [76.15888438574702, 11.45624750375903], [76.15888976431367, 11.45625972381839], [76.15896607681373, 11.45695019256901], [76.159015965456, 11.4572520587082], [76.1590400000005, 11.45741000000087], [76.1590400000005, 11.45772000000032], [76.15941999999997, 11.45833999999922], [76.16004000000063, 11.45842000000086], [76.16062000000058, 11.45802000000001], [76.1610099999998, 11.45888999999987], [76.16157999999999, 11.4599899999994], [76.16200000000028, 11.46047999999971], [76.16210999999933, 11.4613900000004], [76.16252999999962, 11.46189000000047], [76.16316999999982, 11.46207999999931], [76.16411999999947, 11.4622299999992], [76.16481000000024, 11.46227000000002], [76.16525999999973, 11.46306000000002], [76.16538000000034, 11.4636300000002], [76.16572000000085, 11.46428000000015], [76.16620999999938, 11.46465999999962], [76.1666700000005, 11.46480999999951], [76.16719999999984, 11.46515000000002], [76.16764999999941, 11.46572000000011], [76.16788000000086, 11.46614000000048], [76.16798999999993, 11.46674999999962], [76.16796000000065, 11.46694000000024], [76.16677999999955, 11.46701000000026], [76.16617000000042, 11.46701000000026], [76.16488000000027, 11.4671999999991], [76.16354999999929, 11.46753999999961], [76.16282999999932, 11.46753999999961], [76.16225999999914, 11.46753999999961], [76.16130999999949, 11.46753999999961], [76.16013999999994, 11.46751000000042], [76.15944999999915, 11.46713000000086], [76.15800999999921, 11.4662100000005], [76.15687000000072, 11.46594999999977], [76.15672000000083, 11.46651999999995], [76.15744000000089, 11.46713000000086], [76.15775000000035, 11.46753999999961], [76.15888000000085, 11.46848999999926], [76.15956999999976, 11.46872000000079], [76.16055000000055, 11.46875999999975], [76.16120000000042, 11.46880000000057], [76.16172999999978, 11.46882999999977], [76.16329000000043, 11.46880000000057], [76.1641600000003, 11.46863999999915], [76.16575000000013, 11.46860999999986], [76.16739000000055, 11.46860999999986], [76.1685600000001, 11.46829000000074], [76.16869000000047, 11.46846000000006], [76.16876000000049, 11.46859000000043], [76.16876000000049, 11.46867000000021], [76.16876000000049, 11.46916000000052], [76.16876000000049, 11.46971999999916], [76.16893999999957, 11.47031000000063], [76.16912000000052, 11.47083999999999], [76.16921999999974, 11.47097000000026], [76.16994999999956, 11.47155999999996], [76.17060999999919, 11.47201999999921], [76.17113000000064, 11.47226000000042], [76.17172000000026, 11.47268000000079], [76.1719300000004, 11.47282000000083], [76.17301000000042, 11.47323999999935], [76.17419999999949, 11.47323999999935], [76.17531000000056, 11.47327000000041], [76.17639000000057, 11.47341000000053], [76.17736999999941, 11.47390000000084], [76.17799000000016, 11.47430999999959], [76.17799000000016, 11.47501000000013], [76.17688000000088, 11.47550000000044], [76.17593999999922, 11.47550000000044], [76.1747899999991, 11.47550000000044], [76.17384999999922, 11.47552999999973], [76.17297999999936, 11.47552999999973], [76.17179000000037, 11.47557000000055], [76.17113000000064, 11.47536000000041], [76.17036999999985, 11.47484000000072], [76.16970000000038, 11.47379], [76.16921999999974, 11.4730299999992], [76.16896000000087, 11.47273999999928], [76.16887999999922, 11.47275000000081], [76.16871999999967, 11.47237999999924], [76.1685600000001, 11.47150999999938], [76.16814999999949, 11.47070999999962], [76.16707999999925, 11.47047999999995], [76.16662999999976, 11.47055999999973], [76.16582999999991, 11.47055999999973], [76.16518999999971, 11.47083000000023], [76.16545000000045, 11.47120999999969], [76.16602000000053, 11.47162000000022], [76.1667400000006, 11.47162000000022], [76.16731000000068, 11.47180999999907], [76.16784000000004, 11.47230999999922]]]]}}, {"type": "Feature", "properties": {"id": 188, "zone": "Medium Hazard Zone", "FID": "188", "ZONE_": "Medium Hazard Zone", "SHAPE_Leng": "0.047259", "SHAPE_Area": "0.000031", "aarea": "0.384218"}, "geometry": {"type": "Polygon", "coordinates": [[76.18960999999945, 11.57267999999932], [76.18901999999984, 11.57308000000008], [76.1880700000002, 11.57303999999935], [76.18729999999964, 11.57236000000011], [76.18630999999917, 11.57236000000011], [76.18549999999956, 11.57236000000011], [76.18473000000087, 11.5726300000006], [76.18399999999926, 11.5726300000006], [76.18341999999942, 11.5721400000002], [76.18338000000037, 11.57210999999914], [76.18340999999965, 11.57188999999923], [76.18404999999984, 11.57134000000045], [76.18432000000034, 11.57075000000074], [76.18469000000005, 11.57034000000022], [76.18463999999946, 11.56974000000084], [76.18432000000034, 11.56942999999953], [76.18390999999971, 11.56942999999953], [76.18336000000093, 11.56970000000002], [76.18262999999932, 11.57006000000005], [76.18240999999942, 11.57037999999917], [76.18185000000086, 11.57113999999997], [76.18146999999954, 11.57113999999997], [76.18120000000091, 11.57069000000049], [76.18101999999996, 11.56991999999993], [76.18066000000002, 11.56947000000035], [76.18070000000084, 11.5689199999997], [76.18096999999946, 11.56861000000025], [76.18179000000052, 11.56842999999939], [76.18228000000092, 11.56842999999939], [76.1831000000002, 11.56842999999939], [76.18360000000027, 11.56855999999967], [76.18446000000037, 11.56855999999967], [76.18571999999946, 11.56825000000022], [76.18657999999957, 11.56806999999936], [76.18726000000059, 11.56761000000002], [76.18848000000072, 11.56739000000012], [76.18929000000024, 11.56716000000054], [76.19038, 11.56683999999946], [76.19115000000058, 11.56638999999998], [76.19177999999923, 11.56625999999961], [76.19187000000055, 11.56657000000084], [76.19154999999957, 11.56711999999971], [76.1906500000005, 11.56761000000002], [76.19023999999989, 11.56811000000018], [76.18983999999912, 11.56855999999967], [76.18937999999979, 11.56919999999995], [76.18907000000033, 11.56974000000084], [76.18848000000072, 11.56986999999934], [76.18748000000049, 11.56974000000084], [76.1869399999996, 11.56974000000084], [76.18613000000008, 11.56983000000039], [76.18549999999956, 11.57055000000036], [76.1858599999996, 11.57158999999955], [76.18738999999917, 11.57164000000013], [76.18851999999968, 11.57131999999915], [76.1895199999999, 11.57113999999997], [76.1906500000005, 11.57082000000085], [76.1915100000006, 11.57091000000039], [76.19201000000068, 11.57136999999964], [76.19201000000068, 11.57208999999962], [76.19182999999973, 11.57222999999974], [76.19132999999965, 11.5726300000006], [76.19029000000047, 11.5726300000006], [76.18960999999945, 11.57267999999932]]}}, {"type": "Feature", "properties": {"id": 189, "zone": "Medium Hazard Zone", "FID": "189", "ZONE_": "Medium Hazard Zone", "SHAPE_Leng": "0.049237", "SHAPE_Area": "0.00005", "aarea": "0.609677"}, "geometry": {"type": "Polygon", "coordinates": [[76.17510000000041, 11.56453999999941], [76.17487000000075, 11.56566999999991], [76.17405999999936, 11.56639999999974], [76.17389000000004, 11.56641999999917], [76.17274000000002, 11.56575999999954], [76.17243000000056, 11.56526999999914], [76.17213000000088, 11.56521000000066], [76.17210999999949, 11.56513000000088], [76.17151999999987, 11.56463000000072], [76.17071000000035, 11.56441000000082], [76.17016999999937, 11.56441000000082], [76.16952999999918, 11.56441000000082], [76.16898000000039, 11.56441000000082], [76.16876000000049, 11.56403999999934], [76.16876000000049, 11.56395999999947], [76.16876000000049, 11.56309999999936], [76.16876000000049, 11.56274999999918], [76.16890000000062, 11.56232000000091], [76.16916999999924, 11.56206000000018], [76.1691300000002, 11.56141999999998], [76.16844999999917, 11.56084000000013], [76.16713999999959, 11.56070000000001], [76.16604999999981, 11.56002000000076], [76.16591999999945, 11.55980000000095], [76.16455999999928, 11.5592500000002], [76.16374999999967, 11.55916000000066], [76.16297999999911, 11.5589799999998], [76.16293000000039, 11.55825999999982], [76.16301999999993, 11.5572599999996], [76.16356000000091, 11.55681000000002], [76.16356000000091, 11.55613000000087], [76.16356000000091, 11.55550000000043], [76.16356000000091, 11.55459999999951], [76.16356000000091, 11.55378000000023], [76.16388000000003, 11.55297000000062], [76.16424000000006, 11.55273999999918], [76.16474000000014, 11.55264999999964], [76.16505999999934, 11.55264999999964], [76.16541999999939, 11.55300999999967], [76.16554999999974, 11.55383000000072], [76.16554999999974, 11.55450000000021], [76.1661000000004, 11.55536000000031], [76.16632000000031, 11.55613000000087], [76.16632000000031, 11.55681000000002], [76.16632000000031, 11.55739999999972], [76.16659000000071, 11.55817000000028], [76.16718000000041, 11.55830000000056], [76.16808999999922, 11.55825999999982], [76.1688599999998, 11.55753], [76.16943999999964, 11.55681000000002], [76.17007999999984, 11.55667999999966], [76.17035000000033, 11.55717000000005], [76.17043999999987, 11.55772000000071], [76.17065999999977, 11.55853000000023], [76.1710700000003, 11.55856999999927], [76.17148000000093, 11.5589799999998], [76.17148000000093, 11.55961000000024], [76.17148000000093, 11.5603800000008], [76.1710700000003, 11.56147000000057], [76.1707999999999, 11.56223999999926], [76.17160999999942, 11.56236999999963], [76.17229000000044, 11.56236999999963], [76.17265000000047, 11.56278000000024], [76.17260999999965, 11.56341000000068], [76.17282999999955, 11.56422999999996], [76.17351000000058, 11.56417999999937], [76.17401000000065, 11.56358999999976], [76.17446000000022, 11.56341000000068], [76.17510000000041, 11.5634599999994], [76.17510000000041, 11.56453999999941]]}}, {"type": "Feature", "properties": {"id": 190, "zone": "Medium Hazard Zone", "FID": "190", "ZONE_": "Medium Hazard Zone", "SHAPE_Leng": "0.023218", "SHAPE_Area": "0.000021", "aarea": "0.261141"}, "geometry": {"type": "Polygon", "coordinates": [[75.96497000000089, 11.58833000000048], [75.96375000000076, 11.58804000000056], [75.96340000000058, 11.58775000000063], [75.96340000000058, 11.58705000000009], [75.9636900000005, 11.58623000000081], [75.96380999999933, 11.5853000000006], [75.96486000000006, 11.58447999999955], [75.96555000000083, 11.58389999999961], [75.9662000000008, 11.58331999999976], [75.96683999999912, 11.58302999999974], [75.96800000000077, 11.58285000000066], [75.96917000000033, 11.58331999999976], [75.96933999999965, 11.58418999999962], [75.96869999999946, 11.58443000000083], [75.96776999999933, 11.58495000000042], [75.96730000000024, 11.58535999999908], [75.96701000000031, 11.58547000000001], [75.96683999999912, 11.58628999999929], [75.96736000000058, 11.58657999999922], [75.96800000000077, 11.58657999999922], [75.9687599999997, 11.58657999999922], [75.96956999999932, 11.58657999999922], [75.96951000000084, 11.58710000000068], [75.96898999999938, 11.58791999999996], [75.96846999999978, 11.58804000000056], [75.9676500000005, 11.58814999999962], [75.96688999999971, 11.58814999999962], [75.9662499999995, 11.58814999999962], [75.96497000000089, 11.58833000000048]]}}, {"type": "Feature", "properties": {"id": 191, "zone": "Medium Hazard Zone", "FID": "191", "ZONE_": "Medium Hazard Zone", "SHAPE_Leng": "0.208185", "SHAPE_Area": "0.000306", "aarea": "3.736964"}, "geometry": {"type": "Polygon", "coordinates": [[75.9465700000001, 11.93509000000089], [75.94622999999959, 11.93536999999927], [75.94606999999993, 11.9356800000005], [75.94594999999934, 11.93611000000055], [75.94557999999964, 11.93685000000005], [75.94523999999912, 11.93759999999931], [75.94519000000041, 11.93784000000052], [75.94511000000054, 11.93821999999998], [75.94498999999993, 11.93879000000016], [75.94496000000073, 11.93894999999972], [75.94440000000031, 11.93973000000004], [75.94349999999939, 11.93982999999935], [75.94256999999928, 11.93960999999944], [75.94222000000077, 11.93956000000072], [75.94205999999944, 11.93937000000001], [75.94191999999931, 11.93889999999923], [75.94165000000069, 11.93862000000084], [75.94195000000038, 11.93819000000079], [75.94231000000032, 11.93771999999991], [75.94231000000032, 11.93721999999975], [75.94231000000032, 11.93675000000075], [75.94231000000032, 11.93662000000038], [75.94225000000006, 11.93653000000084], [75.94225000000006, 11.93581000000086], [75.94222000000077, 11.93502000000078], [75.94222000000077, 11.93447999999989], [75.94213999999923, 11.93404000000007], [75.94213999999923, 11.93349999999918], [75.94213999999923, 11.93277999999921], [75.94213999999923, 11.93212999999925], [75.94235999999913, 11.93152000000011], [75.9426100000001, 11.93101999999995], [75.94294000000085, 11.93054999999917], [75.94340999999986, 11.93010999999936], [75.94343999999914, 11.92950000000022], [75.94347999999987, 11.92907000000017], [75.94366000000082, 11.92842000000021], [75.94409000000087, 11.92820000000031], [75.94491999999991, 11.92808999999946], [75.94570999999999, 11.9281300000002], [75.94612000000052, 11.92816999999924], [75.94589000000086, 11.9282299999995], [75.94612000000052, 11.92818000000078], [75.94670000000046, 11.92790000000062], [75.94802999999958, 11.9278599999998], [75.94944000000034, 11.9273900000007], [75.95083999999954, 11.92710000000077], [75.95174000000038, 11.92696000000065], [75.95321999999939, 11.92667000000072], [75.95571000000015, 11.92597999999994], [75.9572200000002, 11.92590999999992], [75.95859000000014, 11.92569999999978], [75.95934999999916, 11.92569999999978], [75.96065000000085, 11.92530000000079], [75.96094000000087, 11.92504999999982], [75.96179999999912, 11.92432999999984], [75.96274000000086, 11.92396999999981], [75.96414999999975, 11.92396999999981], [75.96490000000088, 11.92382000000001], [75.96570000000064, 11.92357000000082], [75.96671000000062, 11.92317000000006], [75.96764000000074, 11.92309999999995], [75.96708000000032, 11.92364000000093], [75.96608999999987, 11.92419999999948], [75.96469000000073, 11.92537000000081], [75.96447000000083, 11.92595000000075], [75.96397000000067, 11.9263800000008], [75.96353000000094, 11.92696000000065], [75.96291999999994, 11.92717000000088], [75.96215999999914, 11.92742999999975], [75.96148999999966, 11.92746000000081], [75.96140999999989, 11.92749999999976], [75.9596399999991, 11.92749999999976], [75.95780999999991, 11.92710000000077], [75.9558699999998, 11.92676000000026], [75.95404000000053, 11.92676000000026], [75.95175999999991, 11.92756000000011], [75.95070999999919, 11.92779999999945], [75.95037000000045, 11.9280099999996], [75.9497699999993, 11.92799000000016], [75.94861999999918, 11.92801999999936], [75.94774999999932, 11.92827000000032], [75.94699000000038, 11.92878000000016], [75.94623999999935, 11.92914000000019], [75.94594999999934, 11.92950000000022], [75.94594999999934, 11.93010999999936], [75.94642000000022, 11.93032999999926], [75.94771000000037, 11.92979000000015], [75.94875999999931, 11.92950000000022], [75.94962999999917, 11.92950000000022], [75.95026999999938, 11.92950000000022], [75.95125000000007, 11.92972000000013], [75.9513900000002, 11.93032999999926], [75.9515699999993, 11.93094000000017], [75.95214999999914, 11.93130000000021], [75.95305000000006, 11.93130000000021], [75.95345000000091, 11.93137999999999], [75.95401999999923, 11.9316999999992], [75.9547399999992, 11.93174000000002], [75.95542999999999, 11.93181000000004], [75.95655000000082, 11.93253000000001], [75.95727000000079, 11.93284999999922], [75.95794999999995, 11.93267000000014], [75.95852999999988, 11.93228000000091], [75.9593600000007, 11.93198999999912], [75.95967999999992, 11.93202000000018], [75.96003999999995, 11.93217000000007], [75.96090999999981, 11.93228000000091], [75.96152000000072, 11.93195000000016], [75.96155999999976, 11.9312300000001], [75.96177999999968, 11.93037], [75.9624600000006, 11.9294599999994], [75.96321999999962, 11.92931999999927], [75.96386999999959, 11.92921000000021], [75.96434000000046, 11.92924999999925], [75.96494999999959, 11.92909999999937], [75.96513000000054, 11.92900000000006], [75.96549000000049, 11.92842000000021], [75.96552999999953, 11.92799000000016], [75.9655600000006, 11.92744999999927], [75.9655600000006, 11.92676000000026], [75.96560999999932, 11.92628999999939], [75.96598000000088, 11.92555999999965], [75.96711999999937, 11.92436000000091], [75.97122999999918, 11.92326999999936], [75.97127999999977, 11.92324000000007], [75.97138000000083, 11.92323000000031], [75.97235999999977, 11.92323000000031], [75.97328999999989, 11.92294000000039], [75.97444999999968, 11.92210999999948], [75.97458999999981, 11.9213899999995], [75.97506000000068, 11.9209200000005], [75.97602999999985, 11.92044999999962], [75.97725999999966, 11.92001999999957], [75.97819999999953, 11.91986999999968], [75.9788499999995, 11.91986999999968], [75.9799299999995, 11.92022999999972], [75.98061000000052, 11.92049000000045], [75.98100999999951, 11.92087999999967], [75.9813300000005, 11.92080999999965], [75.9813300000005, 11.91998000000061], [75.98129999999944, 11.91933000000066], [75.98114999999964, 11.91849999999975], [75.98114999999964, 11.9180699999997], [75.98086999999938, 11.91770999999975], [75.98187999999938, 11.91748999999985], [75.98242000000027, 11.91739000000054], [75.98335000000039, 11.91681000000061], [75.98350000000028, 11.91626999999971], [75.98367999999937, 11.91568999999977], [75.98407000000046, 11.91489999999978], [75.9846500000003, 11.91457000000081], [75.98595000000022, 11.91424999999982], [75.98703000000023, 11.91381999999977], [75.98727999999933, 11.91352999999985], [75.9879299999993, 11.91316999999981], [75.98879999999916, 11.91313000000086], [75.98944999999911, 11.91313000000086], [75.98977000000009, 11.91309999999979], [75.99030999999921, 11.91292000000071], [75.99044999999934, 11.91265000000022], [75.99058999999947, 11.91379000000049], [75.99076000000056, 11.91482], [75.99099000000024, 11.91578999999908], [75.99105000000058, 11.91653000000044], [75.99093999999965, 11.91698999999969], [75.99035000000003, 11.91775000000049], [75.98991999999998, 11.9180400000005], [75.98955999999995, 11.91811000000052], [75.98850999999922, 11.91842999999973], [75.9877500000002, 11.91861000000059], [75.98670999999925, 11.91885999999978], [75.98598999999918, 11.91900999999958], [75.98482999999939, 11.91897000000062], [75.98429000000036, 11.91897000000062], [75.9836400000004, 11.91897000000062], [75.98309999999951, 11.91897000000062], [75.98227000000047, 11.91933000000066], [75.98244999999956, 11.92027000000054], [75.9828099999995, 11.92080999999965], [75.98309999999951, 11.92128000000044], [75.98331999999932, 11.92152999999963], [75.9837900000002, 11.92188999999966], [75.98432999999932, 11.9223999999995], [75.98480000000019, 11.92294000000039], [75.98508000000035, 11.92333999999938], [75.9854400000004, 11.92352000000024], [75.98569999999926, 11.92409000000042], [75.98609000000035, 11.92438000000034], [75.98619999999941, 11.92477999999933], [75.98619999999941, 11.92513999999936], [75.98609000000035, 11.9254999999994], [75.98554999999945, 11.92561000000024], [75.9851199999994, 11.92561000000024], [75.9842599999993, 11.92568000000026], [75.98338999999943, 11.9257199999993], [75.98259999999935, 11.92563999999943], [75.98201999999951, 11.92546000000035], [75.98151999999935, 11.9252500000002], [75.98141000000037, 11.92460000000025], [75.98129999999944, 11.9240200000004], [75.98112000000036, 11.92373000000047], [75.98086999999938, 11.92330000000042], [75.98042999999957, 11.92330000000042], [75.97996000000056, 11.92330000000042], [75.9794600000005, 11.9234799999995], [75.97896000000034, 11.92337000000044], [75.97816000000059, 11.92333999999938], [75.97754999999958, 11.92344000000046], [75.9774400000006, 11.92390999999956], [75.9774400000006, 11.92453000000023], [75.97751000000062, 11.92517000000042], [75.97790999999961, 11.92561000000024], [75.97838000000048, 11.92647000000034], [75.97852000000061, 11.92700999999946], [75.97869999999969, 11.92791000000038], [75.97848999999955, 11.92801999999936], [75.97802000000046, 11.92780999999921], [75.97761999999969, 11.92758999999931], [75.97682999999961, 11.92729999999938], [75.9766099999997, 11.92705000000028], [75.97602999999985, 11.92662000000023], [75.97506000000068, 11.92654000000036], [75.97422999999978, 11.92654000000036], [75.97319000000059, 11.92671999999944], [75.9730400000008, 11.92621999999937], [75.97247000000061, 11.9265099999993], [75.97174000000088, 11.92686999999933], [75.97119999999998, 11.92741000000022], [75.97069999999982, 11.92741000000022], [75.96975999999994, 11.92755000000035], [75.96951000000084, 11.92827000000032], [75.96951000000084, 11.9285999999993], [75.96951000000084, 11.92950000000022], [75.96951000000084, 11.92993000000027], [75.96947000000002, 11.9304400000001], [75.96947000000002, 11.93090999999911], [75.96947000000002, 11.9316999999992], [75.96908000000079, 11.93176999999922], [75.96824999999988, 11.93219999999927], [75.96767000000003, 11.93313999999915], [75.96738000000002, 11.93329000000081], [75.96673000000006, 11.9335699999992], [75.96625999999927, 11.93365000000085], [75.96524999999929, 11.93365000000085], [75.9640600000002, 11.93375999999991], [75.96378000000004, 11.93375999999991], [75.96298000000029, 11.93390000000004], [75.96248000000013, 11.93390000000004], [75.96183000000018, 11.93390000000004], [75.96121999999926, 11.93401000000088], [75.96063999999932, 11.93418999999996], [75.9598800000003, 11.93444000000093], [75.95923000000043, 11.93497999999996], [75.95916000000032, 11.93533999999999], [75.95818999999938, 11.93567000000074], [75.95738999999962, 11.93610000000079], [75.95652999999952, 11.93610000000079], [75.95565999999965, 11.93581000000086], [75.95529999999962, 11.9355599999999], [75.95469000000048, 11.93541000000001], [75.95392999999969, 11.93552000000094], [75.95364999999944, 11.93653000000084], [75.95339000000057, 11.93742999999999], [75.95284999999969, 11.93812000000068], [75.95248999999964, 11.93786999999971], [75.9519099999998, 11.93793999999982], [75.95173000000071, 11.93822999999974], [75.9505800000006, 11.93819000000079], [75.95010999999981, 11.93814999999996], [75.94935000000079, 11.93800999999984], [75.9493000000002, 11.93794999999958], [75.94897999999922, 11.93786999999971], [75.94839999999928, 11.93778999999993], [75.94764000000035, 11.93750000000001], [75.94738999999937, 11.93704000000067], [75.94714000000019, 11.93660000000095], [75.9469399999998, 11.93635999999965], [75.94700000000014, 11.93591999999993], [75.94712000000075, 11.93531000000079], [75.94685000000027, 11.93505999999983], [75.9465700000001, 11.93509000000089]]}}, {"type": "Feature", "properties": {"id": 192, "zone": "Medium Hazard Zone", "FID": "192", "ZONE_": "Medium Hazard Zone", "SHAPE_Leng": "0.158061", "SHAPE_Area": "0.000182", "aarea": "2.228106"}, "geometry": {"type": "MultiPolygon", "coordinates": [[[[76.02054999999929, 11.87075999999981], [76.02033999999914, 11.87099999999915], [76.02023000000007, 11.87146000000026], [76.0196599999999, 11.87174000000051], [76.01892000000039, 11.87174000000051], [76.01806000000029, 11.87180000000077], [76.01703000000087, 11.87185999999925], [76.01519999999982, 11.87174000000051], [76.01372000000083, 11.87174000000051], [76.01356999999916, 11.87138000000048], [76.01262999999928, 11.87138000000048], [76.01068999999917, 11.87069999999946], [76.00949000000033, 11.87132999999999], [76.00886999999966, 11.87144000000083], [76.00714999999946, 11.87212999999974], [76.00571999999917, 11.87269999999992], [76.00523000000064, 11.87350999999944], [76.00497, 11.87348999999992], [76.00391999999918, 11.87255000000003], [76.00359999999998, 11.87204999999996], [76.00359999999998, 11.87151000000085], [76.00341999999912, 11.87096999999995], [76.00338000000008, 11.87027999999917], [76.00295000000003, 11.86967000000004], [76.00233999999911, 11.86912999999915], [76.00194000000012, 11.86852000000001], [76.00194000000012, 11.8676899999991], [76.00216000000003, 11.86710999999925], [76.00247999999924, 11.86650000000012], [76.00341999999912, 11.8664599999993], [76.00417000000016, 11.86652999999932], [76.00497, 11.86657000000014], [76.00568999999997, 11.86657000000014], [76.00645000000078, 11.8664599999993], [76.00698999999989, 11.8659900000002], [76.00724000000086, 11.8652000000002], [76.00705999999991, 11.8645899999992], [76.00684000000001, 11.86383000000027], [76.00662999999986, 11.86304000000019], [76.00662999999986, 11.86220999999928], [76.00647999999997, 11.86147999999954], [76.00647999999997, 11.86080000000039], [76.00669999999988, 11.85993000000052], [76.00669999999988, 11.85987000000027], [76.00749999999972, 11.85938999999963], [76.0088099999994, 11.85858999999979], [76.01115000000028, 11.85899000000064], [76.0134300000009, 11.8596199999993], [76.01577999999976, 11.85937000000011], [76.01588000000085, 11.85951000000023], [76.0160400000004, 11.85934000000091], [76.01618000000053, 11.85932999999929], [76.01902999999946, 11.85967999999956], [76.0203999999994, 11.8604799999994], [76.02076999999919, 11.86079000000063], [76.02088000000003, 11.86076999999933], [76.0212300000003, 11.86037000000034], [76.02181999999992, 11.86002000000007], [76.02152999999998, 11.85987000000027], [76.02088000000003, 11.85932999999929], [76.02017999999948, 11.85898000000088], [76.01966999999966, 11.85873999999967], [76.01886000000015, 11.85877000000074], [76.01845999999928, 11.85859999999955], [76.01777000000037, 11.85711000000079], [76.01812000000064, 11.85563000000001], [76.01869000000082, 11.85483000000026], [76.0195399999993, 11.85436999999914], [76.02137000000043, 11.85466000000084], [76.02182999999968, 11.85540000000034], [76.02182999999968, 11.85722999999961], [76.02182999999968, 11.85796999999911], [76.02237000000056, 11.85807999999995], [76.02302000000053, 11.85852999999953], [76.02325999999995, 11.85917999999949], [76.02325999999995, 11.85981999999968], [76.02306999999925, 11.86011999999937], [76.02252000000045, 11.86046999999964], [76.0219699999998, 11.86072000000061], [76.02138000000011, 11.86102000000029], [76.0207399999999, 11.86110000000008], [76.02029000000041, 11.86116000000042], [76.01949000000057, 11.86150000000093], [76.01900999999994, 11.86167000000025], [76.01873999999954, 11.86162999999943], [76.01842000000033, 11.86145000000035], [76.01808999999957, 11.86145000000035], [76.01772999999955, 11.86145000000035], [76.01733000000056, 11.86145000000035], [76.01664999999954, 11.86138000000024], [76.01575000000048, 11.86130000000046], [76.0148100000006, 11.86116000000042], [76.01419999999959, 11.86116000000042], [76.01359000000046, 11.86138000000024], [76.0130399999998, 11.86162999999943], [76.01273000000036, 11.8618800000004], [76.01267999999986, 11.86201000000076], [76.01262999999928, 11.86251000000083], [76.01212999999912, 11.86314999999925], [76.01202999999991, 11.86330000000092], [76.01197999999933, 11.86395000000087], [76.01173000000013, 11.86429999999928], [76.01114000000052, 11.86460000000083], [76.01088999999955, 11.86484000000017], [76.01064000000045, 11.86499000000006], [76.01029000000018, 11.86543999999954], [76.00985000000037, 11.86588999999912], [76.0092000000004, 11.8660899999995], [76.00780999999917, 11.8665799999999], [76.0064700000003, 11.86758000000013], [76.00632000000041, 11.86852000000001], [76.00676000000023, 11.86942000000094], [76.00741000000018, 11.87001000000055], [76.00849999999996, 11.87010999999985], [76.00905000000061, 11.87005999999927], [76.01014000000029, 11.87005999999927], [76.0114400000002, 11.87010999999985], [76.01282999999967, 11.87025999999965], [76.01397000000001, 11.87031000000023], [76.01487000000085, 11.87020999999915], [76.01500999999921, 11.86952000000015], [76.01505999999969, 11.86872000000039], [76.01505999999969, 11.86798000000089], [76.01520999999958, 11.86748000000082], [76.01569000000022, 11.86663000000048], [76.0162899999996, 11.86643000000001], [76.01655000000032, 11.86636999999975], [76.01751999999941, 11.86636999999975], [76.01777000000037, 11.86636999999975], [76.01821999999994, 11.86619000000067], [76.0184300000001, 11.86587999999936], [76.01871000000025, 11.86556999999991], [76.01909999999957, 11.86528999999975], [76.01958999999988, 11.86504000000055], [76.02008000000028, 11.86497000000054], [76.02057000000059, 11.86497000000054], [76.02102000000016, 11.86497000000054], [76.02160999999977, 11.86497000000054], [76.02200000000086, 11.86514999999962], [76.02238000000033, 11.86556999999991], [76.02266000000058, 11.8659900000002], [76.02287000000072, 11.86633000000071], [76.02318999999984, 11.86672000000003], [76.0234999999993, 11.86672000000003], [76.02384999999957, 11.86629999999965], [76.02431000000068, 11.86613000000033], [76.02479999999922, 11.86613000000033], [76.0250699999997, 11.86643999999977], [76.02577000000015, 11.86672000000003], [76.02633000000057, 11.8665799999999], [76.02654000000072, 11.8659900000002], [76.02654000000072, 11.86539000000083], [76.0268199999991, 11.86490000000052], [76.02735000000033, 11.86438000000092], [76.02763000000049, 11.86389000000053], [76.02784000000064, 11.86333000000011], [76.02815999999984, 11.86297999999984], [76.02817999999937, 11.86295000000064], [76.02848000000083, 11.86290999999982], [76.02923000000008, 11.86290999999982], [76.02982999999946, 11.86290999999982], [76.03057000000082, 11.86290999999982], [76.0311700000002, 11.86296000000041], [76.03211000000009, 11.86355000000002], [76.03270999999945, 11.8638499999997], [76.03340000000024, 11.86455000000025], [76.03470000000016, 11.86528999999975], [76.03564000000003, 11.8659900000002], [76.0366300000005, 11.8665799999999], [76.03743000000034, 11.86663000000048], [76.03775999999922, 11.86681999999924], [76.03765000000026, 11.86801999999985], [76.0367299999998, 11.86852999999977], [76.03576000000064, 11.86916000000021], [76.03460000000085, 11.86910999999962], [76.03460000000085, 11.86787000000005], [76.03460000000085, 11.86688999999935], [76.0342400000009, 11.86621000000011], [76.03312999999983, 11.86566999999921], [76.03261999999991, 11.8652299999994], [76.03124999999999, 11.86486999999946], [76.03038999999988, 11.86479999999935], [76.02985000000085, 11.86501999999926], [76.02937999999997, 11.86551999999941], [76.02880000000003, 11.86631999999917], [76.02848000000083, 11.86681999999924], [76.02767999999921, 11.86765000000015], [76.02731999999926, 11.86804999999914], [76.02673999999932, 11.86844000000023], [76.02594999999933, 11.86883999999922], [76.02515999999925, 11.86926999999927], [76.0243300000002, 11.86926999999927], [76.02356999999941, 11.86902000000008], [76.02313999999936, 11.86861999999931], [76.02260000000024, 11.86818999999926], [76.02219999999947, 11.8680800000002], [76.02176999999942, 11.8680800000002], [76.02130000000032, 11.8683000000001], [76.02094000000038, 11.86870000000087], [76.02072000000047, 11.8690600000009], [76.02053999999953, 11.86931000000001], [76.02053999999953, 11.86978000000088], [76.02053999999953, 11.87053000000014], [76.02054999999929, 11.87075999999981]]], [[[76.01385999999908, 11.86075999999957], [76.01416000000064, 11.86059000000024], [76.01406999999924, 11.86057000000072], [76.01385999999908, 11.86075999999957]]]]}}, {"type": "Feature", "properties": {"id": 193, "zone": "Medium Hazard Zone", "FID": "193", "ZONE_": "Medium Hazard Zone", "SHAPE_Leng": "0.064372", "SHAPE_Area": "0.000093", "aarea": "1.138109"}, "geometry": {"type": "Polygon", "coordinates": [[76.00024999999911, 11.8597900000004], [75.99978999999986, 11.85994000000029], [75.99978999999986, 11.85980000000016], [75.99970000000032, 11.85982999999944], [75.99915999999943, 11.85974999999966], [75.9985500000003, 11.85931999999961], [75.99778999999941, 11.85888999999956], [75.99721999999932, 11.85835000000045], [75.99711000000025, 11.85770000000049], [75.99711000000025, 11.85708999999949], [75.99721999999932, 11.85664999999968], [75.9975400000003, 11.85640000000057], [75.99822999999923, 11.85647000000059], [75.99894999999928, 11.85650999999964], [75.99959999999915, 11.85633000000055], [75.99978999999986, 11.85615999999937], [75.99992000000023, 11.85604000000054], [75.99992000000023, 11.85532000000056], [75.99980999999939, 11.85481000000073], [75.99978999999986, 11.85476999999991], [75.99978999999986, 11.8535699999993], [76.00036000000004, 11.8536899999999], [76.0010399999992, 11.85385999999922], [76.00240999999913, 11.85339999999998], [76.00326999999923, 11.85305999999947], [76.00345999999995, 11.85306999999923], [76.00326999999923, 11.85237000000055], [76.00316000000016, 11.85157000000071], [76.00293000000059, 11.85088999999969], [76.00332999999958, 11.85059999999976], [76.00412999999934, 11.85037000000009], [76.00497999999968, 11.85116999999994], [76.00530000000074, 11.85153999999964], [76.00595000000071, 11.85116999999994], [76.00732000000065, 11.85116999999994], [76.00789000000073, 11.8520900000003], [76.00806000000014, 11.85346999999999], [76.01035000000043, 11.8535699999993], [76.01161999999928, 11.85369999999966], [76.01229000000055, 11.85272000000073], [76.0134300000009, 11.85152000000012], [76.01485999999932, 11.84979999999992], [76.01703000000087, 11.84935000000043], [76.01806000000029, 11.85015000000019], [76.01783000000071, 11.85186000000063], [76.01720000000019, 11.8535699999993], [76.01670999999989, 11.85416000000077], [76.01703000000087, 11.85426000000008], [76.01703000000087, 11.85476999999991], [76.01634999999985, 11.85574000000085], [76.01589000000061, 11.8565400000007], [76.01509000000075, 11.85767999999919], [76.01395000000049, 11.85786000000005], [76.0118399999992, 11.85786000000005], [76.0109799999991, 11.85763000000047], [76.01092000000061, 11.85759999999941], [76.01087999999979, 11.85679999999956], [76.01077000000082, 11.8559299999997], [76.01020000000064, 11.85518000000044], [76.0094700000009, 11.85453000000048], [76.00868000000081, 11.85426999999984], [76.0078200000007, 11.85438000000068], [76.00705999999991, 11.85462999999978], [76.00655000000008, 11.85496000000053], [76.00597999999991, 11.85527999999974], [76.00544000000079, 11.85556999999976], [76.0049999999992, 11.85607999999959], [76.00449999999913, 11.85664999999968], [76.0039899999992, 11.85705000000053], [76.00359999999998, 11.85763000000047], [76.00316999999993, 11.85830999999962], [76.00269999999905, 11.85871000000039], [76.00201000000014, 11.8590299999996], [76.00139999999922, 11.85931999999961], [76.0007900000001, 11.85957000000049], [76.00024999999911, 11.8597900000004]]}}, {"type": "Feature", "properties": {"id": 194, "zone": "Medium Hazard Zone", "FID": "194", "ZONE_": "Medium Hazard Zone", "SHAPE_Leng": "0.058283", "SHAPE_Area": "0.000037", "aarea": "0.457561"}, "geometry": {"type": "Polygon", "coordinates": [[75.8895200000006, 11.84196999999945], [75.88870999999922, 11.84236000000055], [75.88812999999938, 11.84242000000089], [75.88695999999982, 11.84272000000058], [75.88575999999921, 11.84289999999966], [75.88458999999966, 11.84245000000009], [75.88414000000009, 11.84181999999965], [75.88465000000001, 11.84109999999968], [75.88549000000059, 11.84096999999931], [75.88653999999953, 11.84103999999933], [75.88744000000045, 11.84066999999963], [75.88855999999943, 11.84028000000031], [75.88984999999958, 11.83983000000082], [75.89101999999913, 11.83958999999962], [75.89314999999986, 11.83937999999947], [75.89543000000049, 11.83937999999947], [75.89846000000037, 11.83994999999956], [75.90120000000023, 11.84030999999959], [75.90236999999978, 11.84034000000065], [75.90408000000022, 11.84070000000069], [75.90584999999915, 11.84075999999917], [75.90755999999968, 11.84075999999917], [75.90842999999946, 11.8405500000008], [75.90874000000078, 11.84024999999925], [75.90913, 11.83979999999976], [75.90951999999923, 11.83971000000022], [75.91027000000035, 11.83971000000022], [75.91095999999926, 11.83973999999942], [75.91107999999987, 11.84009999999945], [75.91110999999907, 11.84049000000054], [75.91110999999907, 11.84051999999974], [75.91042000000016, 11.84072999999988], [75.91023999999929, 11.84072999999988], [75.90978999999972, 11.84085000000049], [75.90963999999983, 11.84128000000054], [75.90963999999983, 11.84175999999931], [75.90942999999969, 11.84230000000029], [75.90913, 11.84262999999917], [75.90863999999969, 11.84262999999917], [75.90800999999917, 11.84262999999917], [75.90683999999962, 11.84238999999983], [75.9059099999995, 11.84245000000009], [75.90531000000013, 11.84242000000089], [75.90456000000086, 11.8421500000004], [75.90368999999922, 11.8419099999992], [75.90240000000084, 11.84149000000068], [75.9016499999998, 11.84115999999993], [75.90054000000052, 11.84115999999993], [75.89895000000067, 11.84085000000049], [75.89821999999916, 11.84051999999974], [75.89657000000084, 11.84051999999974], [75.89509999999973, 11.84051999999974], [75.89306000000032, 11.84058000000008], [75.89143999999942, 11.84081999999943], [75.8895200000006, 11.84196999999945]]}}, {"type": "Feature", "properties": {"id": 195, "zone": "Medium Hazard Zone", "FID": "195", "ZONE_": "Medium Hazard Zone", "SHAPE_Leng": "0.294502", "SHAPE_Area": "0.000804", "aarea": "9.841039"}, "geometry": {"type": "MultiPolygon", "coordinates": [[[[76.07703000000038, 11.55178999999953], [76.07661000000009, 11.55258999999929], [76.07603000000015, 11.5530500000004], [76.07511999999954, 11.55401999999957], [76.07392000000071, 11.55458999999975], [76.07307000000037, 11.55602000000003], [76.0715199999995, 11.55659000000012], [76.07010000000083, 11.55624999999961], [76.0686100000003, 11.55499000000051], [76.06819999999968, 11.5545299999994], [76.06819999999968, 11.55333000000065], [76.06805999999965, 11.55255000000033], [76.0676299999996, 11.55198000000015], [76.06748999999947, 11.55124000000066], [76.06748999999947, 11.55039000000031], [76.06748999999947, 11.54989000000024], [76.06706999999918, 11.54949999999915], [76.06610999999977, 11.54982000000014], [76.0657599999995, 11.55027999999947], [76.0655100000004, 11.5510599999998], [76.0641300000007, 11.55133999999996], [76.06337999999958, 11.55133999999996], [76.06328000000028, 11.55136999999924], [76.06309999999941, 11.55141000000007], [76.06257000000006, 11.55162999999997], [76.06235999999991, 11.55177000000001], [76.06208999999943, 11.55177000000001], [76.06175000000079, 11.55177000000001], [76.0614000000005, 11.55162999999997], [76.06112000000034, 11.55152000000091], [76.06034000000002, 11.55165999999917], [76.05983999999987, 11.55179999999929], [76.05917000000048, 11.55193999999933], [76.05841999999934, 11.55179999999929], [76.05803000000012, 11.55138000000078], [76.05803000000012, 11.55060000000046], [76.0586000000003, 11.54984999999942], [76.05938000000062, 11.54949999999915], [76.06005, 11.54925000000005], [76.06105000000024, 11.54917999999994], [76.06154000000063, 11.54908000000073], [76.06199999999988, 11.5490399999999], [76.06245999999922, 11.54893000000084], [76.06309999999941, 11.54910999999992], [76.0641599999999, 11.54939000000009], [76.06475999999927, 11.54875999999965], [76.06480000000009, 11.54787000000035], [76.06468999999926, 11.54692000000071], [76.0643799999998, 11.54602999999955], [76.06441000000086, 11.5451099999991], [76.06475999999927, 11.54426000000053], [76.06480000000009, 11.5434800000003], [76.06441000000086, 11.54343999999948], [76.06323999999954, 11.54341000000019], [76.06309999999941, 11.54265999999915], [76.06306000000036, 11.54196000000048], [76.06316999999943, 11.54111000000014], [76.06316999999943, 11.54010999999991], [76.06232000000087, 11.53980000000046], [76.06147000000053, 11.53987000000048], [76.06086999999938, 11.5402599999998], [76.06076000000031, 11.54078999999906], [76.06048000000006, 11.54184999999964], [76.06048000000006, 11.54315999999922], [76.06062000000018, 11.54428999999982], [76.06065999999923, 11.54521000000027], [76.06069000000029, 11.54557000000021], [76.06062000000018, 11.54659999999963], [76.05976999999984, 11.54723000000016], [76.05910000000037, 11.5475900000001], [76.0582099999992, 11.5482300000003], [76.05725999999956, 11.54900000000086], [76.05711999999951, 11.54895000000036], [76.05701000000046, 11.54872000000069], [76.05649000000086, 11.54819999999924], [76.05601999999999, 11.54737999999996], [76.05566999999972, 11.54634000000077], [76.05566999999972, 11.54557999999997], [76.05573000000007, 11.54483000000071], [76.05608000000034, 11.54454000000078], [76.05647999999933, 11.54427000000029], [76.05672000000052, 11.54415999999945], [76.0567300000002, 11.5440999999992], [76.05678000000078, 11.54398000000037], [76.05678000000078, 11.5436300000001], [76.05666999999994, 11.54318000000061], [76.05666000000018, 11.5431100000005], [76.05624999999965, 11.54269999999998], [76.05589999999938, 11.54206999999954], [76.05565000000028, 11.54154999999995], [76.05563000000076, 11.54135999999924], [76.05523999999967, 11.54009000000038], [76.05534000000084, 11.53959000000031], [76.0558400000009, 11.5391299999992], [76.05623000000013, 11.53885000000082], [76.05680000000031, 11.53864000000067], [76.05736000000073, 11.53852999999983], [76.05803000000012, 11.53850000000054], [76.05863999999926, 11.53850000000054], [76.05917000000048, 11.53821000000062], [76.05941999999958, 11.53788999999963], [76.0595599999997, 11.53708000000003], [76.06002000000082, 11.53641000000063], [76.0602999999992, 11.53579999999963], [76.0602999999992, 11.53480999999917], [76.06016000000093, 11.53434999999992], [76.05976999999984, 11.53420999999979], [76.05912999999966, 11.53425000000062], [76.05846000000017, 11.53420999999979], [76.05825000000003, 11.5335699999996], [76.05729000000062, 11.53271999999926], [76.05644000000028, 11.5328300000001], [76.05548000000087, 11.53335999999945], [76.05480999999962, 11.53354000000031], [76.05421000000024, 11.53328999999943], [76.05378000000019, 11.53271999999926], [76.05371000000017, 11.53166000000055], [76.05393000000008, 11.53052999999995], [76.05445999999934, 11.52957000000064], [76.0545600000005, 11.52860999999937], [76.05513000000069, 11.52748000000064], [76.05523999999967, 11.5262399999992], [76.05508999999986, 11.5252799999998], [76.0540999999994, 11.52511000000048], [76.05314999999976, 11.52539000000073], [76.05222999999931, 11.5266300000003], [76.05169000000028, 11.52762000000076], [76.05122999999917, 11.5289699999994], [76.05098999999974, 11.52981999999974], [76.04991999999949, 11.52988999999976], [76.04968000000007, 11.5298500000008], [76.04913999999917, 11.52957000000064], [76.04905999999939, 11.52954999999925], [76.04905999999939, 11.52931999999967], [76.04870999999912, 11.5289699999994], [76.0484199999992, 11.52879000000032], [76.04812999999918, 11.52879000000032], [76.04783999999925, 11.52879000000032], [76.04708000000032, 11.52879000000032], [76.04661999999921, 11.52879000000032], [76.04563000000051, 11.52885000000057], [76.04505000000067, 11.52885000000057], [76.04470000000039, 11.52867999999947], [76.0446499999998, 11.52821000000038], [76.04458999999956, 11.5275199999996], [76.04458999999956, 11.52705000000059], [76.04458999999956, 11.52641000000039], [76.04493999999974, 11.52565999999935], [76.04540000000085, 11.52496000000068], [76.04557000000025, 11.52409000000081], [76.04563000000051, 11.52351000000087], [76.04563000000051, 11.52333999999978], [76.04522999999975, 11.52231000000026], [76.04429999999954, 11.52173000000041], [76.04272999999922, 11.52189999999973], [76.04238000000082, 11.52207000000092], [76.04214999999928, 11.52172000000065], [76.04214999999928, 11.5213199999998], [76.04226999999989, 11.5208000000002], [76.0426100000004, 11.52038999999967], [76.04313999999975, 11.51980999999973], [76.04394999999936, 11.51916999999954], [76.04499000000033, 11.51864999999995], [76.04574999999934, 11.51829999999976], [76.04574999999934, 11.5174299999999], [76.04528000000025, 11.5173099999993], [76.04458999999956, 11.51725000000082], [76.04377000000018, 11.5173099999993], [76.04348000000026, 11.51794999999949], [76.04203000000055, 11.51922999999988], [76.04075999999982, 11.51968999999913], [76.0403499999993, 11.51968999999913], [76.04011999999963, 11.51968999999913], [76.03989000000006, 11.51893999999996], [76.03989000000006, 11.51817999999916], [76.03994000000054, 11.51790000000077], [76.04000000000089, 11.5175500000005], [76.04023000000056, 11.51691000000031], [76.0404699999999, 11.51627000000011], [76.04110000000034, 11.51575000000052], [76.04220999999963, 11.51517000000058], [76.04296000000066, 11.51517000000058], [76.0437199999997, 11.51511000000023], [76.04392000000007, 11.51498999999963], [76.04423999999928, 11.51482000000031], [76.04435000000012, 11.51428999999918], [76.04412000000046, 11.51405999999951], [76.04400999999962, 11.51405999999951], [76.04365999999935, 11.51405999999951], [76.04284999999983, 11.51424000000046], [76.04226999999989, 11.51447000000004], [76.0409899999995, 11.5146999999997], [76.04005999999937, 11.5146999999997], [76.03947999999943, 11.51447000000004], [76.03946999999967, 11.51441999999954], [76.0393600000007, 11.51411999999985], [76.0393600000007, 11.51366000000052], [76.03976999999945, 11.51302000000032], [76.04011999999963, 11.51283999999937], [76.04052000000048, 11.51250000000073], [76.04116000000069, 11.5120900000002], [76.04185999999936, 11.51186000000053], [76.04232000000047, 11.51186000000053], [76.0432500000006, 11.51186000000053], [76.04394999999936, 11.51186000000053], [76.04429999999954, 11.51173999999993], [76.04441000000047, 11.51151000000026], [76.04441000000047, 11.51109999999973], [76.04418000000081, 11.51041000000073], [76.0437199999997, 11.51029000000013], [76.04272999999922, 11.51045999999954], [76.04214999999928, 11.5105199999998], [76.04063999999923, 11.51103999999939], [76.03982999999971, 11.51138999999966], [76.03889999999959, 11.51157000000061], [76.03814000000057, 11.51174999999969], [76.03738999999952, 11.51192000000079], [76.03674999999933, 11.51186000000053], [76.03674999999933, 11.51151000000026], [76.03674999999933, 11.51115999999999], [76.03674999999933, 11.5105199999998], [76.03674999999933, 11.5098799999996], [76.03674999999933, 11.50913000000034], [76.03693000000018, 11.50807999999961], [76.0372200000002, 11.5072700000001], [76.03743000000034, 11.50676000000018], [76.0376199999992, 11.50628999999939], [76.03808999999998, 11.50564999999911], [76.03866999999991, 11.50506999999926], [76.03924999999985, 11.50495000000043], [76.04023000000056, 11.50495000000043], [76.0408100000004, 11.5053000000007], [76.04116000000069, 11.50628999999939], [76.0419199999997, 11.50698000000008], [76.0425599999999, 11.50762000000028], [76.04383000000053, 11.50756000000002], [76.0446499999998, 11.50756000000002], [76.0451699999994, 11.5073900000007], [76.04574999999934, 11.50710000000069], [76.04644000000003, 11.50640000000023], [76.04677616602704, 11.50612315738988], [76.04678000000054, 11.50611999999998], [76.0472599999994, 11.50672999999911], [76.0484199999992, 11.50672999999911], [76.04934999999931, 11.50662000000014], [76.04997999999975, 11.50697000000032], [76.0503800000006, 11.50728999999953], [76.05134000000001, 11.50789000000077], [76.05183000000032, 11.50885000000017], [76.0526200000004, 11.51003999999925], [76.05355000000053, 11.51080999999972], [76.05463000000053, 11.51139999999942], [76.05595999999973, 11.51139999999942], [76.05681000000007, 11.51120000000081], [76.05819999999953, 11.51115000000023], [76.05880000000067, 11.51129000000036], [76.06063999999971, 11.51182999999947], [76.0614000000005, 11.5123600000006], [76.0617999999995, 11.51284999999914], [76.06211000000073, 11.51318999999964], [76.06258999999959, 11.51360999999993], [76.06267999999912, 11.51405999999951], [76.06267999999912, 11.51452000000062], [76.06267999999912, 11.51483000000007], [76.06230999999933, 11.51503000000045], [76.06165999999938, 11.51517000000058], [76.06112000000034, 11.51517000000058], [76.06004000000034, 11.51485999999935], [76.05927999999945, 11.51471999999923], [76.05782999999974, 11.51452000000062], [76.05632999999943, 11.51418000000011], [76.05539999999931, 11.51405999999951], [76.05455000000075, 11.51405999999951], [76.05321, 11.51405999999951], [76.05285000000006, 11.51409000000057], [76.05205000000022, 11.5144299999993], [76.05197000000044, 11.51502000000069], [76.05197000000044, 11.51539000000048], [76.05211000000057, 11.51596000000066], [76.05282000000078, 11.51661000000062], [76.05371999999984, 11.5174299999999], [76.05429000000002, 11.51754000000074], [76.05428000000026, 11.51756999999994], [76.05548000000087, 11.51836999999978], [76.05769999999937, 11.51916999999954], [76.05969999999982, 11.52037000000015], [76.06010000000059, 11.52151000000051], [76.0608400000001, 11.52248999999935], [76.06186999999952, 11.52294000000079], [76.06264999999983, 11.52289999999996], [76.06346999999911, 11.52345000000062], [76.06407000000036, 11.52378999999926], [76.06468999999926, 11.52410000000057], [76.06530999999993, 11.52421999999931], [76.06696000000011, 11.52421999999931], [76.06758000000079, 11.52429999999909], [76.06797999999978, 11.52467000000066], [76.06795000000058, 11.52506999999965], [76.06767000000033, 11.52534999999991], [76.06744000000074, 11.52569000000041], [76.0673800000004, 11.52630999999931], [76.0673800000004, 11.52668000000088], [76.06746999999994, 11.52730999999945], [76.06763999999927, 11.52795999999941], [76.06801000000084, 11.52851999999982], [76.06818000000025, 11.52953999999958], [76.06869000000007, 11.52990999999928], [76.0692500000005, 11.53028000000085], [76.07080999999927, 11.53028000000085], [76.07141000000051, 11.53010999999966], [76.07208999999966, 11.52966000000018], [76.07234000000064, 11.52917999999954], [76.07295999999953, 11.52917999999954], [76.07361999999925, 11.52953999999958], [76.07413000000086, 11.52988000000009], [76.0743199999997, 11.53038999999992], [76.07517000000004, 11.53089999999975], [76.07602000000038, 11.5313299999998], [76.0765599999995, 11.53158000000077], [76.07706999999934, 11.53177999999937], [76.07775000000035, 11.53187000000069], [76.07875000000058, 11.53187000000069], [76.07906000000003, 11.5320699999993], [76.07944999999926, 11.53226999999968], [76.07954000000066, 11.53262999999972], [76.07954000000066, 11.53319999999989], [76.07889000000071, 11.5335699999996], [76.0778399999999, 11.53346000000053], [76.0765599999995, 11.53328999999943], [76.07617000000027, 11.53346000000053], [76.0756000000001, 11.5339399999993], [76.07543000000078, 11.53435999999968], [76.07503000000001, 11.53523999999922], [76.07503000000001, 11.5358099999994], [76.0751500000006, 11.53673999999952], [76.07529000000065, 11.53744999999982], [76.0756000000001, 11.53787999999987], [76.07625000000006, 11.53844000000029], [76.07716000000075, 11.53874999999974], [76.07786999999918, 11.53880999999999], [76.0787700000001, 11.53903999999966], [76.08015999999957, 11.54003000000013], [76.08044999999949, 11.54051000000076], [76.08086999999978, 11.54084999999941], [76.08127000000063, 11.54155999999962], [76.08146999999914, 11.54224000000064], [76.08146999999914, 11.5427199999995], [76.08146999999914, 11.54303000000072], [76.08149000000044, 11.54356999999984], [76.08169000000092, 11.54408999999943], [76.08127000000063, 11.54398000000037], [76.08044999999949, 11.54398000000037], [76.07982000000082, 11.54398000000037], [76.07899999999968, 11.54398000000037], [76.07854000000043, 11.54415999999945], [76.07843999999936, 11.54421000000004], [76.07836999999925, 11.54421000000004], [76.07767000000057, 11.54427000000029], [76.07703000000038, 11.54468000000091], [76.07622000000086, 11.54543000000008], [76.07558000000066, 11.54578000000035], [76.07500000000073, 11.54607000000037], [76.07436000000052, 11.54653999999938], [76.07365999999999, 11.54723000000016], [76.07351000000018, 11.54739999999948], [76.0726200000008, 11.54781000000001], [76.07250000000019, 11.54787000000035], [76.07203999999908, 11.54809999999993], [76.0713400000004, 11.54838999999995], [76.07064999999963, 11.54886000000082], [76.0702099999999, 11.54908000000073], [76.0697199999995, 11.54932000000007], [76.06884999999964, 11.55012999999959], [76.06884999999964, 11.55076999999987], [76.0690799999993, 11.55112000000005], [76.06948999999983, 11.55124000000066], [76.0702399999991, 11.55112000000005], [76.07093999999964, 11.55076999999987], [76.07174999999916, 11.55018999999993], [76.0717600000007, 11.55017000000041], [76.0722000000005, 11.5504199999996], [76.07277000000069, 11.55048999999962], [76.07334000000087, 11.55067000000057], [76.0737300000001, 11.55067000000057], [76.07465000000045, 11.55067000000057], [76.07527999999911, 11.55055999999964], [76.07582000000001, 11.55039000000031], [76.0762400000003, 11.55017000000041], [76.0765599999995, 11.54984999999942], [76.07667000000035, 11.54963999999928], [76.07723000000075, 11.54960999999999], [76.07762999999974, 11.5497799999994], [76.07743999999913, 11.54990000000001], [76.07734999999958, 11.54996000000026], [76.07703000000038, 11.55178999999953]]], [[[76.06691999999929, 11.53347000000029], [76.06712999999944, 11.53311000000026], [76.06684999999928, 11.53278999999928], [76.06691999999929, 11.53347000000029]]]]}}, {"type": "Feature", "properties": {"id": 196, "zone": "Medium Hazard Zone", "FID": "196", "ZONE_": "Medium Hazard Zone", "SHAPE_Leng": "0.754065", "SHAPE_Area": "0.001552", "aarea": "18.993996"}, "geometry": {"type": "MultiPolygon", "coordinates": [[[[76.12857000000076, 11.53093000000081], [76.12857000000076, 11.53181000000044], [76.12822000000048, 11.53197999999976], [76.12775999999937, 11.53181000000044], [76.12723000000003, 11.53133999999956], [76.12642000000051, 11.53081999999997], [76.12555000000064, 11.53030000000038], [76.12456000000017, 11.53011999999943], [76.1236900000004, 11.53005999999917], [76.12328999999954, 11.53009000000023], [76.12328999999954, 11.52949000000077], [76.12277999999971, 11.52878000000055], [76.12238000000072, 11.52821000000038], [76.12190999999984, 11.52793999999997], [76.12154000000014, 11.52766999999948], [76.12133999999966, 11.52713000000037], [76.12124000000037, 11.52652999999922], [76.12089999999985, 11.52576000000043], [76.12087000000066, 11.52488000000081], [76.12076999999958, 11.52418000000035], [76.12060000000017, 11.52376999999983], [76.11959000000027, 11.52340000000003], [76.11899000000089, 11.52337000000084], [76.1183500000006, 11.52337000000084], [76.11794000000008, 11.52340000000003], [76.11751000000002, 11.52340000000003], [76.1167000000005, 11.52306999999928], [76.11620000000035, 11.52273000000055], [76.11585999999984, 11.52195999999999], [76.11542000000011, 11.52124999999978], [76.11475000000064, 11.52090999999927], [76.11450999999943, 11.52021000000059], [76.11450999999943, 11.51964000000041], [76.11487999999913, 11.51922999999988], [76.11505000000032, 11.51843000000004], [76.11505000000032, 11.51778999999984], [76.11455000000025, 11.51670999999983], [76.11418000000046, 11.51611000000046], [76.11343999999919, 11.51549999999955], [76.11219999999962, 11.51569999999993], [76.11134999999919, 11.51576999999995], [76.11079000000063, 11.51600999999938], [76.11048999999909, 11.51600999999938], [76.10921000000056, 11.51651999999921], [76.10844999999976, 11.51670000000016], [76.10812000000078, 11.51705000000034], [76.10769000000073, 11.51764999999981], [76.10737999999951, 11.51833000000082], [76.10701999999948, 11.51881999999936], [76.10663000000025, 11.51921000000036], [76.10603000000079, 11.51945999999955], [76.10556999999967, 11.51964000000041], [76.10511000000042, 11.51943000000027], [76.10492999999948, 11.51857000000017], [76.10483000000026, 11.51776000000065], [76.10464999999931, 11.51729999999954], [76.10414999999925, 11.51712000000045], [76.1034400000008, 11.51705000000034], [76.1031299999995, 11.51705000000034], [76.10266000000048, 11.51715999999941], [76.10195999999995, 11.5175799999997], [76.10157000000072, 11.51764999999981], [76.10060999999953, 11.51764999999981], [76.09955000000082, 11.51691000000031], [76.09962000000084, 11.51644999999919], [76.10058000000025, 11.51574000000076], [76.10145999999988, 11.51560000000063], [76.1022400000002, 11.51541999999968], [76.10304999999971, 11.51496000000043], [76.10354999999979, 11.51418999999987], [76.10354999999979, 11.51362999999946], [76.10411999999997, 11.51317000000021], [76.1049700000003, 11.51319999999941], [76.10563999999978, 11.51348999999933], [76.10701999999948, 11.51404999999975], [76.10812000000078, 11.51404999999975], [76.10839999999918, 11.51403999999999], [76.10922000000032, 11.5143599999992], [76.11000000000055, 11.51456999999934], [76.11088000000018, 11.51456999999934], [76.11152000000037, 11.51456999999934], [76.11204999999973, 11.51447000000004], [76.11244000000082, 11.51408000000081], [76.11244000000082, 11.51385999999913], [76.11225999999988, 11.5129799999995], [76.11240999999976, 11.51240999999932], [76.11195000000042, 11.51188000000006], [76.1116600000005, 11.51130999999988], [76.11162999999944, 11.51125999999929], [76.11147999999955, 11.51114000000056], [76.11088000000018, 11.51108000000021], [76.11024999999974, 11.51082999999924], [76.10950000000048, 11.51070000000074], [76.10886000000029, 11.51044000000002], [76.10844, 11.51020000000059], [76.10830999999963, 11.50969000000075], [76.10817999999927, 11.50927000000046], [76.10800000000019, 11.50830999999928], [76.10767999999919, 11.50779999999936], [76.10766999999943, 11.5076399999998], [76.10737999999951, 11.50711000000045], [76.1072100000001, 11.50674000000074], [76.10687999999935, 11.50629999999906], [76.10661000000073, 11.50566000000073], [76.10649999999988, 11.50489000000017], [76.10634999999999, 11.50451000000071], [76.10627999999998, 11.50391999999923], [76.10572999999933, 11.50316999999997], [76.10498000000007, 11.50305999999913], [76.10433999999987, 11.50311999999938], [76.10414999999925, 11.50337000000035], [76.10411999999997, 11.50379000000064], [76.1042099999995, 11.50419999999939], [76.1042300000008, 11.50468999999979], [76.10449999999943, 11.5051500000009], [76.10477999999968, 11.50561000000015], [76.10483000000026, 11.50645000000073], [76.10481000000074, 11.50691000000006], [76.10462000000003, 11.50707999999939], [76.10414999999925, 11.50700999999937], [76.10361999999989, 11.5066800000004], [76.10231999999998, 11.50624000000058], [76.1014799999994, 11.50620999999952], [76.10100000000054, 11.50590999999983], [76.10059999999977, 11.50521999999905], [76.09998000000087, 11.50431999999999], [76.09950000000023, 11.50391999999923], [76.09894999999959, 11.50347999999942], [76.09830999999939, 11.50341999999907], [76.09763000000024, 11.50331000000009], [76.09754000000069, 11.50297999999926], [76.0976699999992, 11.50258000000027], [76.0985299999993, 11.50224999999952], [76.09982999999922, 11.50185000000053], [76.10056000000081, 11.50155000000084], [76.1013500000008, 11.50136999999998], [76.10154999999942, 11.50091000000065], [76.10154999999942, 11.5005799999999], [76.10160999999967, 11.49999999999996], [76.10154999999942, 11.49970000000027], [76.1013500000008, 11.49926000000046], [76.10145999999988, 11.49897000000053], [76.10201000000053, 11.49914999999962], [76.10253999999988, 11.49934000000033], [76.10411999999997, 11.49939000000082], [76.10508999999912, 11.49939000000082], [76.10591000000018, 11.49939000000082], [76.10677000000028, 11.4992299999994], [76.10715999999961, 11.49900999999958], [76.10727000000044, 11.49871999999957], [76.10715999999961, 11.49877999999991], [76.10713000000032, 11.49878999999967], [76.10713000000032, 11.49876000000039], [76.10652999999908, 11.49857999999953], [76.10553000000071, 11.49857999999953], [76.10461000000036, 11.49850999999942], [76.10407999999914, 11.49779999999921], [76.10375999999992, 11.49738000000069], [76.10368999999992, 11.4968399999998], [76.10340999999974, 11.49631000000045], [76.10276999999955, 11.49550000000093], [76.10212999999926, 11.49524999999996], [76.10157000000072, 11.49507000000088], [76.10124999999972, 11.49507000000088], [76.10074999999956, 11.49507000000088], [76.10036000000034, 11.49432999999951], [76.0997599999992, 11.4932700000008], [76.0990899999997, 11.49228000000043], [76.09841000000056, 11.49199000000041], [76.09771000000002, 11.49188999999933], [76.09685999999968, 11.49188999999933], [76.09597000000029, 11.49188999999933], [76.09530000000089, 11.49188999999933], [76.09487000000084, 11.4915299999993], [76.09511999999995, 11.49085999999991], [76.09632000000056, 11.49056999999989], [76.0976699999992, 11.49056999999989], [76.10025999999927, 11.49035999999975], [76.10114000000067, 11.49007999999959], [76.10117999999962, 11.48929999999926], [76.10114000000067, 11.48819999999982], [76.10053999999943, 11.48748999999952], [76.09962000000084, 11.48727999999937], [76.09912000000077, 11.48727999999937], [76.09844999999952, 11.48727999999937], [76.09689000000074, 11.48725999999985], [76.09675000000061, 11.4875400000001], [76.09625000000054, 11.48806999999946], [76.09571999999932, 11.48841999999964], [76.09518999999996, 11.48860000000059], [76.09469999999966, 11.48896000000062], [76.09433999999962, 11.48912999999994], [76.09391999999933, 11.48958999999919], [76.09362999999941, 11.48991000000026], [76.0932100000009, 11.4900500000003], [76.0925700000007, 11.49029999999949], [76.09182999999942, 11.49043999999962], [76.09118999999923, 11.49043999999962], [76.09041000000069, 11.49055000000046], [76.0900126006056, 11.49062947987914], [76.08870698299833, 11.48993588009975], [76.0881729204978, 11.48946953634929], [76.08804573786945, 11.4892131915964], [76.08786999999943, 11.48884999999969], [76.08770999999977, 11.48839000000044], [76.08748999999986, 11.48716000000054], [76.08752919740421, 11.48664483411566], [76.08756257674723, 11.48624228634632], [76.08778684174465, 11.4859895289077], [76.08804000000052, 11.48571000000083], [76.08812210071875, 11.48568810647553], [76.08834076424799, 11.48563481759573], [76.08895873299855, 11.48571491134585], [76.0891393919142, 11.48562628377417], [76.08926000000065, 11.4855700000007], [76.09028000000032, 11.48435000000066], [76.090415717595, 11.48406951697026], [76.09042608081789, 11.48404865679169], [76.09043120174992, 11.48403834884431], [76.09095008201481, 11.48322375528077], [76.09190370175124, 11.48172666134209], [76.09191986258409, 11.48170130959978], [76.09199000000085, 11.48159999999916], [76.09263680274705, 11.48136005704521], [76.09323120175254, 11.48114491134156], [76.09561920175473, 11.48139381759184], [76.09623717050529, 11.48147488009184], [76.09682476714215, 11.48156290692939], [76.09730999999915, 11.48163999999999], [76.09823999999936, 11.48179999999955], [76.09840645926742, 11.48175704276933], [76.09854888925746, 11.48172188009212], [76.09904194774785, 11.48185890289304], [76.09939999999916, 11.4819599999992], [76.10001999999983, 11.48188999999909], [76.10054325210601, 11.48193924725656], [76.10171507676039, 11.48205472384245], [76.10256894659611, 11.48200858797124], [76.1029500000004, 11.48199000000026], [76.10364999999909, 11.48184000000037], [76.1042099999995, 11.48171], [76.10440000000021, 11.48200999999969], [76.10485999999946, 11.4824700000008], [76.10542999999964, 11.48283000000084], [76.10613999999985, 11.48283000000084], [76.10652999999908, 11.48283000000084], [76.10692000000017, 11.48283000000084], [76.1073099999994, 11.48283000000084], [76.10762000000072, 11.4830399999992], [76.10772999999969, 11.48339999999915], [76.10805000000077, 11.48378000000048], [76.10901000000008, 11.48400000000039], [76.10946999999942, 11.48402999999958], [76.10986000000051, 11.48428000000055], [76.11042000000093, 11.48488000000001], [76.11042000000093, 11.48547999999939], [76.11119999999939, 11.4868999999999], [76.11119999999939, 11.48789000000037], [76.11140999999954, 11.48841999999964], [76.11209000000055, 11.48896000000062], [76.11268999999993, 11.48938000000091], [76.11290000000007, 11.48991000000026], [76.11311000000022, 11.49041000000033], [76.11347000000025, 11.49100999999971], [76.11434999999987, 11.49167999999919], [76.11506000000008, 11.49224999999936], [76.1157700000003, 11.49252999999953], [76.11683000000087, 11.49252999999953], [76.1173999999992, 11.49252999999953], [76.11789999999925, 11.49250000000033], [76.1185999999998, 11.49250000000033], [76.11906000000091, 11.49252999999953], [76.11938999999988, 11.49259999999955], [76.1194599999999, 11.49255000000083], [76.12062999999945, 11.49210999999924], [76.12225000000035, 11.49205000000076], [76.12288000000079, 11.49224999999936], [76.12376000000042, 11.49265000000013], [76.12456999999993, 11.49342000000069], [76.12514000000012, 11.49393000000052], [76.1255399999991, 11.4945000000007], [76.12610999999927, 11.49496999999971], [76.12674999999948, 11.49531000000022], [76.12749000000075, 11.49551000000069], [76.12812999999917, 11.49568000000001], [76.12882999999962, 11.49574000000027], [76.12944000000063, 11.49574000000027], [76.1301100000001, 11.49574000000027], [76.13091999999962, 11.49560999999991], [76.13109000000081, 11.4951400000009], [76.13089000000033, 11.49457000000072], [76.12981000000033, 11.4938600000005], [76.12974000000031, 11.49381999999968], [76.12963999999923, 11.49301999999992], [76.12886000000069, 11.49237999999964], [76.12749000000075, 11.49209999999948], [76.1262999999999, 11.49158999999965], [76.12514000000012, 11.49149000000034], [76.12414999999964, 11.49059999999918], [76.1235199999992, 11.49021999999971], [76.1235199999992, 11.49015999999937], [76.1233200000006, 11.48976000000038], [76.12284999999973, 11.48921999999948], [76.12234999999966, 11.4889199999998], [76.12154000000014, 11.48847999999998], [76.12073000000053, 11.48783999999979], [76.12046000000014, 11.48752000000058], [76.12026999999942, 11.48748999999952], [76.11952999999993, 11.48705999999946], [76.11928000000081, 11.48660000000022], [76.11923999999999, 11.48614000000088], [76.11923999999999, 11.48584999999909], [76.11931000000001, 11.48586000000072], [76.12016000000035, 11.48607000000086], [76.12155999999958, 11.48593000000074], [76.12217000000058, 11.48607000000086], [76.12284999999973, 11.48624000000019], [76.12400999999952, 11.48668], [76.1247000000003, 11.48684999999932], [76.12581999999927, 11.48709000000053], [76.12673999999971, 11.48711999999981], [76.1275299999998, 11.48718999999983], [76.12828000000083, 11.48718999999983], [76.12898999999928, 11.48716000000054], [76.12918999999965, 11.4870499999997], [76.1293000000005, 11.48698999999945], [76.12932999999978, 11.48672000000082], [76.12923000000048, 11.48619999999936], [76.12916000000037, 11.48619999999936], [76.12838000000013, 11.48614000000088], [76.1268400000008, 11.48607000000086], [76.12557999999993, 11.48603000000004], [76.12463000000028, 11.48580000000037], [76.12398000000032, 11.48542000000091], [76.12303000000068, 11.48538999999984], [76.1218499999995, 11.48525999999948], [76.12183999999982, 11.48511999999935], [76.12131000000048, 11.48436000000042], [76.12077999999926, 11.4843199999996], [76.12027999999918, 11.48394000000004], [76.11989999999972, 11.48356000000057], [76.11940999999932, 11.48322000000007], [76.11880000000018, 11.48317999999924], [76.11827000000083, 11.4828400000006], [76.1177399999997, 11.4822000000004], [76.11716999999952, 11.48140000000056], [76.11691000000066, 11.48041000000009], [76.11698000000068, 11.47976999999989], [76.1170999999995, 11.47927999999959], [76.1177399999997, 11.47924000000054], [76.1183500000006, 11.4799600000006], [76.11899000000089, 11.48083000000038], [76.11979000000065, 11.48140000000056], [76.1199799999995, 11.4820799999998], [76.12082000000008, 11.48212000000053], [76.12195000000067, 11.48242999999998], [76.12317000000071, 11.48242999999998], [76.12399999999975, 11.48245999999927], [76.1254100000006, 11.48279999999978], [76.12655000000086, 11.48279999999978], [76.1276500000004, 11.48269000000071], [76.12824999999977, 11.48223999999936], [76.12881999999995, 11.4820799999998], [76.12881999999995, 11.48155000000044], [76.12807000000069, 11.48128999999972], [76.12723000000003, 11.48128999999972], [76.12593999999987, 11.48113000000015], [76.12487999999938, 11.48086999999943], [76.12392999999973, 11.48056999999974], [76.12293999999928, 11.48056999999974], [76.12146000000027, 11.48029999999925], [76.12024999999998, 11.47988000000074], [76.11917999999964, 11.47969000000011], [76.11830999999988, 11.47892999999931], [76.11823000000001, 11.47825000000007], [76.11830999999988, 11.47795000000039], [76.11930000000025, 11.47767999999998], [76.12027999999918, 11.47745000000032], [76.1212300000007, 11.47718999999959], [76.12198999999963, 11.47723000000041], [76.12255999999981, 11.47718999999959], [76.12358999999923, 11.47646999999961], [76.12419000000047, 11.47609000000014], [76.12422999999943, 11.47556000000079], [76.12446000000087, 11.47494999999979], [76.1250700000001, 11.47472000000012], [76.12566999999946, 11.47460999999928], [76.12643000000027, 11.47460999999928], [76.12695999999961, 11.47487000000001], [76.1273799999999, 11.47537000000008], [76.12742000000073, 11.47589999999943], [76.12768999999936, 11.47643000000065], [76.12814000000071, 11.47688000000014], [76.12852000000018, 11.47725999999969], [76.12912999999931, 11.47782999999978], [76.1301100000001, 11.47782999999978], [76.13056999999935, 11.47782999999978], [76.13103000000046, 11.47795000000039], [76.13182000000054, 11.47795000000039], [76.13254000000052, 11.47779000000082], [76.1329600000008, 11.47741999999925], [76.13334000000027, 11.47741999999925], [76.13401999999952, 11.47741999999925], [76.13520000000061, 11.47741999999925], [76.13603999999941, 11.47741999999925], [76.13679000000045, 11.47741999999925], [76.1372900000006, 11.47741999999925], [76.13789999999975, 11.47741999999925], [76.13873000000056, 11.47730000000043], [76.13925999999992, 11.4773800000003], [76.14002000000072, 11.4773800000003], [76.14077999999974, 11.47741999999925], [76.14169000000042, 11.47741999999925], [76.1425600000002, 11.47716000000039], [76.14278999999986, 11.47693000000072], [76.14306000000036, 11.4768899999999], [76.14316999999933, 11.47639999999959], [76.14316999999933, 11.47564000000057], [76.14283000000069, 11.47515000000017], [76.14196000000082, 11.47430999999959], [76.14139000000065, 11.47407999999992], [76.14082000000056, 11.47386000000002], [76.14002000000072, 11.47386000000002], [76.14000999999918, 11.47386000000002], [76.14025000000038, 11.47344999999949], [76.14035999999945, 11.47223999999912], [76.14035999999945, 11.4711800000005], [76.13983000000009, 11.46991999999954], [76.13876999999961, 11.46912999999945], [76.13781999999996, 11.46904999999967], [76.13687000000023, 11.46889999999988], [76.1363399999991, 11.46889999999988], [76.13577000000079, 11.46889999999988], [76.13515999999979, 11.46901000000072], [76.13436999999979, 11.46904999999967], [76.1331100000007, 11.4690900000005], [76.13162999999983, 11.4690900000005], [76.13046000000028, 11.4690900000005], [76.12936000000084, 11.4690900000005], [76.12855999999923, 11.4690900000005], [76.12795000000008, 11.4690900000005], [76.12708000000022, 11.46896999999989], [76.12661999999911, 11.46904999999967], [76.12636000000025, 11.46912999999945], [76.12589999999913, 11.46946999999996], [76.1254100000006, 11.46976999999974], [76.12502999999927, 11.47045000000067], [76.12469000000054, 11.47105999999989], [76.12432000000084, 11.47086999999918], [76.12396000000079, 11.47054000000021], [76.12400999999952, 11.47018000000027], [76.12404904296393, 11.46943330330415], [76.12409015554697, 11.46868265427366], [76.12409210803126, 11.46864700507993], [76.12409210803126, 11.46833991132968], [76.12423918245547, 11.46777657067378], [76.12430251762741, 11.46753397732366], [76.12441254553154, 11.46711253632849], [76.12451967599337, 11.46694139262928], [76.1247940142819, 11.46650313007796], [76.12596525664277, 11.4653552566437], [76.12628000000038, 11.46566999999961], [76.1273099999999, 11.46636000000039], [76.12787999999998, 11.46688999999966], [76.12847999999944, 11.46730000000027], [76.1296199999997, 11.46790999999941], [76.12999999999917, 11.46798999999919], [76.13080000000079, 11.46803000000001], [76.13232000000062, 11.46810000000003], [76.13327000000027, 11.46810000000003], [76.13433000000074, 11.46810000000003], [76.13508999999976, 11.46805999999921], [76.13558000000008, 11.46798999999919], [76.13630000000015, 11.46775999999952], [76.13679000000045, 11.46775999999952], [76.13717000000001, 11.46760999999972], [76.1377400000001, 11.46752999999985], [76.13793000000081, 11.46715000000039], [76.13796999999977, 11.46661999999925], [76.13744000000041, 11.4662399999997], [76.13657000000055, 11.46616999999968], [76.13595999999963, 11.46556000000055], [76.13550000000029, 11.46476000000079], [76.13530999999968, 11.46395999999917], [76.1353500000005, 11.46327999999992], [76.13538999999946, 11.46267000000079], [76.13623000000004, 11.46218000000048], [76.13687000000023, 11.46226000000026], [76.13781999999996, 11.46248000000017], [76.13865000000078, 11.4628699999994], [76.13938000000051, 11.46351999999935], [76.13968000000021, 11.4641200000005], [76.13978999999927, 11.46480999999951], [76.1399799999999, 11.46557000000031], [76.14035999999945, 11.46658999999997], [76.14062999999985, 11.46750000000066], [76.14149999999971, 11.46833999999946], [76.14340000000087, 11.46954999999983], [76.14420000000062, 11.47014999999921], [76.14438999999948, 11.4705699999995], [76.14507000000049, 11.47102000000085], [76.14556000000088, 11.47140000000031], [76.14594000000035, 11.4716700000008], [76.1463999999996, 11.47182000000069], [76.14684999999918, 11.47182000000069], [76.1471600000004, 11.47136999999925], [76.14718999999968, 11.47086999999918], [76.1472300000005, 11.47030000000087], [76.14773000000058, 11.46961999999985], [76.14803000000026, 11.46958000000089], [76.14811000000013, 11.47026000000005], [76.14811000000013, 11.47091000000001], [76.14803000000026, 11.47140000000031], [76.14803000000026, 11.47205000000027], [76.14803000000026, 11.47262000000045], [76.14811000000013, 11.47319000000063], [76.14821999999911, 11.4736400000002], [76.1488300000001, 11.47406000000049], [76.1491299999998, 11.47414000000027], [76.14984999999977, 11.47416999999947], [76.15007999999943, 11.47432999999912], [76.15046000000078, 11.47463000000058], [76.1509499999993, 11.47471000000045], [76.15144999999937, 11.47473999999964], [76.15198000000059, 11.47471000000045], [76.15228000000027, 11.47463000000058], [76.15243000000008, 11.47432999999912], [76.15285000000037, 11.4737600000008], [76.15357000000043, 11.47367999999916], [76.15399000000072, 11.47436000000018], [76.15414000000052, 11.47508000000015], [76.1539499999999, 11.47592000000073], [76.15380000000002, 11.47633999999925], [76.15367999999941, 11.47705999999922], [76.15384000000084, 11.47782000000002], [76.15424999999959, 11.47819999999958], [76.15486000000058, 11.47831000000042], [76.15566000000034, 11.47831000000042], [76.15626999999948, 11.47831000000042], [76.15690999999967, 11.47831000000042], [76.15744000000089, 11.4781199999998], [76.15755999999963, 11.47729000000075], [76.1575900000007, 11.47648999999913], [76.1575900000007, 11.47580999999989], [76.1575900000007, 11.47515999999993], [76.15767000000048, 11.47451999999974], [76.15812999999982, 11.47443999999996], [76.15869999999998, 11.47443999999996], [76.1592600000004, 11.47463000000058], [76.15986999999954, 11.47508000000015], [76.16055000000055, 11.47515999999993], [76.1610099999998, 11.47523999999971], [76.16210999999933, 11.47501000000013], [76.16297999999911, 11.47501000000013], [76.16347999999927, 11.47488999999953], [76.16404999999945, 11.47443999999996], [76.16431999999985, 11.47390000000084], [76.16483999999944, 11.47451999999974], [76.1653600000009, 11.47549000000068], [76.16546999999987, 11.47680000000036], [76.16532999999984, 11.47687000000038], [76.16562999999952, 11.47714000000087], [76.16590999999968, 11.47729000000075], [76.16597999999979, 11.47769999999942], [76.16597999999979, 11.47804999999969], [76.16594000000075, 11.47830000000066], [76.16566000000059, 11.47835999999914], [76.16513999999913, 11.47835999999914], [76.16482999999968, 11.47835999999914], [76.16445000000022, 11.47832999999994], [76.16419999999924, 11.47823000000064], [76.16360999999964, 11.47823000000064], [76.16304999999922, 11.47823000000064], [76.16259999999964, 11.47846999999998], [76.16222000000018, 11.47877999999943], [76.16176000000084, 11.47933999999984], [76.16123999999947, 11.47983000000024], [76.1606900000006, 11.47983000000024], [76.15954000000056, 11.48020999999971], [76.15862999999987, 11.48025000000053], [76.15773000000083, 11.48044999999914], [76.15719999999969, 11.48048999999996], [76.15658000000079, 11.48048999999996], [76.15557000000081, 11.48031000000079], [76.15487000000026, 11.48031000000079], [76.15402999999968, 11.48031000000079], [76.15308999999979, 11.48020999999971], [76.15257000000021, 11.47992999999954], [76.15219000000074, 11.47978999999942], [76.1517399999993, 11.47978999999942], [76.15139000000089, 11.47990000000026], [76.15121000000003, 11.48031000000079], [76.15121999999971, 11.48100999999955], [76.15130999999924, 11.48156999999988], [76.15215999999968, 11.48262000000069], [76.15267999999926, 11.4828199999993], [76.15375999999928, 11.4832100000003], [76.15560000000009, 11.48420000000077], [76.15632999999983, 11.48521000000076], [76.15665000000081, 11.48608000000062], [76.15665000000081, 11.4870499999997], [76.15665000000081, 11.48784999999955], [76.15660999999999, 11.48852000000081], [76.15630000000054, 11.48899999999958], [76.15538999999994, 11.49020000000019], [76.15536000000066, 11.49026000000045], [76.1515899999995, 11.49059999999918], [76.15015999999922, 11.49083000000062], [76.14839000000029, 11.49105000000053], [76.1469199999992, 11.49097000000075], [76.14595000000011, 11.49092999999993], [76.14416999999956, 11.49087999999934], [76.14228000000004, 11.49048000000035], [76.14103000000071, 11.49003000000087], [76.13856999999913, 11.48899999999958], [76.13673999999996, 11.48813999999947], [76.13624999999956, 11.48784999999955], [76.13613000000082, 11.48726999999961], [76.13551999999981, 11.48662999999941], [76.13505000000082, 11.48656999999916], [76.1345199999996, 11.48656999999916], [76.13421000000014, 11.48676999999954], [76.1338799999994, 11.48720999999935], [76.13336999999956, 11.48758000000092], [76.13270000000009, 11.48807999999913], [76.13172999999914, 11.48811000000019], [76.1307500000003, 11.48811000000019], [76.12994000000069, 11.48831000000066], [76.12862999999923, 11.4882799999996], [76.12768999999936, 11.48855], [76.12773000000018, 11.48939000000067], [76.12839999999957, 11.49006000000006], [76.12910000000011, 11.49049999999987], [76.12963999999923, 11.4907399999993], [76.13027999999943, 11.49084000000038], [76.13112000000001, 11.49107000000005], [76.13146000000052, 11.49107000000005], [76.13235999999958, 11.49099999999994], [76.13283000000045, 11.49090000000073], [76.1336800000008, 11.49063000000024], [76.13462000000077, 11.49059999999918], [76.13575999999925, 11.49036999999951], [76.13632999999933, 11.49036999999951], [76.13733999999933, 11.49047000000068], [76.13801000000059, 11.4906699999992], [76.13827999999921, 11.49104000000077], [76.13825000000001, 11.49147000000082], [76.1378100000002, 11.49187999999957], [76.13733999999933, 11.49224999999936], [76.13733999999933, 11.49274999999943], [76.1381799999999, 11.49325999999927], [76.1383800000003, 11.49338999999963], [76.1392199999991, 11.49382999999944], [76.13961999999995, 11.49416000000019], [76.13968999999997, 11.49457000000072], [76.14003000000048, 11.49489999999969], [76.1402999999991, 11.49503999999982], [76.14072999999915, 11.49531000000022], [76.14147000000052, 11.49558000000071], [76.14187999999918, 11.49570999999921], [76.14255000000053, 11.49601000000076], [76.14281999999915, 11.49638000000047], [76.14281999999915, 11.4967199999992], [76.14281999999915, 11.49719000000007], [76.1427800000001, 11.49810000000067], [76.14271999999985, 11.49827000000008], [76.14262000000055, 11.49853000000072], [76.14234000000029, 11.49868000000061], [76.14173999999915, 11.49899999999982], [76.14084, 11.49899999999982], [76.1399299999994, 11.49893999999947], [76.13911999999979, 11.49886999999945], [76.13847999999959, 11.49867000000085], [76.1377400000001, 11.49856999999977], [76.13740999999935, 11.49853000000072], [76.13703999999964, 11.49842999999964], [76.13652999999981, 11.49829999999928], [76.13593000000034, 11.49829999999928], [76.13572999999997, 11.49829999999928], [76.13494999999965, 11.49788000000076], [76.13371000000008, 11.49748], [76.13297000000057, 11.49755000000002], [76.13246000000075, 11.49771999999943], [76.13196000000059, 11.4978499999997], [76.13169000000018, 11.49835999999962], [76.13169000000018, 11.4992000000002], [76.13220000000001, 11.4999399999997], [76.13290000000056, 11.50030999999941], [76.13364000000006, 11.50043999999977], [76.13444999999957, 11.50043999999977], [76.13501999999976, 11.50047000000083], [76.13575999999925, 11.50050999999988], [76.13650000000052, 11.50078000000028], [76.1370999999999, 11.50103999999923], [76.13767999999983, 11.50106000000053], [76.13865000000078, 11.50125999999905], [76.13915000000085, 11.50145999999952], [76.13935999999921, 11.5015600000006], [76.14053000000055, 11.50225999999928], [76.14079999999926, 11.50271000000063], [76.14076000000021, 11.5035599999992], [76.14082000000056, 11.5045399999999], [76.14034999999969, 11.50489000000017], [76.13925000000016, 11.50482999999983], [76.1386700000003, 11.50448999999932], [76.13832000000004, 11.50395999999996], [76.1378600000007, 11.50315000000044], [76.13726999999922, 11.50268999999933], [76.13623000000004, 11.50204999999914], [76.13606000000071, 11.50204999999914], [76.13606000000071, 11.50238999999964], [76.1363600000004, 11.50282999999946], [76.13650000000052, 11.50325999999951], [76.13649000000076, 11.50331999999977], [76.13663000000089, 11.50359000000026], [76.13602999999965, 11.50403000000007], [76.13488999999939, 11.50430000000047], [76.13371000000008, 11.50455999999942], [76.13290000000056, 11.50482999999983], [76.13256999999972, 11.50524000000044], [76.13304000000059, 11.50618000000033], [76.13384000000043, 11.50671999999944], [76.13499000000047, 11.50655000000003], [76.13586000000033, 11.5066800000004], [76.13663000000089, 11.50701999999913], [76.13669999999914, 11.50749], [76.13639999999944, 11.50789000000077], [76.13579000000031, 11.50822999999941], [76.13512000000082, 11.50852999999919], [76.13428000000025, 11.50872999999957], [76.13343999999958, 11.50872999999957], [76.13287999999916, 11.50871000000005], [76.13263000000006, 11.50870000000029], [76.1318599999995, 11.50829999999952], [76.13119000000002, 11.50782000000075], [76.13071999999924, 11.50746000000072], [76.13054999999983, 11.50734999999988], [76.13027999999943, 11.50719000000023], [76.12960999999994, 11.50698000000008], [76.12900000000081, 11.50682000000052], [76.12884999999915, 11.50667000000063], [76.12860000000005, 11.50640999999999], [76.12839999999957, 11.50617000000056], [76.1279900000009, 11.50607999999916], [76.12742000000073, 11.50581000000053], [76.12687999999984, 11.50563999999943], [76.12644999999979, 11.50563999999943], [76.1259800000007, 11.50563999999943], [76.12543000000004, 11.50562999999967], [76.12512000000059, 11.50588000000064], [76.12523999999941, 11.5066800000004], [76.1255399999991, 11.5080300000009], [76.1257800000003, 11.50879999999959], [76.12628000000038, 11.50957000000015], [76.12646999999922, 11.50971000000028], [76.1265199999998, 11.50996999999914], [76.12711999999918, 11.51074999999946], [76.12724999999955, 11.51145000000001], [76.12724999999955, 11.5120900000002], [76.12672000000019, 11.51280000000042], [76.12661999999911, 11.51351000000072], [76.12658000000006, 11.5138399999996], [76.12678000000054, 11.51477999999948], [76.12759000000005, 11.51538000000072], [76.12825999999953, 11.51538000000072], [76.12933999999954, 11.51532000000047], [76.13018000000012, 11.51511999999999], [76.13165999999912, 11.51492999999937], [76.13327000000027, 11.5150699999995], [76.13411000000085, 11.51526999999988], [76.13474999999926, 11.51554000000028], [76.13536000000026, 11.51591000000008], [76.13565999999994, 11.51657999999956], [76.13565999999994, 11.51712000000045], [76.13508999999976, 11.51725000000082], [76.13411000000085, 11.51725000000082], [76.13306999999988, 11.51707999999963], [76.1321000000007, 11.51694999999926], [76.13155999999982, 11.51670999999983], [76.13084999999951, 11.51661000000062], [76.12981000000033, 11.51661000000062], [76.12913999999907, 11.51661000000062], [76.12830000000027, 11.51661000000062], [76.12766000000008, 11.51664999999958], [76.12699000000067, 11.51668000000064], [76.12635000000049, 11.51668000000064], [76.12529999999967, 11.51641000000015], [76.12463000000028, 11.51576999999995], [76.12399000000008, 11.51499999999939], [76.12350999999944, 11.5142300000007], [76.12311000000045, 11.51375000000006], [76.12284999999973, 11.5137400000003], [76.12267000000064, 11.51376999999958], [76.12250999999922, 11.51424000000046], [76.12219999999976, 11.51451000000086], [76.12183000000006, 11.51526999999988], [76.12189000000032, 11.51538000000072], [76.12212999999976, 11.51619000000024], [76.12259000000087, 11.51687999999925], [76.12284999999973, 11.51708999999939], [76.1229500000009, 11.51776000000065], [76.12325000000058, 11.51850000000015], [76.12341999999991, 11.51886999999985], [76.12385999999972, 11.51951000000005], [76.1247000000003, 11.52024999999955], [76.12557000000017, 11.52054999999923], [76.12661999999911, 11.52074999999971], [76.12802999999987, 11.52085000000079], [76.12882999999962, 11.52047999999922], [76.12917000000013, 11.51980999999973], [76.12963999999923, 11.51927000000071], [76.13040999999978, 11.51910999999928], [76.1312199999993, 11.51916999999954], [76.1320300000007, 11.51896999999916], [76.13290000000056, 11.51877000000055], [76.13347000000064, 11.51852999999934], [76.13393999999974, 11.51847000000086], [76.13455000000066, 11.51843000000004], [76.13469000000077, 11.5183199999992], [76.13499000000047, 11.51862000000075], [76.13513000000059, 11.51857000000017], [76.13581999999951, 11.51869000000077], [76.13581999999951, 11.51886999999985], [76.13600000000045, 11.51932999999919], [76.13600000000045, 11.51967999999946], [76.13610999999943, 11.52049000000075], [76.13674999999962, 11.52112999999917], [76.13751000000052, 11.52160000000005], [76.1383800000003, 11.52223000000048], [76.13912999999955, 11.52263999999923], [76.14005999999976, 11.5231600000006], [76.14121999999955, 11.52345000000062], [76.14144999999912, 11.52438000000074], [76.14127999999981, 11.52484999999975], [76.14113999999968, 11.52488000000081], [76.14104000000047, 11.5252799999998], [76.14104000000047, 11.52607999999964], [76.14117000000074, 11.52713000000037], [76.14131000000087, 11.52786999999987], [76.14147000000052, 11.52839999999922], [76.14120000000003, 11.52853999999935], [76.14072999999915, 11.52910999999953], [76.14026000000014, 11.52958000000031], [76.1397300000008, 11.53008000000047], [76.13902000000049, 11.53035000000087], [76.13858000000076, 11.53041999999911], [76.13794000000057, 11.53041999999911], [76.13731000000004, 11.53015000000049], [76.13666999999985, 11.52992000000082], [76.13609999999976, 11.52992000000082], [76.13561999999912, 11.52992000000082], [76.13515000000002, 11.53011999999943], [76.13444999999957, 11.53048999999922], [76.1338799999994, 11.53048999999922], [76.13364000000006, 11.5299500000001], [76.13424999999918, 11.5292399999998], [76.13529000000015, 11.52880999999975], [76.13561999999912, 11.52877000000079], [76.13565999999994, 11.52834000000074], [76.13602999999965, 11.52770000000054], [76.13676999999915, 11.52756000000042], [76.13744000000041, 11.52802999999952], [76.13777999999914, 11.52857000000041], [76.13825000000001, 11.52891000000092], [76.13889000000022, 11.52891000000092], [76.13902000000049, 11.52860999999937], [76.13952000000064, 11.52807000000034], [76.13968999999997, 11.52807000000034], [76.13985999999929, 11.52765999999972], [76.1401000000005, 11.52708999999954], [76.1401000000005, 11.52665999999949], [76.13998999999966, 11.52619000000048], [76.13961999999995, 11.52520999999978], [76.13938000000051, 11.52501999999916], [76.1392899999992, 11.52493999999929], [76.13882000000011, 11.52443999999922], [76.13825000000001, 11.52376999999983], [76.13767999999983, 11.52333000000001], [76.13689999999951, 11.52309000000058], [76.13630000000015, 11.52309000000058], [76.1361199999992, 11.52305999999952], [76.13577000000079, 11.52282000000009], [76.13529999999992, 11.52269999999949], [76.13517999999931, 11.52269999999949], [76.13455000000066, 11.52223000000048], [76.13391000000045, 11.52209000000036], [76.13336999999956, 11.52209000000036], [76.13290000000056, 11.52239000000004], [76.13283000000045, 11.52303000000033], [76.13283000000045, 11.52344000000086], [76.13277000000019, 11.52383999999985], [76.13265999999935, 11.52410000000057], [76.13260000000078, 11.52424000000061], [76.13248999999993, 11.52425000000037], [76.1321000000007, 11.52427999999966], [76.1314899999998, 11.52427999999966], [76.13095000000068, 11.52400999999917], [76.13034999999944, 11.52354000000016], [76.12970999999925, 11.52347000000005], [76.12933999999954, 11.52347000000005], [76.12896999999975, 11.52383999999985], [76.12843000000063, 11.52420999999955], [76.12761999999934, 11.52450999999924], [76.12711999999918, 11.52470999999971], [76.12665000000017, 11.52501999999916], [76.12621000000036, 11.5252799999998], [76.12580999999959, 11.5252799999998], [76.12527000000047, 11.5252500000006], [76.12483000000066, 11.52564999999959], [76.12483000000066, 11.5262600000005], [76.12486999999962, 11.52683000000068], [76.12529999999967, 11.52764000000029], [76.12644999999979, 11.52807000000034], [76.12711999999918, 11.52851000000006], [76.12761999999934, 11.52891000000092], [76.12780999999995, 11.52901999999998], [76.12816000000024, 11.52988999999976], [76.12857000000076, 11.53093000000081]]], [[[76.11665999999968, 11.51029999999989], [76.11784000000078, 11.5111300000008], [76.11823000000001, 11.51153999999955], [76.11853999999946, 11.51163000000087], [76.11872000000041, 11.51185000000077], [76.11931999999977, 11.51279000000065], [76.11942000000094, 11.51316000000045], [76.11982999999961, 11.51339000000003], [76.12069999999947, 11.51346000000014], [76.1219400000009, 11.51322000000071], [76.1226800000004, 11.5129500000003], [76.12288000000079, 11.51178000000075], [76.12312000000021, 11.51123999999977], [76.12314999999941, 11.51032999999917], [76.12319000000024, 11.50938999999929], [76.12319000000024, 11.50811000000068], [76.12245000000074, 11.50761000000061], [76.12137000000072, 11.50731000000083], [76.12050000000086, 11.50731000000083], [76.11975999999959, 11.50697000000032], [76.11931999999977, 11.50590000000007], [76.11895000000007, 11.50491999999937], [76.1183500000006, 11.50468999999979], [76.11716999999952, 11.50410999999985], [76.11652999999933, 11.50410999999985], [76.11599000000021, 11.50427999999917], [76.11549000000014, 11.50475000000005], [76.11508999999937, 11.50539000000024], [76.11448000000014, 11.50576000000004], [76.11404000000043, 11.50576000000004], [76.11310000000046, 11.50562999999967], [76.11216000000057, 11.50535999999918], [76.11146000000012, 11.50521999999905], [76.1111199999996, 11.50521999999905], [76.1106500000005, 11.50521999999905], [76.1104099999993, 11.50532000000022], [76.11017999999963, 11.50562999999967], [76.11017999999963, 11.50626999999987], [76.11017999999963, 11.50684000000004], [76.11024999999974, 11.50761000000061], [76.11031, 11.50771999999958], [76.10995999999982, 11.50796000000079], [76.10975999999934, 11.50818000000069], [76.10975999999934, 11.50905000000056], [76.1099400000003, 11.50992000000042], [76.11045999999989, 11.51015999999985], [76.11103000000007, 11.51016999999952], [76.11161999999968, 11.50984000000064], [76.11225999999988, 11.50950000000013], [76.11318999999999, 11.50937999999953], [76.11422999999927, 11.50943999999979], [76.11505000000032, 11.50966999999945], [76.11585999999984, 11.5097299999998], [76.1166099999991, 11.51007999999998], [76.11665999999968, 11.51029999999989]]], [[[76.12292999999951, 11.50424999999998], [76.12427000000025, 11.50465000000074], [76.12531999999919, 11.50465000000074], [76.12644000000003, 11.50431000000023], [76.12632999999919, 11.50376999999934], [76.12562000000075, 11.50302999999984], [76.12501999999951, 11.50278000000074], [76.12423999999919, 11.50264000000061], [76.12320999999976, 11.50236000000045], [76.12214999999928, 11.50189999999934], [76.12151000000085, 11.50181999999947], [76.12052000000038, 11.50129000000011], [76.11955999999921, 11.50105000000077], [76.11923999999999, 11.50089999999911], [76.11870000000089, 11.50092000000041], [76.11815000000023, 11.50092000000041], [76.11762000000087, 11.50115999999984], [76.11707000000021, 11.50136000000022], [76.11645999999931, 11.50159999999956], [76.11565999999947, 11.50159999999956], [76.11506999999985, 11.50159999999956], [76.11484999999995, 11.50161999999908], [76.11475000000064, 11.50188999999957], [76.11477999999993, 11.50192000000064], [76.11480999999912, 11.50244999999999], [76.11565999999947, 11.50297999999926], [76.11622999999963, 11.50316000000021], [76.11729000000012, 11.50323000000022], [76.11998999999926, 11.50326999999927], [76.1212300000007, 11.50326999999927], [76.12199999999939, 11.50373000000038], [76.12275000000042, 11.50408000000065], [76.12292999999951, 11.50424999999998]]], [[[76.1372900000006, 11.4837000000007], [76.13726999999922, 11.48404999999911], [76.13725999999954, 11.4843400000009], [76.13765000000055, 11.4846899999993], [76.13875000000009, 11.48504999999933], [76.13949999999934, 11.48522000000052], [76.14019000000003, 11.48552000000021], [76.1405699999996, 11.48568999999953], [76.14114999999944, 11.48571000000083], [76.14203000000084, 11.48588000000015], [76.14249999999994, 11.48602000000028], [76.14280999999939, 11.48639999999975], [76.14285999999989, 11.48665000000071], [76.14285999999989, 11.48684999999932], [76.14292000000023, 11.48709000000053], [76.14300000000001, 11.48718000000007], [76.14347000000089, 11.48742999999926], [76.14398000000072, 11.48746000000032], [76.14452999999959, 11.48737000000078], [76.14494999999988, 11.48723000000065], [76.14546999999948, 11.48719999999959], [76.14588999999977, 11.48705999999946], [76.14658000000055, 11.48703000000027], [76.14724000000027, 11.48703000000027], [76.14780000000069, 11.48703000000027], [76.1494700000003, 11.48730000000067], [76.1504800000002, 11.48733999999972], [76.15177000000035, 11.48740999999974], [76.15313000000062, 11.48716000000054], [76.15365000000021, 11.48691999999934], [76.15368999999917, 11.48646999999985], [76.1535500000009, 11.48597999999946], [76.15329999999994, 11.48555999999917], [76.15257000000021, 11.48538999999984], [76.15163000000032, 11.48538999999984], [76.15083000000048, 11.48531999999974], [76.14943999999925, 11.48531999999974], [76.1486399999994, 11.48538999999984], [76.14847000000007, 11.48539999999961], [76.14725000000003, 11.48568999999953], [76.14619999999921, 11.48568999999953], [76.14547999999924, 11.48571000000083], [76.14473999999974, 11.48590999999944], [76.14435000000051, 11.48590999999944], [76.1439399999999, 11.48590999999944], [76.14328000000026, 11.48590999999944], [76.14230999999923, 11.48574000000012], [76.14136999999936, 11.48540999999928], [76.14052000000088, 11.48504999999933], [76.13971999999926, 11.4845600000008], [76.1389199999994, 11.48414000000051], [76.1380599999993, 11.48339999999915], [76.1378100000002, 11.48334000000067], [76.1372900000006, 11.4837000000007]]]]}}, {"type": "Feature", "properties": {"id": 197, "zone": "Medium Hazard Zone", "FID": "197", "ZONE_": "Medium Hazard Zone", "SHAPE_Leng": "0.065592", "SHAPE_Area": "0.000056", "aarea": "0.683897"}, "geometry": {"type": "Polygon", "coordinates": [[76.27232999999978, 11.63344999999938], [76.27273000000055, 11.63466999999943], [76.27188000000021, 11.63523999999961], [76.27108000000045, 11.63535000000045], [76.26896999999916, 11.6343799999995], [76.26640000000047, 11.6320400000004], [76.26554000000037, 11.63039000000022], [76.26399999999926, 11.62930000000054], [76.26324999999999, 11.62896000000003], [76.26262999999923, 11.62804999999934], [76.26153999999954, 11.62650000000032], [76.26034000000071, 11.62319000000028], [76.25873999999934, 11.62182000000025], [76.25816999999915, 11.6210200000005], [76.25749, 11.62039000000006], [76.25674000000075, 11.61998999999921], [76.25617000000057, 11.61947999999938], [76.25560000000038, 11.61851000000021], [76.25583000000006, 11.61758999999985], [76.25583000000006, 11.61667999999916], [76.25560000000038, 11.61611000000085], [76.25503999999997, 11.61563999999998], [76.25426999999941, 11.61492], [76.25345999999989, 11.6143300000003], [76.25246999999942, 11.61375000000045], [76.25207000000043, 11.61306999999943], [76.2522000000008, 11.61256999999936], [76.2540499999996, 11.61247999999982], [76.25509000000055, 11.6129299999993], [76.25581000000054, 11.61369999999986], [76.2565599999998, 11.61486999999942], [76.2565300000006, 11.61541000000031], [76.2565300000006, 11.61613000000037], [76.25679999999922, 11.61685000000035], [76.25734000000011, 11.61729999999992], [76.25792000000006, 11.61779999999999], [76.25833000000058, 11.61834000000089], [76.25842000000013, 11.61893000000059], [76.25842000000013, 11.61910999999967], [76.25872999999957, 11.61938000000007], [76.25905000000056, 11.61968999999952], [76.25944999999955, 11.62014000000087], [76.25991000000066, 11.62063999999916], [76.26058000000015, 11.62109000000052], [76.2613500000007, 11.62176], [76.26188999999972, 11.62230000000089], [76.26224999999977, 11.62284000000001], [76.26210999999964, 11.6233800000009], [76.26216000000022, 11.62423999999922], [76.26274000000016, 11.62545999999927], [76.26377999999934, 11.6263600000002], [76.2643599999992, 11.62702999999968], [76.2650900000008, 11.62766000000011], [76.26557999999933, 11.62838000000009], [76.26593999999936, 11.6286999999993], [76.26665999999933, 11.62941999999927], [76.26751999999944, 11.63023000000066], [76.26886999999985, 11.63126999999984], [76.26972000000019, 11.63198999999982], [76.27075999999947, 11.6326599999993], [76.27157000000076, 11.63306999999983], [76.27232999999978, 11.63344999999938]]}}, {"type": "Feature", "properties": {"id": 198, "zone": "Medium Hazard Zone", "FID": "198", "ZONE_": "Medium Hazard Zone", "SHAPE_Leng": "0.139577", "SHAPE_Area": "0.000125", "aarea": "1.535327"}, "geometry": {"type": "Polygon", "coordinates": [[76.23632999999973, 11.62177999999952], [76.23575999999954, 11.62133999999971], [76.23502000000005, 11.62053999999986], [76.23399000000063, 11.61871000000068], [76.23301999999968, 11.61687999999955], [76.23307000000027, 11.61677000000057], [76.2330399999992, 11.61676000000081], [76.23255000000067, 11.61662000000068], [76.23205000000051, 11.61662000000068], [76.23199000000025, 11.61685000000035], [76.23267999999918, 11.61785000000058], [76.23324999999934, 11.61957000000078], [76.23415999999995, 11.62031000000028], [76.23444999999997, 11.6222500000003], [76.2354200000009, 11.62435999999983], [76.2354200000009, 11.62591000000062], [76.23565000000058, 11.62704999999911], [76.23559000000023, 11.62830000000031], [76.23479000000047, 11.62979000000084], [76.23381999999944, 11.63110000000052], [76.2333099999996, 11.63219000000029], [76.2334800000008, 11.63247000000045], [76.23314000000029, 11.63299000000005], [76.23273999999942, 11.63362000000048], [76.23238999999924, 11.63407000000006], [76.23187999999932, 11.63441000000057], [76.2313699999995, 11.6349900000005], [76.22999999999956, 11.63538999999949], [76.2290799999992, 11.6349900000005], [76.22880000000082, 11.63362000000048], [76.22936999999912, 11.6325300000008], [76.23017000000075, 11.63315999999937], [76.23068000000058, 11.63224000000079], [76.23154000000068, 11.63133000000019], [76.23228000000019, 11.63035999999916], [76.23291000000062, 11.62922000000076], [76.2334800000008, 11.62738999999962], [76.23342000000045, 11.62601999999969], [76.23324999999934, 11.62499000000026], [76.23267999999918, 11.62315999999922], [76.2326200000007, 11.6222500000003], [76.23257000000011, 11.62117000000038], [76.2313699999995, 11.62053999999986], [76.23107999999957, 11.61933999999925], [76.23094999999921, 11.6191500000004], [76.23094999999921, 11.61907000000062], [76.23084000000014, 11.61843000000043], [76.23038000000089, 11.61810999999944], [76.23025000000052, 11.61748000000078], [76.23027000000005, 11.61676000000081], [76.23065999999928, 11.61620000000039], [76.23105000000028, 11.61587999999941], [76.23172999999953, 11.61572999999952], [76.23233000000077, 11.61577000000034], [76.2329699999991, 11.6158099999993], [76.23379000000024, 11.61591000000047], [76.23384000000082, 11.61595999999919], [76.2340499999991, 11.61585999999988], [76.23451000000021, 11.61624999999911], [76.23604999999957, 11.61705000000073], [76.23690999999967, 11.61796999999932], [76.23764999999916, 11.61871000000068], [76.2382799999996, 11.6193999999996], [76.24033000000055, 11.6213900000002], [76.24085000000015, 11.62213999999946], [76.24085000000015, 11.62327999999982], [76.24119000000066, 11.62454000000069], [76.24113000000031, 11.62591000000062], [76.24085000000015, 11.62738999999962], [76.24085000000015, 11.62945000000033], [76.24062000000048, 11.63087000000085], [76.24039000000082, 11.6320199999991], [76.2398799999992, 11.6333900000009], [76.23902000000088, 11.63464000000023], [76.23833000000009, 11.63579000000026], [76.2365599999994, 11.63669999999908], [76.23565000000058, 11.6371600000002], [76.23467999999954, 11.63767000000003], [76.23375999999918, 11.63807000000088], [76.23267999999918, 11.63938000000056], [76.23164999999975, 11.64006999999947], [76.23034000000007, 11.64053000000059], [76.22737000000053, 11.64104000000042], [76.22559999999974, 11.64143999999941], [76.2238899999993, 11.64127000000009], [76.22308999999954, 11.64069999999991], [76.22206000000003, 11.64081000000075], [76.22062999999984, 11.64081000000075], [76.21903000000025, 11.64069999999991], [76.22040000000017, 11.63904000000005], [76.22279999999954, 11.63904000000005], [76.22450999999998, 11.63904000000005], [76.2260000000006, 11.63840999999953], [76.22835999999914, 11.63808000000064], [76.22856999999928, 11.63863999999919], [76.22903000000039, 11.63919999999961], [76.2299899999998, 11.63924000000043], [76.23143999999961, 11.63891999999945], [76.23200999999969, 11.63863999999919], [76.23233000000077, 11.63813999999912], [76.23255000000067, 11.63757000000081], [76.2326200000007, 11.63729000000056], [76.2329699999991, 11.63665000000036], [76.23351, 11.63636000000044], [76.23443000000044, 11.63618999999925], [76.23509999999992, 11.63618999999925], [76.2355700000007, 11.63603999999945], [76.23634999999925, 11.63539999999917], [76.23676999999954, 11.63491000000064], [76.23705999999946, 11.63448000000058], [76.23709000000052, 11.63405000000053], [76.23726999999961, 11.63349000000021], [76.23726999999961, 11.63292000000003], [76.23723000000065, 11.63224000000079], [76.23731000000043, 11.6316700000007], [76.23762999999964, 11.63132000000043], [76.23826999999984, 11.63132000000043], [76.23883000000025, 11.63120999999959], [76.23936999999937, 11.63106999999946], [76.23961000000058, 11.63063999999941], [76.23971999999955, 11.62965000000081], [76.23985999999968, 11.62880000000038], [76.23983000000048, 11.62818999999947], [76.23971999999955, 11.62744999999997], [76.23971999999955, 11.62687999999979], [76.23947000000045, 11.62556000000044], [76.23940000000043, 11.62478000000012], [76.23919000000019, 11.62375000000069], [76.23893999999932, 11.62321999999947], [76.23826999999984, 11.62243999999915], [76.2376600000007, 11.62212000000003], [76.23681000000036, 11.62183000000002], [76.23632999999973, 11.62177999999952]]}}, {"type": "Feature", "properties": {"id": 199, "zone": "Medium Hazard Zone", "FID": "199", "ZONE_": "Medium Hazard Zone", "SHAPE_Leng": "0.011904", "SHAPE_Area": "0.000006", "aarea": "0.077126"}, "geometry": {"type": "Polygon", "coordinates": [[75.97574999999959, 11.63292999999979], [75.97546999999943, 11.63326000000054], [75.97506000000068, 11.6335199999994], [75.97472999999994, 11.63372999999955], [75.97428000000036, 11.63386999999967], [75.97380999999949, 11.6340099999998], [75.97329999999965, 11.63412000000064], [75.97269000000051, 11.63412000000064], [75.97235999999977, 11.63412000000064], [75.97201999999926, 11.6338899999992], [75.97189000000067, 11.63385000000015], [75.97164999999947, 11.63385000000015], [75.97115999999916, 11.63356000000022], [75.9709999999995, 11.63312000000041], [75.97102000000089, 11.63257999999952], [75.97158999999921, 11.63221999999949], [75.97207999999952, 11.63224000000079], [75.97241000000035, 11.63269000000036], [75.97269000000051, 11.63291000000027], [75.97307999999974, 11.63292999999979], [75.97350999999979, 11.63277000000014], [75.97380999999949, 11.63256], [75.9744699999992, 11.63226000000031], [75.97492000000055, 11.63224000000079], [75.97538999999965, 11.63224000000079], [75.97573000000007, 11.63248000000022], [75.97574999999959, 11.63292999999979]]}}, {"type": "Feature", "properties": {"id": 200, "zone": "Medium Hazard Zone", "FID": "200", "ZONE_": "Medium Hazard Zone", "SHAPE_Leng": "0.023642", "SHAPE_Area": "0.000013", "aarea": "0.165019"}, "geometry": {"type": "Polygon", "coordinates": [[75.96471000000017, 11.64078999999945], [75.96447000000083, 11.64105000000018], [75.96420000000033, 11.64137999999915], [75.96364999999967, 11.6416100000006], [75.96304000000055, 11.6416100000006], [75.96248999999989, 11.64149999999975], [75.96234, 11.64083000000027], [75.96289000000066, 11.6403800000007], [75.9634700000006, 11.64018000000032], [75.96450999999978, 11.63983000000004], [75.96506000000043, 11.63978999999922], [75.96585000000051, 11.63962999999966], [75.96634000000083, 11.6395900000007], [75.96694000000029, 11.63941999999952], [75.9670399999995, 11.63913999999935], [75.96738000000002, 11.63903000000029], [75.9684899999993, 11.63865000000082], [75.9700400000002, 11.63861], [75.97093999999925, 11.63833999999951], [75.97175000000064, 11.63793000000076], [75.9725500000004, 11.63781000000015], [75.97278999999982, 11.6378700000005], [75.97280999999934, 11.63833999999951], [75.97250999999957, 11.63884999999934], [75.97206000000008, 11.63918000000009], [75.97138000000083, 11.63946000000034], [75.97067000000062, 11.63969000000001], [75.97016000000079, 11.63992999999935], [75.96948999999954, 11.64019999999984], [75.96903999999996, 11.64029999999914], [75.96838000000024, 11.64046000000057], [75.96800000000077, 11.64046000000057], [75.9675299999999, 11.64049999999953], [75.96714000000067, 11.64059000000084], [75.96680999999992, 11.64059000000084], [75.96643000000037, 11.64059000000084], [75.96598000000088, 11.64064999999932], [75.96555000000083, 11.64064999999932], [75.96523999999953, 11.64064999999932], [75.96471000000017, 11.64078999999945]]}}, {"type": "Feature", "properties": {"id": 201, "zone": "Medium Hazard Zone", "FID": "201", "ZONE_": "Medium Hazard Zone", "SHAPE_Leng": "0.030159", "SHAPE_Area": "0.000023", "aarea": "0.286486"}, "geometry": {"type": "Polygon", "coordinates": [[76.16505999999934, 11.56914999999937], [76.16518999999971, 11.56972999999922], [76.16554999999974, 11.57019000000033], [76.16591999999945, 11.5706399999999], [76.16582999999991, 11.57122999999951], [76.16563999999929, 11.57186000000004], [76.16554999999974, 11.57280999999968], [76.16415000000053, 11.57303999999935], [76.16329000000043, 11.57299000000054], [76.16301999999993, 11.57221999999998], [76.16301999999993, 11.5711800000008], [76.16360999999964, 11.57077000000027], [76.16410999999971, 11.57022999999938], [76.16352000000009, 11.56969000000026], [76.16333999999914, 11.56910000000065], [76.16356000000091, 11.56824000000054], [76.16405999999913, 11.56765000000084], [76.1646000000001, 11.56693000000087], [76.16587000000074, 11.56657000000084], [76.16659000000071, 11.56693000000087], [76.16705000000005, 11.5680599999996], [76.1678200000006, 11.56819999999972], [76.1682199999996, 11.56774000000039], [76.16904000000065, 11.56693000000087], [76.1699900000003, 11.5668000000005], [76.1704800000007, 11.56738000000044], [76.17112000000088, 11.56755999999953], [76.17093999999994, 11.5680599999996], [76.17071000000035, 11.56841999999963], [76.17029999999974, 11.56888000000074], [76.1702100000002, 11.56910000000065], [76.16966999999931, 11.56919000000019], [76.16904000000065, 11.56924000000068], [76.16844999999917, 11.56960000000072], [76.16835999999964, 11.56972999999922], [76.16768000000047, 11.56986999999934], [76.16735999999949, 11.56986999999934], [76.1669600000005, 11.56986999999934], [76.16632000000031, 11.56982000000062], [76.16601000000085, 11.56936999999927], [76.16582999999991, 11.56860000000049], [76.16532999999984, 11.56860000000049], [76.16505999999934, 11.56914999999937]]}}, {"type": "Feature", "properties": {"id": 202, "zone": "Medium Hazard Zone", "FID": "202", "ZONE_": "Medium Hazard Zone", "SHAPE_Leng": "0.041589", "SHAPE_Area": "0.000043", "aarea": "0.526152"}, "geometry": {"type": "Polygon", "coordinates": [[76.15992000000003, 11.52863000000067], [76.15992000000003, 11.52943000000051], [76.1590199999991, 11.53028000000085], [76.15750999999914, 11.5304699999997], [76.15613999999911, 11.5304699999997], [76.15518999999946, 11.53032999999957], [76.15472000000047, 11.53032999999957], [76.15401000000016, 11.53023000000027], [76.15292000000048, 11.53023000000027], [76.15215999999968, 11.53023000000027], [76.15159999999926, 11.53023000000027], [76.15141000000041, 11.5299500000001], [76.15116999999921, 11.52937999999993], [76.15103000000086, 11.52858000000017], [76.15135999999983, 11.52806000000058], [76.15135999999983, 11.52740000000086], [76.15155000000054, 11.52658999999947], [76.15178000000012, 11.52569000000041], [76.15201999999955, 11.52475000000053], [76.15215999999968, 11.52380000000089], [76.15253999999915, 11.52256999999921], [76.15253999999915, 11.5213899999999], [76.15253999999915, 11.52053999999956], [76.15278000000035, 11.52038999999967], [76.15379608695794, 11.51918391304208], [76.15379960118898, 11.51917974167847], [76.15401000000016, 11.5189300000002], [76.15447999999925, 11.51978000000054], [76.15500000000063, 11.52030000000013], [76.15574517643265, 11.52063729038535], [76.15595000000027, 11.52073000000018], [76.15639492957585, 11.52096957746427], [76.15646999999986, 11.52101000000035], [76.15652000000044, 11.52147999999944], [76.15652000000044, 11.52229000000083], [76.15600000000086, 11.52275999999984], [76.15529000000063, 11.52309000000058], [76.1553299999996, 11.52404000000023], [76.15543000000068, 11.52464999999936], [76.1553299999996, 11.5254999999997], [76.15415000000029, 11.52612000000047], [76.15349000000056, 11.52644999999935], [76.15272999999976, 11.52724999999919], [76.15320000000064, 11.5281099999993], [76.15433999999912, 11.52863000000067], [76.15609000000039, 11.52815000000012], [76.15726999999971, 11.52795999999941], [76.15817000000064, 11.52792000000045], [76.15917000000077, 11.52795999999941], [76.15992000000003, 11.52863000000067]]}}, {"type": "Feature", "properties": {"id": 203, "zone": "Medium Hazard Zone", "FID": "203", "ZONE_": "Medium Hazard Zone", "SHAPE_Leng": "0.014704", "SHAPE_Area": "0.000014", "aarea": "0.17685"}, "geometry": {"type": "Polygon", "coordinates": [[76.03430999999905, 11.58409000000032], [76.0351599999995, 11.58409000000032], [76.03572999999957, 11.58409000000032], [76.03610999999913, 11.5844199999992], [76.03610999999913, 11.58532000000013], [76.03597000000079, 11.58574000000042], [76.03592000000029, 11.58603000000043], [76.03572999999957, 11.58702000000081], [76.03572999999957, 11.58786999999937], [76.03529999999952, 11.5880099999995], [76.03458999999931, 11.58806000000008], [76.03406999999972, 11.58863000000017], [76.03332000000046, 11.58863000000017], [76.03275000000028, 11.58839000000083], [76.03226999999973, 11.58797000000045], [76.03223000000068, 11.58706999999962], [76.03226999999973, 11.58655000000002], [76.03255999999966, 11.58597999999984], [76.03255999999966, 11.58535999999908], [76.03255999999966, 11.58480000000053], [76.03293999999913, 11.58417999999986], [76.03374000000075, 11.58409000000032], [76.03430999999905, 11.58409000000032]]}}, {"type": "Feature", "properties": {"id": 204, "zone": "Medium Hazard Zone", "FID": "204", "ZONE_": "Medium Hazard Zone", "SHAPE_Leng": "0.023426", "SHAPE_Area": "0.000017", "aarea": "0.210118"}, "geometry": {"type": "Polygon", "coordinates": [[76.05896000000033, 11.58743999999932], [76.05825000000003, 11.58797000000045], [76.05796999999986, 11.58839000000083], [76.05739999999969, 11.58853000000087], [76.05664000000066, 11.58853000000087], [76.05602999999975, 11.58853000000087], [76.05554999999912, 11.58829999999942], [76.0549800000008, 11.5880099999995], [76.05445999999934, 11.58791999999996], [76.05399000000034, 11.58791999999996], [76.05314, 11.58791999999996], [76.05242999999969, 11.58791999999996], [76.05167000000075, 11.58758999999921], [76.05110000000057, 11.58688000000077], [76.05076999999983, 11.58620999999951], [76.05076999999983, 11.58574000000042], [76.05076999999983, 11.58522000000082], [76.05143999999932, 11.58540999999967], [76.05196000000068, 11.58568999999992], [76.05294999999937, 11.58578999999913], [76.05404000000092, 11.58568999999992], [76.05474999999936, 11.58588000000054], [76.0550800000001, 11.58617000000047], [76.0555000000004, 11.58649999999944], [76.05579000000031, 11.58691999999973], [76.0563600000005, 11.58706999999962], [76.05721000000084, 11.58706999999962], [76.05739999999969, 11.5867799999996], [76.0575399999998, 11.58603000000043], [76.05767999999993, 11.5850300000002], [76.05839000000014, 11.58497999999962], [76.05914999999918, 11.58526999999954], [76.05914999999918, 11.58603000000043], [76.05914999999918, 11.58669000000006], [76.05896000000033, 11.58743999999932]]}}, {"type": "Feature", "properties": {"id": 205, "zone": "Medium Hazard Zone", "FID": "205", "ZONE_": "Medium Hazard Zone", "SHAPE_Leng": "0.066543", "SHAPE_Area": "0.000063", "aarea": "0.774201"}, "geometry": {"type": "Polygon", "coordinates": [[76.16144999999962, 11.56833000000009], [76.16144999999962, 11.56890000000018], [76.16117999999912, 11.56933999999999], [76.16077000000037, 11.56989000000064], [76.16045999999915, 11.57043999999952], [76.16013000000018, 11.57113999999997], [76.16008999999944, 11.57253999999919], [76.16008999999944, 11.57292000000052], [76.15976000000047, 11.5734900000007], [76.1591900000003, 11.5736400000005], [76.15869999999998, 11.57332999999928], [76.1585500000001, 11.57253999999919], [76.15828999999937, 11.57164999999989], [76.15816000000088, 11.57075000000074], [76.15769999999976, 11.56999999999971], [76.15720999999937, 11.56979999999932], [76.15676999999964, 11.56979999999932], [76.15636000000089, 11.56907999999926], [76.15589999999978, 11.56862000000001], [76.15528000000087, 11.56796000000029], [76.15466999999988, 11.56746000000022], [76.15418999999933, 11.56739000000012], [76.15358999999987, 11.56739000000012], [76.15317999999934, 11.56746000000022], [76.15279999999987, 11.56759000000059], [76.15214999999992, 11.56765000000084], [76.15177000000035, 11.5681800000002], [76.15122999999947, 11.56835999999928], [76.1501100000005, 11.56883999999992], [76.1498699999993, 11.56920999999962], [76.14932000000042, 11.56920999999962], [76.14859000000068, 11.56920999999962], [76.14774000000034, 11.56888000000074], [76.14681999999998, 11.56821999999916], [76.1462499999998, 11.5673200000001], [76.14658000000055, 11.5665800000006], [76.14717000000016, 11.56616000000031], [76.14796000000024, 11.56621000000089], [76.1488599999993, 11.56673000000048], [76.14991999999988, 11.56698999999935], [76.1501100000005, 11.56718999999973], [76.1504800000002, 11.56718999999973], [76.15086999999953, 11.56712999999947], [76.15108999999943, 11.56686000000085], [76.15144999999937, 11.56624999999985], [76.1513400000003, 11.56581000000004], [76.1509999999998, 11.5655700000007], [76.15055000000031, 11.56550000000059], [76.15001999999909, 11.56535000000079], [76.14923000000087, 11.56510999999958], [76.1488599999993, 11.5643199999995], [76.1490099999992, 11.56386000000016], [76.14935999999946, 11.56352999999942], [76.1496900000002, 11.56329000000007], [76.15039000000067, 11.56339999999905], [76.15120000000027, 11.56396999999923], [76.15194999999953, 11.56473999999979], [76.15278000000035, 11.5649300000005], [76.15288999999942, 11.56463000000072], [76.15276000000082, 11.56403999999934], [76.15222999999969, 11.56355000000072], [76.15159999999926, 11.56310999999913], [76.15083000000048, 11.56254000000081], [76.15064999999962, 11.56236999999963], [76.15051999999925, 11.56179999999945], [76.15004000000049, 11.56148000000033], [76.15080999999918, 11.56041999999975], [76.1514900000002, 11.5597199999993], [76.15204000000085, 11.56048999999986], [76.1526699999995, 11.56129999999938], [76.15342000000055, 11.56221999999983], [76.15387999999989, 11.56334000000057], [76.15443000000053, 11.56467999999953], [76.15475999999941, 11.56608000000053], [76.15517000000004, 11.56734999999938], [76.15588000000025, 11.56797000000005], [76.1568000000007, 11.56781000000049], [76.15702000000051, 11.56716000000054], [76.15784999999956, 11.56519999999913], [76.15912000000027, 11.56428000000054], [76.16030999999926, 11.56457000000047], [76.16092000000026, 11.56566000000024], [76.16109999999935, 11.56674000000025], [76.16109999999935, 11.5674199999994], [76.16144999999962, 11.56833000000009]]}}, {"type": "Feature", "properties": {"id": 206, "zone": "Medium Hazard Zone", "FID": "206", "ZONE_": "Medium Hazard Zone", "SHAPE_Leng": "0.041687", "SHAPE_Area": "0.000057", "aarea": "0.698272"}, "geometry": {"type": "MultiPolygon", "coordinates": [[[[76.07271000000034, 11.64590999999924], [76.07197000000085, 11.64580000000027], [76.07296999999929, 11.64585000000076], [76.07271000000034, 11.64590999999924]]], [[[76.07271000000034, 11.64590999999924], [76.07339999999934, 11.64601000000041], [76.07461999999938, 11.64632999999962], [76.07573000000046, 11.6470700000009], [76.07615000000075, 11.64808000000089], [76.07540999999948, 11.64924000000068], [76.07440999999925, 11.64940000000024], [76.07360999999949, 11.6495099999993], [76.07296999999929, 11.65041000000023], [76.07296999999929, 11.65062000000037], [76.07313000000072, 11.65163000000027], [76.07387999999989, 11.65231999999928], [76.07536000000076, 11.65343000000026], [76.07610000000025, 11.65385000000064], [76.0773200000003, 11.65480999999995], [76.07753000000045, 11.65565000000062], [76.0775900000008, 11.65670999999933], [76.07683999999975, 11.65724000000046], [76.07604999999967, 11.65750999999909], [76.07451000000042, 11.65750999999909], [76.07335000000053, 11.65661000000003], [76.07255000000077, 11.65591999999925], [76.07143999999971, 11.65560000000004], [76.0704800000003, 11.65550000000073], [76.0697400000008, 11.6547499999997], [76.06957999999938, 11.65391000000089], [76.0696900000003, 11.65285000000041], [76.0696900000003, 11.65099000000008], [76.06883999999988, 11.64998000000018], [76.06847000000018, 11.64866000000074], [76.06932000000052, 11.64845000000059], [76.07032000000075, 11.64839000000025], [76.07128000000014, 11.64833999999975], [76.07128000000014, 11.64760000000025], [76.07079999999951, 11.64690999999947], [76.07085000000009, 11.64611999999939], [76.07197000000085, 11.64605999999913], [76.07271000000034, 11.64590999999924]]]]}}, {"type": "Feature", "properties": {"id": 207, "zone": "Medium Hazard Zone", "FID": "207", "ZONE_": "Medium Hazard Zone", "SHAPE_Leng": "0.036594", "SHAPE_Area": "0.000034", "aarea": "0.411151"}, "geometry": {"type": "Polygon", "coordinates": [[76.20219999999976, 11.60887], [76.2016000000003, 11.60923999999979], [76.20082999999974, 11.61006000000085], [76.20001000000046, 11.61074000000009], [76.1990900000001, 11.61202000000048], [76.19845999999957, 11.6119699999999], [76.19794999999975, 11.61115000000062], [76.19764000000029, 11.60992000000081], [76.19677000000043, 11.60968999999928], [76.1960899999995, 11.60892000000058], [76.19621999999978, 11.60842000000051], [76.19691000000056, 11.60842000000051], [76.19722999999976, 11.60865000000009], [76.19753999999922, 11.60851000000005], [76.1975899999998, 11.60781999999927], [76.1975899999998, 11.60695999999917], [76.1978600000002, 11.60691000000045], [76.1975899999998, 11.60518000000049], [76.19777000000066, 11.60454000000029], [76.19808999999987, 11.60395000000059], [76.19808999999987, 11.60312999999953], [76.19881999999961, 11.60258000000066], [76.19991999999914, 11.60281000000032], [76.20082999999974, 11.60368000000019], [76.20115000000081, 11.60418000000026], [76.20219999999976, 11.60435999999934], [76.20288000000069, 11.60431000000062], [76.20328999999944, 11.6042699999998], [76.20334000000003, 11.60459000000079], [76.20314999999941, 11.60508999999908], [76.20278999999937, 11.60563999999973], [76.20219999999976, 11.60591000000022], [76.20118999999977, 11.60591000000022], [76.20018999999954, 11.60572999999927], [76.19964000000076, 11.60572999999927], [76.19895999999973, 11.60599999999977], [76.19881999999961, 11.60618000000071], [76.19881999999961, 11.6067299999995], [76.19889999999938, 11.60677000000033], [76.19931999999967, 11.60699999999999], [76.20004999999951, 11.60728000000016], [76.20087000000056, 11.60728000000016], [76.20165000000088, 11.60699999999999], [76.20201000000091, 11.60691000000045], [76.2025599999997, 11.60686999999963], [76.20274000000066, 11.60684000000034], [76.20324000000072, 11.60695999999917], [76.20361000000052, 11.6073199999992], [76.2034700000004, 11.6079599999994], [76.20278999999937, 11.60851000000005], [76.20219999999976, 11.60887]]}}, {"type": "Feature", "properties": {"id": 208, "zone": "Medium Hazard Zone", "FID": "208", "ZONE_": "Medium Hazard Zone", "SHAPE_Leng": "0.03202", "SHAPE_Area": "0.000022", "aarea": "0.270973"}, "geometry": {"type": "Polygon", "coordinates": [[76.20278999999937, 11.56574000000002], [76.20210000000046, 11.56638000000021], [76.2010100000007, 11.56646999999976], [76.19987000000033, 11.56601000000042], [76.19864000000052, 11.56523999999986], [76.19845999999957, 11.56418999999913], [76.1991400000006, 11.56395999999947], [76.19954999999935, 11.56465000000025], [76.20004999999951, 11.56509999999982], [76.20082999999974, 11.56501000000028], [76.20091999999929, 11.56437000000008], [76.2010100000007, 11.56369000000084], [76.2016000000003, 11.56319000000077], [76.20250999999921, 11.56272999999966], [76.20254999999995, 11.56272999999966], [76.20297000000032, 11.56208999999946], [76.20343999999933, 11.56164999999965], [76.20375000000055, 11.56104000000052], [76.20387999999915, 11.56026999999995], [76.2038400000001, 11.55948999999963], [76.20375000000055, 11.55875999999989], [76.20305999999987, 11.55825999999982], [76.2022400000005, 11.55775999999967], [76.20233000000003, 11.55675999999953], [76.20297000000032, 11.55585000000062], [76.20364999999947, 11.55594000000016], [76.20387999999915, 11.55675999999953], [76.2044299999998, 11.55781000000025], [76.20484000000033, 11.55890000000002], [76.20498000000045, 11.55968000000025], [76.20520000000036, 11.56045000000081], [76.20520000000036, 11.56141000000022], [76.20520000000036, 11.56208999999946], [76.20506999999999, 11.56300000000006], [76.2044299999998, 11.56322999999973], [76.20397000000047, 11.56372999999989], [76.20311000000036, 11.56473999999979], [76.20278999999937, 11.56574000000002]]}}, {"type": "Feature", "properties": {"id": 209, "zone": "Medium Hazard Zone", "FID": "209", "ZONE_": "Medium Hazard Zone", "SHAPE_Leng": "0.086319", "SHAPE_Area": "0.000083", "aarea": "1.012959"}, "geometry": {"type": "Polygon", "coordinates": [[76.19808999999987, 11.58391999999913], [76.19727000000059, 11.58409999999999], [76.1963599999999, 11.58409999999999], [76.19530999999918, 11.58396999999971], [76.19457999999945, 11.58391999999913], [76.1943699999993, 11.58396999999971], [76.19412000000011, 11.58379000000063], [76.19398999999974, 11.58301000000031], [76.19434999999977, 11.58259999999969], [76.19471999999948, 11.58259999999969], [76.19484999999985, 11.58201000000008], [76.19471999999948, 11.58145999999943], [76.1944899999999, 11.58078000000027], [76.19440000000036, 11.58015999999951], [76.19440000000036, 11.57991000000041], [76.1947600000003, 11.57921999999963], [76.19544999999921, 11.57908999999926], [76.19630999999931, 11.5788599999996], [76.19736000000013, 11.57868000000051], [76.19772999999984, 11.57776999999991], [76.19779000000018, 11.57694000000087], [76.19829000000026, 11.57617000000031], [76.19868999999925, 11.57581000000028], [76.19974000000006, 11.57537000000047], [76.20054999999958, 11.57512999999926], [76.20146999999993, 11.57380000000015], [76.20283000000019, 11.57321000000045], [76.20305999999987, 11.57298000000078], [76.20305999999987, 11.57224999999927], [76.20269999999984, 11.57138999999916], [76.20250999999921, 11.57056999999988], [76.20288000000069, 11.56992999999969], [76.20291999999974, 11.56883000000016], [76.20291999999974, 11.56774000000039], [76.2031999999999, 11.56682999999979], [76.20361000000052, 11.56631999999987], [76.20390000000044, 11.56623000000033], [76.20400999999951, 11.56612999999925], [76.2041800000006, 11.56596999999969], [76.20515999999954, 11.56596999999969], [76.20679999999996, 11.56660999999988], [76.2068899999995, 11.56746999999998], [76.20598000000068, 11.56766000000061], [76.20515999999954, 11.56766000000061], [76.2044299999998, 11.56783999999969], [76.20461000000066, 11.56869999999979], [76.20478999999975, 11.56939000000057], [76.20475000000079, 11.57003000000077], [76.2041599999993, 11.57026000000044], [76.20406, 11.57107999999972], [76.20448000000029, 11.57149000000024], [76.20557000000007, 11.5719900000004], [76.20652999999947, 11.57230999999952], [76.20685000000046, 11.5726300000006], [76.20738999999958, 11.57249000000047], [76.20825999999944, 11.57180999999945], [76.2093999999997, 11.57143999999975], [76.21012999999944, 11.57076000000051], [76.2109999999993, 11.57034999999998], [76.2118599999994, 11.57066999999919], [76.21190999999999, 11.57149000000024], [76.21132000000038, 11.57216999999949], [76.21076999999973, 11.57303999999935], [76.21018000000002, 11.57417999999962], [76.21018000000002, 11.57523000000034], [76.21035999999911, 11.57623000000057], [76.21048999999947, 11.57704999999985], [76.21012999999944, 11.5782400000007], [76.20925999999966, 11.57869000000027], [76.20835000000075, 11.57855000000015], [76.20831000000003, 11.57727999999952], [76.20771000000056, 11.57640999999965], [76.20671000000041, 11.57654999999978], [76.2059300000001, 11.57623000000057], [76.20525000000086, 11.57495000000018], [76.2044299999998, 11.57439999999952], [76.20305999999987, 11.57430999999998], [76.20214999999918, 11.57436000000057], [76.20168999999984, 11.57503999999972], [76.20168999999984, 11.57599999999912], [76.20241999999958, 11.5772300000008], [76.20264999999925, 11.57796000000054], [76.20264999999925, 11.57874000000086], [76.20168999999984, 11.57919000000034], [76.2006899999997, 11.57900999999948], [76.20032999999967, 11.57833000000024], [76.19981999999983, 11.5782400000007], [76.1997300000003, 11.57906000000007], [76.1997300000003, 11.57978999999981], [76.19962999999913, 11.58006000000021], [76.19897999999917, 11.58037999999942], [76.19823, 11.58037999999942], [76.19717999999918, 11.58037999999942], [76.19640000000072, 11.58037999999942], [76.19580999999926, 11.58047000000082], [76.19557999999958, 11.58105000000067], [76.19571999999971, 11.58186999999995], [76.1966300000004, 11.58237000000011], [76.19744999999968, 11.58237000000011], [76.19823, 11.58237000000011], [76.19873000000007, 11.58251000000015], [76.19873000000007, 11.58337000000025], [76.19808999999987, 11.58391999999913]]}}, {"type": "Feature", "properties": {"id": 210, "zone": "Medium Hazard Zone", "FID": "210", "ZONE_": "Medium Hazard Zone", "SHAPE_Leng": "0.049411", "SHAPE_Area": "0.000037", "aarea": "0.451198"}, "geometry": {"type": "Polygon", "coordinates": [[76.19326000000001, 11.57936999999943], [76.1928900000003, 11.58022999999953], [76.1920300000002, 11.58050999999978], [76.19147999999954, 11.58136999999988], [76.19133999999941, 11.58201000000008], [76.19133999999941, 11.58256000000073], [76.19121000000082, 11.58342000000084], [76.19088999999984, 11.58452000000037], [76.19038999999977, 11.58452000000037], [76.18974999999958, 11.58424999999988], [76.18946999999932, 11.58369999999922], [76.18901999999984, 11.58273999999982], [76.18896999999926, 11.58169000000087], [76.1897900000004, 11.58123999999952], [76.19029000000047, 11.5805500000006], [76.19029000000047, 11.58013999999999], [76.19038999999977, 11.57949999999979], [76.19074999999971, 11.57932000000071], [76.19139, 11.57932000000071], [76.19183999999949, 11.57932000000071], [76.19189000000007, 11.57872999999923], [76.19189000000007, 11.57771999999933], [76.19183999999949, 11.57718000000021], [76.19211999999973, 11.5767199999991], [76.19206999999915, 11.57589999999982], [76.19206999999915, 11.57466999999992], [76.1923000000006, 11.57402999999973], [76.19317000000046, 11.57388999999969], [76.19398999999974, 11.57411999999927], [76.19407999999929, 11.57466999999992], [76.19440000000036, 11.57531000000021], [76.19443999999932, 11.57589999999982], [76.19484999999985, 11.57612999999949], [76.19535999999968, 11.57631000000035], [76.19566999999913, 11.57584999999924], [76.19554000000062, 11.57508000000054], [76.19544999999921, 11.5743500000008], [76.1959900000002, 11.5743500000008], [76.19640000000072, 11.5743500000008], [76.19680999999947, 11.57402999999973], [76.1969499999996, 11.57375999999933], [76.19764000000029, 11.57325999999917], [76.19781999999938, 11.57298000000078], [76.19791000000079, 11.57238999999939], [76.1978600000002, 11.5720199999996], [76.1975899999998, 11.57148000000048], [76.19736000000013, 11.57138999999916], [76.19736000000013, 11.57084000000029], [76.19845999999957, 11.57070000000025], [76.1991400000006, 11.57070000000025], [76.19978000000079, 11.57078999999979], [76.19987000000033, 11.57142999999999], [76.19991999999914, 11.57188999999923], [76.19991999999914, 11.57229999999985], [76.19991999999914, 11.57279999999992], [76.19978000000079, 11.57335000000058], [76.19940999999922, 11.57394000000019], [76.19878000000065, 11.57449000000084], [76.19837000000004, 11.57498999999913], [76.19791000000079, 11.57517000000008], [76.19736000000013, 11.57595000000041], [76.19731999999931, 11.57668000000014], [76.19685999999997, 11.5773599999993], [76.19618000000082, 11.5780900000009], [76.19563000000016, 11.57812999999986], [76.19498999999998, 11.57776999999991], [76.1944899999999, 11.57685999999923], [76.1941700000007, 11.57658000000084], [76.19348999999967, 11.57648999999943], [76.19320999999943, 11.57676999999969], [76.19311999999988, 11.57754000000025], [76.19326000000001, 11.57863999999969], [76.19326000000001, 11.57936999999943]]}}, {"type": "Feature", "properties": {"id": 211, "zone": "Medium Hazard Zone", "FID": "211", "ZONE_": "Medium Hazard Zone", "SHAPE_Leng": "0.029243", "SHAPE_Area": "0.000028", "aarea": "0.340163"}, "geometry": {"type": "Polygon", "coordinates": [[76.18499999999949, 11.5565200000001], [76.18446000000037, 11.55710999999971], [76.18376999999968, 11.55780000000049], [76.18332000000011, 11.55803000000016], [76.18259000000037, 11.55830000000056], [76.18176999999922, 11.5589799999998], [76.18139999999951, 11.55947999999987], [76.1810800000003, 11.5605799999994], [76.1810800000003, 11.56113000000006], [76.18085000000065, 11.5618599999998], [76.18002999999949, 11.56230999999937], [76.17916999999939, 11.56230999999937], [76.17829999999962, 11.56230999999937], [76.1779800000004, 11.56144999999927], [76.17806999999995, 11.56076000000026], [76.17912000000068, 11.55990000000016], [76.17966999999955, 11.55903000000039], [76.17971000000037, 11.55806999999911], [76.17971000000037, 11.55707000000075], [76.17976000000087, 11.55669999999918], [76.17980999999968, 11.55610999999957], [76.18002999999949, 11.5552900000002], [76.18099000000076, 11.55465], [76.18158000000038, 11.55470000000059], [76.18209000000022, 11.55510999999934], [76.1823600000007, 11.55596999999944], [76.18276999999945, 11.55624999999961], [76.18309000000043, 11.55584000000085], [76.1831299999994, 11.55487999999967], [76.18317999999998, 11.55429000000006], [76.18382000000018, 11.55423999999948], [76.18399999999926, 11.5543799999996], [76.18446000000037, 11.55456000000046], [76.18496000000053, 11.55450999999997], [76.18560000000073, 11.5543799999996], [76.18569000000026, 11.55465], [76.18642000000001, 11.55556000000069], [76.18627999999988, 11.55579000000036], [76.1854600000006, 11.55616000000006], [76.18499999999949, 11.5565200000001]]}}, {"type": "Feature", "properties": {"id": 212, "zone": "Medium Hazard Zone", "FID": "212", "ZONE_": "Medium Hazard Zone", "SHAPE_Leng": "0.018807", "SHAPE_Area": "0.000016", "aarea": "0.192059"}, "geometry": {"type": "Polygon", "coordinates": [[76.17765999999942, 11.56350000000022], [76.1781599999995, 11.56353999999918], [76.1786200000006, 11.56353999999918], [76.1792600000008, 11.56372999999989], [76.17966999999955, 11.56372999999989], [76.17999000000054, 11.56381999999943], [76.1802200000002, 11.56403999999934], [76.18013000000066, 11.56444999999986], [76.17976000000087, 11.56458999999999], [76.17921000000021, 11.56545999999977], [76.17885000000027, 11.56618999999959], [76.17885000000027, 11.56673000000048], [76.17885000000027, 11.56782999999993], [76.17835000000011, 11.56833000000009], [76.17826000000058, 11.56888000000074], [76.17775000000074, 11.56905999999982], [76.17715999999926, 11.56900999999924], [76.17665999999919, 11.56897000000028], [76.17611000000032, 11.56869999999979], [76.1756999999998, 11.56864999999921], [76.17514999999914, 11.56850999999917], [76.17514999999914, 11.56791999999947], [76.17533999999975, 11.56737000000068], [76.1760699999995, 11.56696000000006], [76.17670999999969, 11.56682999999979], [76.17706999999972, 11.56660000000012], [76.1769299999996, 11.56604999999947], [76.17648000000011, 11.56550000000059], [76.17639000000057, 11.56477000000085], [76.17648000000011, 11.56454999999917], [76.17648000000011, 11.56381999999943], [76.1771200000003, 11.56350000000022], [76.17765999999942, 11.56350000000022]]}}, {"type": "Feature", "properties": {"id": 213, "zone": "Medium Hazard Zone", "FID": "213", "ZONE_": "Medium Hazard Zone", "SHAPE_Leng": "0.049514", "SHAPE_Area": "0.000044", "aarea": "0.534982"}, "geometry": {"type": "Polygon", "coordinates": [[76.20548000000052, 11.59163000000077], [76.20475000000079, 11.59180999999985], [76.20406, 11.59203999999952], [76.20338000000085, 11.59226999999919], [76.20283000000019, 11.59226999999919], [76.20250999999921, 11.59180999999985], [76.20261000000029, 11.59117999999942], [76.20305999999987, 11.59042000000048], [76.20357999999946, 11.59012000000071], [76.20453000000087, 11.58998000000067], [76.20490000000068, 11.58959999999934], [76.20494999999939, 11.58921999999987], [76.20494999999939, 11.58864999999969], [76.20494999999939, 11.5882799999999], [76.20485999999985, 11.5874199999998], [76.20485999999985, 11.58684999999971], [76.20494999999939, 11.58604999999986], [76.20508999999952, 11.58518999999976], [76.2057100000002, 11.58472000000075], [76.20636999999991, 11.58390999999937], [76.20665999999983, 11.58353999999966], [76.20656000000054, 11.58301000000031], [76.20590000000081, 11.58249000000072], [76.20542999999994, 11.58264000000051], [76.20508999999952, 11.58287000000018], [76.20499999999988, 11.58304999999927], [76.20448000000029, 11.58388000000017], [76.20392999999964, 11.58446999999978], [76.20302000000082, 11.58466000000041], [76.20241999999958, 11.58466000000041], [76.2019199999995, 11.58405999999926], [76.20178999999915, 11.58323999999989], [76.2022400000005, 11.58282999999936], [76.20305999999987, 11.58223999999975], [76.2038400000001, 11.58218999999916], [76.20489000000092, 11.58201000000008], [76.20551999999957, 11.58128000000034], [76.20612000000072, 11.58064000000015], [76.20671000000041, 11.58086999999981], [76.20721000000049, 11.58173999999959], [76.20744000000016, 11.58251000000015], [76.20849000000088, 11.58251000000015], [76.20981000000032, 11.58237999999979], [76.21031000000039, 11.58342000000084], [76.21022000000085, 11.58415000000057], [76.21001000000071, 11.58454999999956], [76.20881999999985, 11.58510999999998], [76.2087599999995, 11.58510999999998], [76.20802999999977, 11.58510999999998], [76.20785000000069, 11.58525999999987], [76.2077499999996, 11.58524000000035], [76.20689999999927, 11.58538000000047], [76.20671000000041, 11.58624000000057], [76.20717999999943, 11.58642999999942], [76.2076500000003, 11.58670999999958], [76.20794000000022, 11.58704000000033], [76.20802999999977, 11.58775000000063], [76.20794000000022, 11.5882799999999], [76.20760999999948, 11.5889900000002], [76.20760999999948, 11.58964999999992], [76.20813000000093, 11.58988999999926], [76.20888999999987, 11.58988999999926], [76.20932999999968, 11.58981999999924], [76.20950000000087, 11.59002999999939], [76.2095499999996, 11.59082999999915], [76.20950000000087, 11.59139999999932], [76.20910000000002, 11.59165000000029], [76.20849000000088, 11.59144999999991], [76.20716999999966, 11.59136000000037], [76.20621000000025, 11.59130999999978], [76.20548000000052, 11.59163000000077]]}}, {"type": "Feature", "properties": {"id": 214, "zone": "Medium Hazard Zone", "FID": "214", "ZONE_": "Medium Hazard Zone", "SHAPE_Leng": "0.040823", "SHAPE_Area": "0.000046", "aarea": "0.568633"}, "geometry": {"type": "Polygon", "coordinates": [[76.21615000000016, 11.57838000000083], [76.2161899999992, 11.57906000000007], [76.21646999999936, 11.5798400000003], [76.21646999999936, 11.58034000000046], [76.21632999999933, 11.58110999999916], [76.21592000000058, 11.58188999999948], [76.21592000000058, 11.58243000000037], [76.21542000000042, 11.58335000000082], [76.21478000000022, 11.58344000000036], [76.21428000000016, 11.58285000000066], [76.21395999999916, 11.58188999999948], [76.21382000000082, 11.58084000000053], [76.21378000000009, 11.57992999999984], [76.21346000000088, 11.5792000000001], [76.21327999999993, 11.57850999999932], [76.21327999999993, 11.57791999999971], [76.2134100000003, 11.57724000000056], [76.21336999999947, 11.57691999999948], [76.21272999999927, 11.57704999999985], [76.21235999999956, 11.57727999999952], [76.21213999999966, 11.57737000000092], [76.21195000000081, 11.57696000000031], [76.21241000000006, 11.57663999999932], [76.21258999999914, 11.57601000000066], [76.21258999999914, 11.57495999999994], [76.21249999999961, 11.57454999999932], [76.21246000000065, 11.57373000000004], [76.21282000000068, 11.57294999999972], [76.21349999999983, 11.5730000000003], [76.21395999999916, 11.57327000000079], [76.21445999999924, 11.57341000000083], [76.21492000000035, 11.57336000000034], [76.21536999999992, 11.57303999999935], [76.21536999999992, 11.57239999999907], [76.2156900000009, 11.57157999999979], [76.21646999999936, 11.57154000000083], [76.21755999999914, 11.57163000000037], [76.21829000000074, 11.57227000000057], [76.21829000000074, 11.57289999999922], [76.21802000000025, 11.57336000000034], [76.21743000000063, 11.57344999999988], [76.21679000000044, 11.57400000000053], [76.21656000000077, 11.57454999999932], [76.21673999999986, 11.57540999999942], [76.21715000000039, 11.57563999999909], [76.21816000000038, 11.57563999999909], [76.21916000000051, 11.57563999999909], [76.21952000000054, 11.57596000000008], [76.21961000000009, 11.57668999999991], [76.21966000000067, 11.5773300000001], [76.21966000000067, 11.57805999999984], [76.21966000000067, 11.57887999999912], [76.21961000000009, 11.57964999999968], [76.21906999999919, 11.57970000000026], [76.21846999999983, 11.57914999999961], [76.21779000000058, 11.57841999999978], [76.21687999999999, 11.5781900000002], [76.21615000000016, 11.57838000000083]]}}, {"type": "Feature", "properties": {"id": 215, "zone": "Medium Hazard Zone", "FID": "215", "ZONE_": "Medium Hazard Zone", "SHAPE_Leng": "0.050222", "SHAPE_Area": "0.000034", "aarea": "0.419752"}, "geometry": {"type": "Polygon", "coordinates": [[76.05488999999939, 11.87087000000065], [76.05488999999939, 11.87036000000082], [76.05522999999991, 11.86979000000064], [76.05522999999991, 11.86942000000094], [76.05554999999912, 11.86887999999995], [76.05606000000081, 11.86796999999936], [76.05666999999994, 11.8676899999991], [76.05746000000003, 11.86823], [76.05767999999993, 11.86931000000001], [76.05767999999993, 11.87024999999998], [76.05772000000067, 11.87099999999915], [76.05796999999986, 11.87190999999984], [76.0584299999991, 11.87220999999952], [76.0587200000009, 11.87225000000035], [76.05957999999923, 11.87190000000007], [76.06128999999967, 11.87207999999916], [76.06237999999944, 11.87219000000009], [76.06374999999937, 11.87225000000035], [76.06494000000022, 11.87264999999934], [76.06603, 11.8729299999995], [76.06660000000008, 11.87362000000028], [76.0676299999996, 11.87390000000053], [76.0692299999992, 11.87464000000003], [76.06977999999985, 11.87480999999935], [76.07041000000028, 11.87482000000089], [76.07195999999931, 11.87547000000085], [76.07288999999942, 11.87583000000088], [76.07339999999934, 11.87644999999978], [76.07375999999928, 11.87709999999974], [76.07375999999928, 11.87759999999981], [76.07346999999936, 11.87821000000081], [76.07267999999928, 11.87785000000077], [76.07214000000025, 11.87716999999975], [76.07137999999945, 11.87680999999972], [76.0709700000007, 11.87670000000075], [76.07077000000022, 11.87670000000075], [76.06929999999922, 11.87670000000075], [76.06899999999953, 11.87629999999989], [76.06827999999946, 11.87586999999984], [76.0673800000004, 11.87555000000063], [76.06651000000053, 11.87562000000074], [76.06615000000059, 11.87540000000083], [76.06579000000056, 11.87511000000082], [76.06524999999966, 11.87507999999976], [76.06488999999964, 11.87482000000089], [76.0647499999995, 11.87425000000071], [76.06449000000065, 11.87348999999992], [76.06373999999961, 11.87295000000089], [76.0632700000006, 11.87269999999992], [76.06262000000065, 11.87269999999992], [76.06171999999972, 11.87266000000087], [76.06067000000077, 11.87276999999994], [76.05981000000067, 11.87305999999986], [76.0591899999999, 11.87344999999918], [76.05880000000067, 11.87399999999984], [76.05825999999979, 11.87399999999984], [76.05774999999996, 11.87396000000079], [76.05724999999988, 11.87367000000086], [76.05671000000076, 11.87288000000078], [76.05642000000084, 11.87204999999996], [76.05594999999997, 11.87128999999916], [76.05488999999939, 11.87087000000065]]}}, {"type": "Feature", "properties": {"id": 216, "zone": "Medium Hazard Zone", "FID": "216", "ZONE_": "Medium Hazard Zone", "SHAPE_Leng": "0.086828", "SHAPE_Area": "0.000074", "aarea": "0.900769"}, "geometry": {"type": "Polygon", "coordinates": [[75.96686000000042, 11.86378999999945], [75.96674999999958, 11.86404000000041], [75.96674999999958, 11.86479999999935], [75.9664200000007, 11.86556999999991], [75.96639999999931, 11.86550999999965], [75.96579999999993, 11.86526000000046], [75.96479999999971, 11.86500999999949], [75.96365999999944, 11.86485999999969], [75.96361000000073, 11.86431000000082], [75.96426000000068, 11.86355999999978], [75.96435999999999, 11.8631100000002], [75.96391000000041, 11.86256999999931], [75.96341000000034, 11.86237000000071], [75.96341000000034, 11.86187000000064], [75.9640600000002, 11.86131999999998], [75.96445999999919, 11.86091999999913], [75.96461000000086, 11.86052000000014], [75.96441000000048, 11.86011999999937], [75.96365999999944, 11.86002000000007], [75.96346000000084, 11.85957000000049], [75.96356000000014, 11.85867999999933], [75.96320999999986, 11.85832999999915], [75.96226000000023, 11.85858000000011], [75.96196000000053, 11.85822999999984], [75.96126000000008, 11.85763000000047], [75.96106999999937, 11.85748000000058], [75.96032000000011, 11.85722999999961], [75.95952000000035, 11.85748000000058], [75.95891999999911, 11.85807999999995], [75.95917000000009, 11.85848000000081], [75.95946999999977, 11.8590299999996], [75.95967000000016, 11.85952], [75.95991999999934, 11.86007000000065], [75.95957000000094, 11.86052000000014], [75.95891999999911, 11.86052000000014], [75.95858000000047, 11.86045000000012], [75.95864000000073, 11.86012999999913], [75.95868999999945, 11.85975999999934], [75.95800000000054, 11.85891000000086], [75.95736000000034, 11.85874999999944], [75.9568299999992, 11.8581699999995], [75.95535000000021, 11.85758999999965], [75.95440000000056, 11.85736999999974], [75.95333999999998, 11.85795999999935], [75.95285999999945, 11.85849000000057], [75.9516399999993, 11.8581699999995], [75.95159000000059, 11.85721999999985], [75.95025999999962, 11.85673999999931], [75.94936000000055, 11.85630999999925], [75.94899000000076, 11.85563000000001], [75.94824999999948, 11.85584000000016], [75.94793000000027, 11.85663000000024], [75.94824999999948, 11.85731999999916], [75.94835000000056, 11.85785000000029], [75.94793000000027, 11.8581699999995], [75.94845999999963, 11.85954999999919], [75.94866999999977, 11.85965000000036], [75.94882999999933, 11.86039999999953], [75.94820000000077, 11.86097999999947], [75.94808999999984, 11.86134999999918], [75.94861999999918, 11.86203999999996], [75.9495200000001, 11.86235999999917], [75.9499400000004, 11.86209000000054], [75.9506299999994, 11.86209000000054], [75.95029000000068, 11.86317000000055], [75.9489099999992, 11.86306999999938], [75.9480999999996, 11.86251000000083], [75.94715999999971, 11.86220999999928], [75.94559999999906, 11.8612699999994], [75.94510000000086, 11.86032999999951], [75.94510000000086, 11.85939999999939], [75.94553000000091, 11.85851999999977], [75.94597000000064, 11.85771000000025], [75.94609999999922, 11.85634000000032], [75.9464700000008, 11.85496000000053], [75.94702999999934, 11.85396000000039], [75.94835000000056, 11.85364999999908], [75.94896999999946, 11.85402000000065], [75.94966000000024, 11.85464999999931], [75.94990999999933, 11.85540000000034], [75.95153000000025, 11.85470999999965], [75.95240999999987, 11.85470999999965], [75.95347000000035, 11.85452000000081], [75.95427999999995, 11.8544000000002], [75.95508999999947, 11.85426999999984], [75.95584000000052, 11.85483999999993], [75.95641000000069, 11.85584000000016], [75.95658999999978, 11.85658999999942], [75.95839999999953, 11.85640000000057], [75.9608399999997, 11.85634000000032], [75.96177999999968, 11.85634000000032], [75.96334000000023, 11.85727000000044], [75.96371000000002, 11.8580199999997], [75.96495999999935, 11.85958000000025], [75.96615000000021, 11.86021000000078], [75.96665000000027, 11.86089999999969], [75.96693000000053, 11.86152000000036], [75.96693000000053, 11.86202000000052], [75.96696999999949, 11.86267000000039], [75.96686000000042, 11.86378999999945]]}}, {"type": "Feature", "properties": {"id": 217, "zone": "Medium Hazard Zone", "FID": "217", "ZONE_": "Medium Hazard Zone", "SHAPE_Leng": "0.223284", "SHAPE_Area": "0.000265", "aarea": "3.240293"}, "geometry": {"type": "Polygon", "coordinates": [[75.9907000000003, 11.87905999999928], [75.98970000000008, 11.88061999999993], [75.98941000000015, 11.88089000000033], [75.98939000000063, 11.88098999999963], [75.98863999999959, 11.88174000000076], [75.98809000000071, 11.88246000000073], [75.9871600000006, 11.88319000000047], [75.98622000000071, 11.88347000000064], [75.98502999999987, 11.88326000000049], [75.9843799999999, 11.88283000000044], [75.9840600000007, 11.88177999999971], [75.98326000000085, 11.88081000000055], [75.98307999999999, 11.88018999999987], [75.98276000000078, 11.87951000000063], [75.98215999999954, 11.87932999999977], [75.98204000000081, 11.87881999999994], [75.98224999999908, 11.8781400000007], [75.98279000000007, 11.8773799999999], [75.98343999999993, 11.87672999999994], [75.98365999999984, 11.87607999999998], [75.98398000000091, 11.87560999999911], [75.98480999999995, 11.8750400000008], [75.98507000000059, 11.87428], [75.9851699999999, 11.87387999999923], [75.98545999999992, 11.87291000000006], [75.98509999999987, 11.87240999999991], [75.98449000000075, 11.87240999999991], [75.98372999999995, 11.87266000000087], [75.98286999999985, 11.87243999999919], [75.98224999999908, 11.87219000000009], [75.98132000000074, 11.87185999999925], [75.98070000000007, 11.87125000000012], [75.97998000000008, 11.87106999999926], [75.97966000000088, 11.87103999999997], [75.97962000000005, 11.87161000000015], [75.9804199999999, 11.87248000000001], [75.98152999999911, 11.87374000000088], [75.98188999999914, 11.87449999999991], [75.98199999999999, 11.87517999999906], [75.9819700000007, 11.87576000000077], [75.98178999999983, 11.8765199999998], [75.98161000000076, 11.8773799999999], [75.98142000000004, 11.8779900000009], [75.98116999999907, 11.87843000000062], [75.98080999999912, 11.87886000000067], [75.9804199999999, 11.87922000000071], [75.98012000000021, 11.87929000000073], [75.97962000000005, 11.87915000000069], [75.97875999999995, 11.87838999999989], [75.97806999999918, 11.87759999999981], [75.9779600000002, 11.87687999999983], [75.97786000000089, 11.87650000000027], [75.9777400000003, 11.87650000000027], [75.97720999999908, 11.87552999999933], [75.97652000000015, 11.87509999999928], [75.9758700000002, 11.87520000000045], [75.97503999999938, 11.87545999999931], [75.97431999999931, 11.8757800000003], [75.97371000000018, 11.87629000000013], [75.97330999999942, 11.87672000000018], [75.9728400000004, 11.87732999999931], [75.97244999999931, 11.87783999999924], [75.9716900000003, 11.87783999999924], [75.97056999999946, 11.87758000000028], [75.97010000000044, 11.87729000000036], [75.96970999999935, 11.87665000000016], [75.96955999999956, 11.87559999999944], [75.96955999999956, 11.87458999999945], [75.96955999999956, 11.87398000000031], [75.96955999999956, 11.87321999999951], [75.96926999999963, 11.87254000000027], [75.96869999999946, 11.87235999999941], [75.96787000000042, 11.87239000000047], [75.96722000000045, 11.87282000000052], [75.96667999999956, 11.87321999999951], [75.96616999999974, 11.87383000000042], [75.9655600000006, 11.87448000000038], [75.9653899999994, 11.87469000000053], [75.96509999999948, 11.8745299999991], [75.9646799999991, 11.87362000000028], [75.96414999999975, 11.87314999999941], [75.96393999999961, 11.87283000000028], [75.96383000000063, 11.87209000000079], [75.96383000000063, 11.87103000000021], [75.96341000000034, 11.86960000000002], [75.96435999999999, 11.86911999999938], [75.96542000000046, 11.86911999999938], [75.96621000000046, 11.86870000000087], [75.96611999999915, 11.86815000000022], [75.9662499999995, 11.86801000000018], [75.96717999999963, 11.8673199999994], [75.96830000000047, 11.86671000000026], [75.96889999999983, 11.86628999999997], [75.96905999999949, 11.86623999999939], [75.9698900000003, 11.86623999999939], [75.97046000000049, 11.86623999999939], [75.97142999999956, 11.86629999999965], [75.97134000000001, 11.86633000000071], [75.97096000000055, 11.86721000000033], [75.97014999999917, 11.86788999999958], [75.9695200000006, 11.8677100000004], [75.96865000000074, 11.86858000000027], [75.96852000000037, 11.86945000000013], [75.9682699999994, 11.87014000000091], [75.96709000000008, 11.87052000000038], [75.96656000000074, 11.87119999999962], [75.96674999999958, 11.87168999999993], [75.96710999999961, 11.87188000000064], [75.96761999999944, 11.87188000000064], [75.96794000000043, 11.87180000000077], [75.96846999999978, 11.87158000000086], [75.9689099999996, 11.8715499999998], [75.96931000000036, 11.87158000000086], [75.96945000000049, 11.87159000000063], [75.96999999999937, 11.87161999999991], [75.97056999999946, 11.87161999999991], [75.97119000000022, 11.87173000000075], [75.97162000000027, 11.87190000000007], [75.97164999999947, 11.87190999999984], [75.97172999999934, 11.87248999999978], [75.9716900000003, 11.87296000000056], [75.9716900000003, 11.87302000000091], [75.9716900000003, 11.87346000000072], [75.97147000000038, 11.8741800000007], [75.97141999999988, 11.87427000000024], [75.97107999999938, 11.87490000000067], [75.97104000000033, 11.87577000000054], [75.97133000000035, 11.87608999999975], [75.97212000000034, 11.87608999999975], [75.97263000000017, 11.87580999999958], [75.97306000000022, 11.87536999999977], [75.97364000000016, 11.87471999999981], [75.97364000000016, 11.8737899999996], [75.97357000000014, 11.87325000000057], [75.97357000000014, 11.87255999999979], [75.97354000000085, 11.8721399999995], [75.97352999999931, 11.87184999999958], [75.97364000000016, 11.87119999999962], [75.97381999999925, 11.87037000000058], [75.97421000000034, 11.8698000000004], [75.97479000000018, 11.86943000000061], [75.9750100000001, 11.86922000000046], [75.97530000000002, 11.86852999999977], [75.97558000000028, 11.86787999999981], [75.97563000000086, 11.86785000000053], [75.97604999999928, 11.86751999999978], [75.97674000000006, 11.86751999999978], [75.97710000000009, 11.86778000000051], [75.97739000000001, 11.86835000000069], [75.9779600000002, 11.86843000000047], [75.97819999999953, 11.86830999999987], [75.97847999999979, 11.86815999999998], [75.97861000000016, 11.86766999999967], [75.97878999999924, 11.86701999999971], [75.9789400000009, 11.86629999999965], [75.97883000000006, 11.86597000000076], [75.97854000000005, 11.86561000000073], [75.97799999999916, 11.86521999999964], [75.97731000000024, 11.86460000000083], [75.97652000000015, 11.86420999999974], [75.9753299999993, 11.86367000000062], [75.97467999999935, 11.86276000000002], [75.97467999999935, 11.8626199999999], [75.97407000000021, 11.86254999999979], [75.97357000000014, 11.86218999999985], [75.97328000000013, 11.86160999999991], [75.97320000000035, 11.86100000000077], [75.97320000000035, 11.86042000000092], [75.97313000000032, 11.85995999999981], [75.97258999999944, 11.85952], [75.97183000000041, 11.85908999999995], [75.97140000000036, 11.85858999999979], [75.9713699999993, 11.85796999999911], [75.97150999999943, 11.85735999999998], [75.97164999999947, 11.8568899999991], [75.97205000000032, 11.85649999999988], [75.97220999999988, 11.85618000000067], [75.97229999999942, 11.85574000000085], [75.97234000000024, 11.85556999999976], [75.97258999999944, 11.85498000000005], [75.97300999999973, 11.85455999999976], [75.97342000000026, 11.85439000000044], [75.97439999999918, 11.85439000000044], [75.9750800000002, 11.85439000000044], [75.97557000000052, 11.85439000000044], [75.97511999999917, 11.85472999999909], [75.97388999999926, 11.85502000000088], [75.97342000000026, 11.85522999999925], [75.97316999999929, 11.8558099999991], [75.97316999999929, 11.85639000000081], [75.9728400000004, 11.8568899999991], [75.97241000000035, 11.85714000000007], [75.97208999999928, 11.85724999999914], [75.97208999999928, 11.85772000000001], [75.97212000000034, 11.85832999999915], [75.97258999999944, 11.85855000000083], [75.97309999999926, 11.85855000000083], [75.9734599999992, 11.85879999999993], [75.9734599999992, 11.85937999999987], [75.97357000000014, 11.85949000000071], [75.97378000000029, 11.8597399999999], [75.97450000000026, 11.86002999999983], [75.97467999999935, 11.86064000000083], [75.97496999999927, 11.86110999999984], [75.97551000000026, 11.86122000000068], [75.97560999999946, 11.8613399999995], [75.9759400000003, 11.86131999999998], [75.97667000000004, 11.86150000000093], [75.97746000000004, 11.86218999999985], [75.97875999999995, 11.86326999999985], [75.97972999999912, 11.86449999999966], [75.97998000000008, 11.8652500000007], [75.97998000000008, 11.86629999999965], [75.97998000000008, 11.86742000000048], [75.97998000000008, 11.86850000000049], [75.97986999999925, 11.86917999999973], [75.9802, 11.86953999999967], [75.98098999999999, 11.86936000000059], [75.98188999999914, 11.86907000000067], [75.98290000000091, 11.86922000000046], [75.98336999999991, 11.86946999999966], [75.98348000000075, 11.86947999999942], [75.9840600000007, 11.86951000000048], [75.98509999999987, 11.8695800000005], [75.98567999999982, 11.8695800000005], [75.98619999999941, 11.8699500000002], [75.98695000000045, 11.87032999999976], [75.98726999999965, 11.86871000000063], [75.98752000000063, 11.86827000000082], [75.98857999999925, 11.86745999999953], [75.98963999999982, 11.86732999999916], [75.99130999999944, 11.86683000000087], [75.9912199999999, 11.86655000000061], [75.9912199999999, 11.86547000000061], [75.9912199999999, 11.86438000000092], [75.9913400000005, 11.86353000000049], [75.99201999999966, 11.86255999999955], [75.99201999999966, 11.86146999999987], [75.99224999999933, 11.86003999999959], [75.99271000000044, 11.85907000000042], [75.99293000000034, 11.85827000000067], [75.9937300000001, 11.85735999999998], [75.99510000000012, 11.85742000000024], [75.9958499999993, 11.85758999999965], [75.99625000000015, 11.85805000000076], [75.99659000000067, 11.85952999999976], [75.99682000000033, 11.86032999999951], [75.99790000000034, 11.86101000000053], [75.99882000000069, 11.86118999999962], [75.9994399999996, 11.86153000000013], [75.9994100000004, 11.86189000000016], [75.99927000000027, 11.86208000000078], [75.99879999999939, 11.86225999999986], [75.99822999999923, 11.8628399999998], [75.99786999999928, 11.86333999999987], [75.9973200000004, 11.86367000000062], [75.9966800000002, 11.86367000000062], [75.9958499999993, 11.86359000000084], [75.99555999999937, 11.86323000000081], [75.99495000000023, 11.86312999999973], [75.99408000000037, 11.86312999999973], [75.99338999999968, 11.86312999999973], [75.99252999999958, 11.86326999999985], [75.99209999999952, 11.8638499999997], [75.99206000000048, 11.86463999999979], [75.99221000000037, 11.86583000000064], [75.99221000000037, 11.86655000000061], [75.99252999999958, 11.86701999999971], [75.99324999999955, 11.8673400000007], [75.99401000000036, 11.8673400000007], [75.99473000000033, 11.8673400000007], [75.99497999999952, 11.8673400000007], [75.9959199999994, 11.86799000000066], [75.99612999999955, 11.86828000000058], [75.99627999999935, 11.8688199999997], [75.99632000000017, 11.86951000000048], [75.99632000000017, 11.87001000000055], [75.99620999999932, 11.87073000000052], [75.99612999999955, 11.87131000000046], [75.9958499999993, 11.87196000000042], [75.9954500000003, 11.87254000000027], [75.99509000000036, 11.87282000000052], [75.99454999999946, 11.87299999999961], [75.99442000000089, 11.87299999999961], [75.99395999999977, 11.87271999999935], [75.9936799999996, 11.87220999999952], [75.99328000000061, 11.87124000000036], [75.99275999999915, 11.87038000000025], [75.9918600000001, 11.86922000000046], [75.99180999999952, 11.86888999999972], [75.99086999999963, 11.86828000000058], [75.99019000000048, 11.86816999999974], [75.98942999999959, 11.86816999999974], [75.98891999999975, 11.86838999999965], [75.9884899999997, 11.86867999999957], [75.9880200000007, 11.86917999999973], [75.98798999999964, 11.8698299999996], [75.98809000000071, 11.87037000000058], [75.98855999999981, 11.87076999999957], [75.98870999999961, 11.87112999999951], [75.98882000000046, 11.87160000000039], [75.98884999999974, 11.8721399999995], [75.98884999999974, 11.87282000000052], [75.98884999999974, 11.8735400000005], [75.98882000000046, 11.87412000000044], [75.98855999999981, 11.8747700000004], [75.98841999999969, 11.87520000000045], [75.98831000000062, 11.87636000000024], [75.98834999999967, 11.87686000000031], [75.98877999999972, 11.87737000000014], [75.9890300000006, 11.87797999999927], [75.98971999999961, 11.87838000000013], [75.9905099999996, 11.87898999999926], [75.9907000000003, 11.87905999999928]]}}, {"type": "Feature", "properties": {"id": 218, "zone": "Medium Hazard Zone", "FID": "218", "ZONE_": "Medium Hazard Zone", "SHAPE_Leng": "0.032381", "SHAPE_Area": "0.000027", "aarea": "0.325928"}, "geometry": {"type": "Polygon", "coordinates": [[75.93118999999933, 11.84236000000055], [75.93095999999967, 11.84257000000069], [75.93080999999987, 11.84302000000027], [75.93080999999987, 11.84338000000021], [75.93093000000047, 11.84376999999953], [75.93078000000058, 11.84422000000088], [75.93057000000044, 11.84473000000071], [75.93057000000044, 11.84535999999937], [75.93099000000073, 11.84592999999946], [75.93150000000055, 11.84632000000055], [75.93152999999984, 11.84683000000038], [75.93140999999925, 11.84713000000007], [75.93089999999941, 11.84719000000041], [75.9302100000004, 11.84677000000012], [75.92979000000011, 11.84655999999998], [75.92922000000003, 11.84662000000024], [75.92866999999937, 11.84683000000038], [75.92830999999934, 11.84710000000087], [75.92794999999931, 11.84730999999924], [75.92764999999962, 11.84757999999964], [75.92726000000039, 11.8476100000007], [75.92718000000062, 11.84763999999999], [75.92737999999922, 11.8474600000009], [75.92771999999964, 11.84665999999928], [75.92828999999982, 11.8460899999991], [75.92840000000066, 11.84540999999986], [75.92835000000017, 11.84466000000069], [75.92835000000017, 11.84391999999933], [75.92886, 11.84329000000067], [75.92908999999966, 11.84254999999939], [75.92897000000083, 11.84192000000073], [75.92822999999956, 11.84151999999997], [75.92789000000083, 11.84021000000029], [75.92755000000032, 11.83907000000002], [75.92749000000006, 11.83833000000052], [75.92835000000017, 11.83827000000018], [75.92931999999924, 11.83900999999968], [75.92994999999976, 11.83900999999968], [75.93029000000027, 11.83776000000035], [75.93086000000037, 11.83763999999974], [75.93096999999943, 11.83814999999958], [75.93068999999926, 11.8384399999995], [75.93102999999978, 11.83935000000019], [75.9320599999992, 11.8400399999991], [75.93290999999954, 11.8405500000008], [75.93313999999921, 11.84117999999946], [75.9323999999997, 11.84170000000083], [75.93125999999936, 11.84203999999956], [75.93118999999933, 11.84236000000055]]}}, {"type": "Feature", "properties": {"id": 219, "zone": "Medium Hazard Zone", "FID": "219", "ZONE_": "Medium Hazard Zone", "SHAPE_Leng": "0.020871", "SHAPE_Area": "0.00001", "aarea": "0.127083"}, "geometry": {"type": "Polygon", "coordinates": [[75.8884400000006, 11.82998000000047], [75.88855999999943, 11.83066999999938], [75.88838000000034, 11.83149000000053], [75.88838000000034, 11.83206000000062], [75.8880700000009, 11.83268999999927], [75.88761999999954, 11.83316999999991], [75.88716999999997, 11.83344000000031], [75.88714000000077, 11.83253999999939], [75.88729000000058, 11.83191000000082], [75.88723000000032, 11.83139999999912], [75.88680999999994, 11.83094999999955], [75.88638999999965, 11.83045999999924], [75.88575999999921, 11.83042999999995], [75.88486000000015, 11.83030999999935], [75.88441000000057, 11.82998000000047], [75.88375000000086, 11.82970999999998], [75.88339000000092, 11.82970999999998], [75.88299999999983, 11.82973999999926], [75.88263999999978, 11.82992000000012], [75.88236999999938, 11.83021999999981], [75.88200999999935, 11.83042999999995], [75.88174000000073, 11.83042999999995], [75.88153000000058, 11.83019000000061], [75.88147000000023, 11.83009999999921], [75.88147000000023, 11.82979999999952], [75.88200999999935, 11.82947000000055], [75.88303000000089, 11.82920000000015], [75.88390000000075, 11.8291399999998], [75.88483000000086, 11.82877999999986], [75.88494999999969, 11.8290199999992], [75.88600000000042, 11.82920000000015], [75.88683999999922, 11.82917000000086], [75.8876799999998, 11.82922999999934], [75.88827999999917, 11.82943999999949], [75.8884400000006, 11.82998000000047]]}}, {"type": "Feature", "properties": {"id": 220, "zone": "Medium Hazard Zone", "FID": "220", "ZONE_": "Medium Hazard Zone", "SHAPE_Leng": "0.01289", "SHAPE_Area": "0.000004", "aarea": "0.05049"}, "geometry": {"type": "Polygon", "coordinates": [[75.87255000000009, 11.82575999999974], [75.8724000000002, 11.82573000000045], [75.87225000000032, 11.82533999999945], [75.8722799999996, 11.82497999999941], [75.87246000000046, 11.82486000000059], [75.87282000000049, 11.82501000000047], [75.87344999999915, 11.82501000000047], [75.87380999999918, 11.82501000000047], [75.87443999999962, 11.82510000000002], [75.8754000000008, 11.82503999999976], [75.87579000000002, 11.82503999999976], [75.87629999999986, 11.82501000000047], [75.87659999999964, 11.82471000000079], [75.87674999999943, 11.82443000000054], [75.87689999999932, 11.82409999999979], [75.87701999999993, 11.82401000000025], [75.87750000000047, 11.82416000000013], [75.87750000000047, 11.82458000000042], [75.87750000000047, 11.82503999999976], [75.87729000000033, 11.8253999999997], [75.87701999999993, 11.82554999999959], [75.87657000000036, 11.82569999999939], [75.87593999999991, 11.82569999999939], [75.87543000000008, 11.82569999999939], [75.8748899999991, 11.82569999999939], [75.87447000000068, 11.82569999999939], [75.87416999999913, 11.82569999999939], [75.87369000000035, 11.82569999999939], [75.87320999999972, 11.82569999999939], [75.87288000000083, 11.82569999999939], [75.87255000000009, 11.82575999999974]]}}, {"type": "Feature", "properties": {"id": 221, "zone": "Medium Hazard Zone", "FID": "221", "ZONE_": "Medium Hazard Zone", "SHAPE_Leng": "0.016884", "SHAPE_Area": "0.000005", "aarea": "0.064058"}, "geometry": {"type": "Polygon", "coordinates": [[75.88375000000086, 11.82035999999969], [75.8836900000006, 11.82071999999972], [75.88306000000007, 11.8212899999999], [75.88240000000044, 11.82177000000045], [75.88147000000023, 11.8228199999994], [75.88087000000087, 11.82332999999923], [75.88060000000037, 11.82383999999915], [75.88054000000011, 11.82435000000076], [75.88047999999976, 11.82503999999976], [75.88024000000043, 11.82586000000082], [75.87996999999994, 11.82633999999959], [75.8793399999995, 11.82633999999959], [75.87886000000073, 11.82595000000036], [75.87882999999967, 11.82552000000031], [75.87907000000088, 11.82522000000062], [75.87958000000071, 11.82497999999941], [75.87979000000085, 11.82495000000013], [75.87999999999923, 11.82467999999973], [75.88018000000008, 11.82414000000061], [75.88030000000069, 11.82365999999998], [75.88060000000037, 11.82317999999943], [75.8807199999992, 11.8228199999994], [75.88092999999934, 11.82228000000028], [75.88113999999949, 11.82198000000059], [75.88143999999917, 11.82167999999913], [75.8817999999992, 11.82137999999944], [75.8821900000003, 11.8211699999993], [75.8824600000007, 11.82084000000033], [75.88297000000054, 11.82042000000004], [75.88342000000011, 11.82014999999955], [75.88375000000086, 11.82035999999969]]}}, {"type": "Feature", "properties": {"id": 222, "zone": "Medium Hazard Zone", "FID": "222", "ZONE_": "Medium Hazard Zone", "SHAPE_Leng": "0.025733", "SHAPE_Area": "0.000017", "aarea": "0.206635"}, "geometry": {"type": "Polygon", "coordinates": [[75.83972999999972, 11.8138600000002], [75.8391699999993, 11.81432999999921], [75.83865999999946, 11.81460999999947], [75.83771999999949, 11.81460999999947], [75.83698000000008, 11.81456000000075], [75.83627999999955, 11.8143799999998], [75.83562999999958, 11.81428000000049], [75.83506999999916, 11.81358000000004], [75.83479000000078, 11.81278999999996], [75.83479000000078, 11.81185999999984], [75.83479000000078, 11.81120999999988], [75.83488000000033, 11.81050999999934], [75.83553000000028, 11.81032000000049], [75.83585999999926, 11.81013999999963], [75.83633000000013, 11.81004000000033], [75.83669999999984, 11.81018000000036], [75.83678999999937, 11.81022999999917], [75.83698000000008, 11.81092999999963], [75.8369299999995, 11.81129999999942], [75.83627999999955, 11.81194999999938], [75.83604999999987, 11.81233000000062], [75.83604999999987, 11.81278999999996], [75.83604999999987, 11.81315999999966], [75.83641999999966, 11.81329999999979], [75.83698000000008, 11.81315999999966], [75.83762999999995, 11.81274999999913], [75.83796000000079, 11.81236999999967], [75.83865999999946, 11.81214], [75.84019000000083, 11.81233000000062], [75.84085000000054, 11.81261000000087], [75.84141000000088, 11.81261000000087], [75.84201000000033, 11.81261000000087], [75.84238000000003, 11.81228000000013], [75.84261999999947, 11.81219000000058], [75.84294000000045, 11.81236999999967], [75.84322000000061, 11.81270000000042], [75.84308000000058, 11.81315999999966], [75.84261999999947, 11.81363000000054], [75.84187000000021, 11.81381999999938], [75.84099000000059, 11.81381999999938], [75.84033000000086, 11.81377000000066], [75.83972999999972, 11.8138600000002]]}}, {"type": "Feature", "properties": {"id": 223, "zone": "Medium Hazard Zone", "FID": "223", "ZONE_": "Medium Hazard Zone", "SHAPE_Leng": "0.014039", "SHAPE_Area": "0.000006", "aarea": "0.075162"}, "geometry": {"type": "Polygon", "coordinates": [[75.83590999999974, 11.81892999999941], [75.83675000000042, 11.81962999999995], [75.83799999999975, 11.81962999999995], [75.83851999999933, 11.8197199999995], [75.83902999999917, 11.82027999999991], [75.83986999999975, 11.82042000000004], [75.84079999999996, 11.82042000000004], [75.8408899999995, 11.8211699999993], [75.84019000000083, 11.82163000000041], [75.83930999999943, 11.82140000000074], [75.83879999999951, 11.8211699999993], [75.83785999999962, 11.82061000000066], [75.83717000000071, 11.82056000000008], [75.83641999999966, 11.82047000000053], [75.83599999999929, 11.8203300000005], [75.83548999999945, 11.82008999999929], [75.83506999999916, 11.8198100000009], [75.83506999999916, 11.81943999999933], [75.83544000000074, 11.81888000000069], [75.83590999999974, 11.81892999999941]]}}, {"type": "Feature", "properties": {"id": 224, "zone": "Medium Hazard Zone", "FID": "224", "ZONE_": "Medium Hazard Zone", "SHAPE_Leng": "0.242217", "SHAPE_Area": "0.00039", "aarea": "4.766048"}, "geometry": {"type": "Polygon", "coordinates": [[75.82217999999916, 11.79677000000086], [75.82200999999985, 11.79786000000054], [75.82178000000017, 11.7984899999992], [75.82063999999991, 11.79917000000022], [75.82019000000034, 11.79933999999954], [75.81967000000074, 11.80076999999982], [75.81777999999944, 11.80097999999997], [75.81777999999944, 11.80014999999915], [75.81777999999944, 11.79841999999918], [75.81739999999989, 11.79707000000055], [75.8169799999996, 11.79651999999989], [75.81601000000043, 11.79606000000056], [75.8155000000006, 11.79606000000056], [75.81494999999994, 11.79630999999975], [75.81407000000031, 11.79660999999944], [75.81321999999997, 11.79699000000077], [75.81255000000058, 11.79745000000002], [75.81192000000006, 11.79779000000052], [75.81185000000005, 11.79785000000087], [75.81185027027034, 11.79784229729786], [75.81186999999957, 11.79728000000069], [75.81186999999957, 11.79659999999967], [75.81132000000069, 11.79651999999989], [75.81085999999958, 11.79651999999989], [75.81019000000019, 11.79651999999989], [75.8099644031524, 11.79657885135178], [75.80996000000052, 11.79658000000015], [75.81005999999982, 11.7962700000007], [75.81002000000078, 11.79558999999968], [75.80959000000072, 11.79513000000044], [75.80858000000082, 11.79483000000075], [75.80798999999935, 11.79462000000061], [75.80760999999988, 11.79444999999942], [75.8076500000006, 11.79415999999949], [75.80803000000017, 11.79356999999979], [75.80846000000022, 11.79298000000018], [75.80854, 11.79255000000013], [75.80854, 11.79221999999938], [75.80854, 11.7921399999996], [75.80832999999986, 11.79183999999983], [75.8081700000002, 11.79171999999922], [75.80748999999928, 11.79154000000014], [75.80688999999981, 11.79125000000021], [75.80609000000005, 11.79116000000067], [75.80486999999992, 11.79116000000067], [75.80390000000075, 11.79116000000067], [75.80300999999959, 11.79116000000067], [75.8019999999997, 11.79108000000089], [75.80116000000089, 11.79137000000082], [75.80069000000002, 11.79137000000082], [75.80023000000077, 11.79125000000021], [75.79997000000003, 11.79048999999942], [75.79981000000048, 11.78960000000003], [75.79960000000024, 11.78883999999923], [75.79960000000024, 11.78811999999925], [75.79912999999945, 11.78723999999963], [75.79832999999961, 11.78678000000038], [75.79757000000068, 11.78673999999956], [75.79731999999971, 11.78728000000045], [75.79750000000057, 11.78833999999916], [75.79664000000047, 11.78837999999998], [75.79601000000004, 11.78862999999908], [75.79571000000034, 11.7893100000001], [75.79559999999951, 11.78997999999958], [75.7954000000009, 11.78953999999977], [75.79536999999983, 11.78844000000024], [75.79551999999964, 11.78775999999922], [75.79545999999938, 11.78626000000079], [75.79594999999969, 11.78556000000025], [75.79689999999933, 11.78545999999917], [75.79717999999959, 11.78571000000013], [75.79775999999943, 11.78556000000025], [75.79805999999921, 11.78526000000056], [75.79831999999985, 11.78520999999997], [75.79837000000043, 11.78490000000053], [75.79837000000043, 11.78464999999956], [75.79693000000039, 11.78429999999938], [75.79659999999964, 11.78358999999907], [75.79603999999922, 11.7833599999994], [75.79490000000074, 11.78131000000032], [75.79490000000074, 11.78038000000011], [75.79567999999928, 11.77981999999978], [75.79737999999996, 11.77995999999982], [75.79817000000006, 11.78024000000007], [75.79895000000037, 11.78053], [75.80312000000052, 11.78058000000058], [75.80538999999952, 11.78079000000072], [75.8064200000008, 11.78083999999944], [75.80787000000052, 11.78053], [75.80859000000058, 11.78037000000043], [75.80925999999998, 11.78011999999947], [75.80925999999998, 11.77959999999987], [75.80899999999924, 11.77918999999926], [75.80854, 11.77908000000028], [75.8081199999997, 11.77887999999981], [75.80791999999933, 11.7784100000008], [75.80802000000041, 11.77769000000082], [75.8081700000002, 11.77722999999971], [75.8081700000002, 11.77676000000061], [75.80791999999933, 11.77608999999936], [75.8070399999997, 11.77613999999994], [75.80585000000063, 11.77619000000053], [75.80481999999942, 11.77640000000067], [75.80436000000009, 11.77671000000012], [75.80342999999996, 11.77701999999957], [75.80270000000023, 11.77737999999951], [75.80147000000034, 11.77748000000068], [75.80048999999963, 11.77716999999937], [75.79997000000003, 11.77707000000006], [75.79966000000059, 11.77656000000023], [75.79894000000061, 11.77640000000067], [75.79805999999921, 11.77640000000067], [75.79692000000072, 11.77635000000009], [75.79620000000065, 11.77577999999991], [75.79573999999954, 11.7754399999994], [75.79557999999999, 11.77532000000066], [75.79524999999923, 11.77532000000066], [75.79471000000012, 11.77532000000066], [75.7938799999993, 11.77500999999935], [75.79341999999997, 11.77454000000034], [75.79269000000022, 11.77367000000048], [75.79197000000025, 11.77262999999951], [75.79191999999966, 11.77186000000073], [75.79191999999966, 11.77150000000078], [75.79176000000011, 11.77025999999935], [75.79161000000022, 11.76953999999929], [75.79161000000022, 11.76930999999971], [75.79191999999966, 11.7691400000003], [75.79261000000045, 11.76889999999909], [75.79349999999974, 11.76872000000001], [75.79442999999995, 11.76872000000001], [75.79513000000041, 11.76889999999909], [75.7955000000002, 11.76941000000079], [75.7955000000002, 11.76996999999934], [75.79507999999991, 11.77058000000034], [75.79479999999965, 11.77137000000042], [75.79476000000071, 11.77193000000084], [75.79476000000071, 11.77272000000083], [75.79476000000071, 11.77347000000009], [75.79479999999965, 11.77403000000051], [75.79499000000037, 11.77431000000067], [75.79545999999938, 11.7744500000008], [75.7960199999998, 11.77462999999988], [75.7967599999993, 11.77462999999988], [75.79726999999913, 11.77448999999975], [75.79740999999925, 11.77403000000051], [75.79802000000016, 11.77361000000022], [75.79867000000012, 11.77285999999909], [75.7990900000004, 11.77268000000001], [75.79992999999921, 11.77262999999951], [75.80082000000037, 11.77262999999951], [75.80152000000092, 11.77262999999951], [75.80230999999914, 11.7730499999998], [75.80272999999943, 11.77324000000042], [75.80371000000014, 11.77327999999947], [75.80440000000091, 11.77347000000009], [75.80589999999934, 11.77352000000068], [75.80668999999943, 11.77338000000055], [75.80757000000084, 11.77338000000055], [75.80860000000025, 11.77361000000022], [75.80905999999959, 11.77403000000051], [75.80911000000017, 11.77462999999988], [75.80916000000067, 11.77514999999947], [75.80933999999975, 11.77542999999973], [75.80957999999919, 11.77641000000043], [75.81046000000059, 11.77709999999935], [75.81120999999985, 11.77748000000068], [75.81163000000014, 11.77743000000009], [75.81163000000014, 11.77630999999926], [75.81166999999918, 11.77514999999947], [75.81185999999981, 11.77420999999959], [75.81199999999993, 11.77366000000071], [75.81213999999997, 11.77282000000013], [75.8124000000007, 11.7722400000002], [75.8129900000004, 11.77253999999997], [75.81420000000068, 11.77253999999997], [75.81632999999964, 11.7724600000001], [75.81769999999958, 11.77331000000053], [75.81767000000038, 11.77337000000079], [75.81828999999928, 11.77371999999919], [75.81861000000026, 11.7738399999998], [75.81997000000044, 11.77351000000091], [75.8215500000006, 11.77247999999963], [75.82221000000023, 11.77224999999996], [75.82221999999999, 11.77213999999912], [75.82411999999928, 11.77152999999998], [75.82521000000092, 11.7716], [75.82569999999944, 11.77144000000044], [75.82724000000057, 11.77130000000031], [75.8280200000008, 11.77130000000031], [75.8277500000004, 11.77177999999908], [75.82724000000057, 11.77253000000021], [75.82662999999957, 11.77340999999975], [75.8259300000009, 11.77476000000025], [75.82435000000082, 11.77570000000013], [75.82337000000011, 11.77570000000013], [75.82178999999994, 11.77560000000082], [75.82080999999924, 11.77564999999954], [75.81974000000085, 11.77587999999921], [75.81842999999931, 11.77635000000009], [75.8176899999999, 11.77649000000021], [75.81708000000067, 11.77657999999975], [75.81618999999951, 11.7769100000005], [75.81553999999964, 11.77722999999971], [75.81511999999927, 11.77747000000092], [75.81466000000002, 11.77802999999947], [75.8144200000006, 11.77867999999943], [75.8144200000006, 11.77966000000013], [75.81488999999969, 11.78059000000034], [75.81552999999988, 11.78109000000041], [75.81617000000008, 11.78115000000067], [75.81699999999913, 11.78119999999948], [75.81767000000038, 11.78124999999997], [75.8178100000005, 11.78130000000056], [75.81814999999915, 11.78129000000079], [75.81921999999939, 11.78115000000067], [75.8202000000001, 11.78115000000067], [75.82113000000031, 11.78133999999951], [75.82169000000064, 11.78240999999976], [75.8215500000006, 11.78314999999926], [75.82118000000081, 11.7838499999998], [75.8207199999997, 11.78455000000034], [75.81991999999994, 11.78473999999919], [75.81898999999973, 11.78511000000067], [75.81819999999973, 11.78534000000034], [75.81731000000035, 11.78566999999931], [75.81657000000085, 11.78585999999993], [75.81591999999911, 11.78617999999914], [75.81539999999951, 11.78642000000035], [75.81488999999969, 11.78693000000018], [75.81432999999927, 11.78772000000026], [75.81330999999952, 11.78814000000055], [75.81247000000072, 11.78786000000039], [75.81201999999936, 11.78782999999933], [75.81163000000014, 11.78754999999908], [75.81129999999939, 11.78714000000032], [75.81171999999968, 11.78699000000053], [75.81024000000068, 11.78657000000024], [75.80854, 11.78614999999995], [75.8070399999997, 11.78542999999988], [75.80565000000024, 11.7847099999999], [75.80441000000067, 11.78383000000028], [75.80321999999983, 11.7836299999999], [75.80241000000022, 11.78261999999999], [75.80177000000002, 11.7822500000002], [75.79925000000006, 11.78172000000085], [75.79831999999985, 11.7815100000007], [75.79708000000028, 11.7815100000007], [75.79672000000025, 11.78173000000061], [75.79672000000025, 11.78198999999947], [75.79713000000086, 11.78244000000082], [75.79826999999935, 11.78284999999957], [75.79949999999916, 11.78300999999922], [75.80042999999928, 11.78377999999978], [75.80116000000089, 11.78429999999938], [75.80213999999981, 11.78476000000049], [75.80264999999964, 11.78497000000063], [75.80357999999977, 11.78497000000063], [75.80420000000053, 11.78516999999924], [75.80528000000054, 11.78558999999953], [75.80626999999915, 11.78542999999988], [75.80698999999912, 11.78636000000009], [75.80737000000045, 11.78706000000054], [75.80795000000039, 11.78713000000065], [75.80824000000031, 11.7873199999995], [75.80824000000031, 11.78782999999933], [75.80899999999924, 11.78888999999981], [75.81056999999966, 11.78997999999958], [75.81165999999942, 11.79058000000073], [75.81263000000037, 11.79138000000058], [75.81351999999967, 11.79197000000019], [75.81407000000031, 11.79234999999975], [75.81508000000031, 11.79293999999936], [75.81651000000059, 11.79298000000018], [75.81744000000072, 11.79332000000069], [75.81840999999987, 11.79332000000069], [75.81963999999968, 11.79311000000055], [75.82087999999935, 11.79307999999948], [75.82156000000036, 11.79375000000074], [75.82223999999951, 11.79512000000068], [75.82217999999916, 11.79677000000086]]}}, {"type": "Feature", "properties": {"id": 225, "zone": "Medium Hazard Zone", "FID": "225", "ZONE_": "Medium Hazard Zone", "SHAPE_Leng": "0.113664", "SHAPE_Area": "0.00014", "aarea": "1.709796"}, "geometry": {"type": "Polygon", "coordinates": [[75.79656000000068, 11.80390000000078], [75.79643000000033, 11.80452999999944], [75.79622000000018, 11.80499000000055], [75.79622000000018, 11.80574999999958], [75.79608999999981, 11.80709999999999], [75.79592000000049, 11.80798999999937], [75.79558999999975, 11.80837000000062], [75.79521000000018, 11.80840999999966], [75.79457, 11.80819999999952], [75.7941499999997, 11.80777999999914], [75.7939000000006, 11.80688999999984], [75.79369000000045, 11.80659999999992], [75.79348000000032, 11.80609], [75.79334999999995, 11.80571000000053], [75.79289000000061, 11.80563000000075], [75.79233999999995, 11.80563000000075], [75.79133000000006, 11.80563000000075], [75.79023000000052, 11.80563000000075], [75.78951000000055, 11.80550000000039], [75.78938000000018, 11.8050800000001], [75.78938000000018, 11.80440000000085], [75.78954999999951, 11.80380999999947], [75.78981000000023, 11.80313999999998], [75.79002000000038, 11.80266999999911], [75.79060999999999, 11.80217000000082], [75.79103000000028, 11.80153000000062], [75.79106999999932, 11.80076999999982], [75.79085999999918, 11.80021999999917], [75.79078999999908, 11.7999600000003], [75.79106999999932, 11.79963999999923], [75.79148999999961, 11.79939000000013], [75.79161999999998, 11.79909000000044], [75.79169999999976, 11.79850000000083], [75.79169999999976, 11.79769999999921], [75.79145000000065, 11.79736000000047], [75.79124000000051, 11.79681999999958], [75.79052000000044, 11.79630999999975], [75.78964000000092, 11.79630999999975], [75.78879000000047, 11.7962700000007], [75.78837000000019, 11.79617999999939], [75.7875299999996, 11.79656000000072], [75.78677000000059, 11.79736000000047], [75.78651999999963, 11.79795000000009], [75.78621999999993, 11.79859000000037], [75.78608999999958, 11.7992200000008], [75.78584000000046, 11.79984999999946], [75.78554000000078, 11.80005999999961], [75.78525000000086, 11.80061000000026], [75.78507999999967, 11.80107999999927], [75.78499999999988, 11.80162999999992], [75.78499999999988, 11.80221999999954], [75.7847000000002, 11.80268000000065], [75.78456999999983, 11.80309999999916], [75.78403000000073, 11.80357000000004], [75.78339000000052, 11.80357000000004], [75.7831000000006, 11.80322999999953], [75.78246000000031, 11.80255000000037], [75.78196000000024, 11.8024700000005], [75.78145000000042, 11.8024700000005], [75.7809899999993, 11.80250999999955], [75.78047999999947, 11.80276000000052], [75.78005999999918, 11.8030600000002], [75.77983999999927, 11.80338999999909], [75.77954999999926, 11.80301999999938], [75.7791699999998, 11.80255000000037], [75.77887999999987, 11.80157999999934], [75.77900000000047, 11.80082000000041], [75.77981999999975, 11.80030000000081], [75.78005999999918, 11.80014999999915], [75.78023000000027, 11.79976999999959], [75.78065000000056, 11.79925999999976], [75.78178999999906, 11.79917999999998], [75.78280000000082, 11.79913999999916], [75.78355999999985, 11.79913999999916], [75.7843599999997, 11.79901000000066], [75.78521000000003, 11.79893000000088], [75.7855899999995, 11.79838000000014], [75.7855899999995, 11.79769999999921], [75.78581999999916, 11.79668999999922], [75.78592000000025, 11.79648000000085], [75.78619000000074, 11.79616999999962], [75.78652999999939, 11.79579999999983], [75.78664999999998, 11.79567999999923], [75.78705000000085, 11.79537999999954], [75.78765999999997, 11.79521999999998], [75.78815000000029, 11.79513000000044], [75.78838999999971, 11.79483000000075], [75.78879000000047, 11.79427000000033], [75.78922000000053, 11.7937899999997], [75.78986000000081, 11.7935400000006], [75.79044000000067, 11.79333000000045], [75.79087000000072, 11.79313999999974], [75.79236999999924, 11.79255000000013], [75.79289000000061, 11.79255000000013], [75.79377000000024, 11.79281000000086], [75.79435999999984, 11.79310000000078], [75.79486999999968, 11.7937399999992], [75.79533000000079, 11.79572000000005], [75.79542000000042, 11.79677000000086], [75.7953799999996, 11.79779000000052], [75.79486999999968, 11.7988800000003], [75.79462000000058, 11.79942999999908], [75.7941499999997, 11.8001100000001], [75.79372999999941, 11.80112000000009], [75.79369000000045, 11.80196000000067], [75.79330999999912, 11.80239000000072], [75.79271999999942, 11.80276000000052], [75.79241999999974, 11.80301999999938], [75.79241999999974, 11.80348000000049], [75.79334999999995, 11.80385999999996], [75.79441000000043, 11.80385999999996], [75.7953799999996, 11.80313999999998], [75.79587999999967, 11.80239000000072], [75.7965100000001, 11.80217000000082], [75.79726999999913, 11.80208999999926], [75.79765000000046, 11.80175000000053], [75.79752999999985, 11.80107999999927], [75.79744000000031, 11.80061000000026], [75.79744000000031, 11.79963999999923], [75.79723000000017, 11.79883999999947], [75.79608999999981, 11.79697999999914], [75.79592000000049, 11.79601000000006], [75.79587999999967, 11.79521000000022], [75.79576000000084, 11.79394999999935], [75.79566999999952, 11.79260000000071], [75.79544999999962, 11.79166000000074], [75.79557999999999, 11.79166000000074], [75.79584000000071, 11.79150999999908], [75.79609999999957, 11.79152000000071], [75.79613000000063, 11.79168000000027], [75.79607000000028, 11.79234999999975], [75.79613000000063, 11.79276000000027], [75.79629999999996, 11.79318000000056], [75.79685000000062, 11.79385000000005], [75.79739999999948, 11.7942800000001], [75.79790999999932, 11.79473999999934], [75.79867000000012, 11.7954100000006], [75.79942999999915, 11.79558000000001], [75.79981000000048, 11.79601000000006], [75.80002000000061, 11.79643000000035], [75.80056999999941, 11.79654999999909], [75.80127999999971, 11.7968899999996], [75.80165999999917, 11.79723000000011], [75.80178999999954, 11.79786000000054], [75.8017, 11.7982400000001], [75.80165999999917, 11.79866000000039], [75.80162000000023, 11.79891999999925], [75.80162000000023, 11.79959000000051], [75.80178999999954, 11.80013999999939], [75.80217000000087, 11.80044000000085], [75.8025899999993, 11.80106999999951], [75.80279999999945, 11.80220999999986], [75.80279999999945, 11.80305000000044], [75.80276000000049, 11.80368000000088], [75.80237999999916, 11.80422999999976], [75.80191999999991, 11.8044399999999], [75.80127999999971, 11.8044399999999], [75.80047999999987, 11.8044399999999], [75.79975999999989, 11.80449000000048], [75.79930000000056, 11.80440000000085], [75.79891999999931, 11.80422999999976], [75.79891999999931, 11.80377000000042], [75.7985000000008, 11.80318000000081], [75.79795000000014, 11.80313999999998], [75.79723000000017, 11.80326000000059], [75.79673000000001, 11.80342999999991], [75.79656000000068, 11.80390000000078]]}}, {"type": "Feature", "properties": {"id": 226, "zone": "Medium Hazard Zone", "FID": "226", "ZONE_": "Medium Hazard Zone", "SHAPE_Leng": "0.029834", "SHAPE_Area": "0.000016", "aarea": "0.198132"}, "geometry": {"type": "Polygon", "coordinates": [[75.83469999999946, 11.77585000000002], [75.83448999999932, 11.77648000000045], [75.83381000000007, 11.77659999999928], [75.83293000000045, 11.77659999999928], [75.83192000000055, 11.77659999999928], [75.83069000000066, 11.77651999999941], [75.83009999999926, 11.77618000000076], [75.83006000000022, 11.7759299999998], [75.83009999999926, 11.77534000000018], [75.83035000000014, 11.77486999999931], [75.83102999999939, 11.77483000000026], [75.83131999999931, 11.77486999999931], [75.83174999999936, 11.77520999999982], [75.8323799999998, 11.77541999999996], [75.83301000000031, 11.77555000000033], [75.8334300000006, 11.77547000000046], [75.83359999999993, 11.77499999999968], [75.83280000000018, 11.7744500000008], [75.8325499999992, 11.77374000000058], [75.83251000000016, 11.77281000000037], [75.83288999999972, 11.77204999999957], [75.83331000000001, 11.77137000000042], [75.83389999999962, 11.77081999999977], [75.83436000000073, 11.77036000000043], [75.83477999999924, 11.76994000000014], [75.83525000000012, 11.76989999999932], [75.83580000000077, 11.76989999999932], [75.83612999999966, 11.76989999999932], [75.83630000000085, 11.76956000000067], [75.8367300000009, 11.76905000000075], [75.83722999999918, 11.76893000000015], [75.83770000000005, 11.76905000000075], [75.83785999999962, 11.76968999999917], [75.83770000000005, 11.77023000000007], [75.83753000000074, 11.77039999999939], [75.83719000000023, 11.77060999999962], [75.83711000000037, 11.77081999999977], [75.83647000000016, 11.77099000000086], [75.83601000000091, 11.77108000000041], [75.83546000000027, 11.77108000000041], [75.83466000000041, 11.77116000000028], [75.83457000000088, 11.77129000000055], [75.83418999999954, 11.77179000000071], [75.8340700000008, 11.77230000000054], [75.83376999999925, 11.7729299999992], [75.83376999999925, 11.77347999999985], [75.83402999999998, 11.77419999999983], [75.83469999999946, 11.77499999999968], [75.83469999999946, 11.77585000000002]]}}, {"type": "Feature", "properties": {"id": 227, "zone": "Medium Hazard Zone", "FID": "227", "ZONE_": "Medium Hazard Zone", "SHAPE_Leng": "0.025823", "SHAPE_Area": "0.000015", "aarea": "0.184662"}, "geometry": {"type": "Polygon", "coordinates": [[75.82476999999923, 11.83040000000076], [75.82445000000003, 11.83064999999986], [75.82415000000034, 11.83120000000051], [75.82394000000019, 11.83187999999976], [75.8241099999996, 11.83275999999929], [75.82495000000019, 11.83318999999934], [75.82538000000024, 11.83360999999972], [75.82532999999965, 11.83419999999933], [75.82415000000034, 11.83424000000016], [75.82335000000059, 11.83416000000038], [75.82288999999948, 11.83357000000068], [75.82213000000046, 11.83336000000053], [75.82178999999994, 11.83254999999915], [75.82221000000023, 11.83136999999984], [75.82224999999927, 11.83064999999986], [75.82263000000061, 11.82968000000069], [75.82314000000044, 11.82891999999989], [75.8231799999994, 11.8282500000005], [75.82296999999926, 11.82735999999934], [75.82258999999979, 11.82626999999957], [75.8221699999995, 11.82554999999959], [75.82195999999935, 11.82509000000026], [75.82144999999943, 11.82482999999953], [75.82129999999964, 11.82488000000011], [75.82149000000025, 11.82452999999984], [75.82183000000076, 11.82445000000006], [75.82221000000023, 11.82440999999924], [75.82272000000015, 11.82495000000013], [75.8230500000009, 11.82570999999915], [75.82335000000059, 11.82663999999927], [75.82380999999984, 11.82753000000044], [75.82439999999953, 11.82819999999992], [75.82445000000003, 11.82917000000086], [75.82445000000003, 11.83006000000025], [75.82469999999923, 11.83035999999993], [75.82476999999923, 11.83040000000076]]}}, {"type": "Feature", "properties": {"id": 228, "zone": "Medium Hazard Zone", "FID": "228", "ZONE_": "Medium Hazard Zone", "SHAPE_Leng": "0.084408", "SHAPE_Area": "0.000078", "aarea": "0.952709"}, "geometry": {"type": "Polygon", "coordinates": [[75.81607000000078, 11.8272699999998], [75.81701000000066, 11.82777999999963], [75.81739000000013, 11.82710000000039], [75.8171999999995, 11.82641999999946], [75.81682000000004, 11.82504999999943], [75.81683999999947, 11.82457000000066], [75.81726999999952, 11.82464000000077], [75.81751000000072, 11.82573000000045], [75.81754999999977, 11.82638000000041], [75.81789000000029, 11.82720999999945], [75.81789000000029, 11.82782000000045], [75.81758000000083, 11.8283499999998], [75.81704999999961, 11.82896000000072], [75.8161400000008, 11.82857999999938], [75.8155700000007, 11.82777999999963], [75.81503999999948, 11.82695000000059], [75.8146199999992, 11.82623000000061], [75.81420000000068, 11.82623000000061], [75.81381999999944, 11.82656999999925], [75.81329000000008, 11.82718000000025], [75.81249000000024, 11.82775000000034], [75.81098000000019, 11.82775000000034], [75.81005999999982, 11.82740000000016], [75.80956999999943, 11.82695000000059], [75.80874000000038, 11.82690999999976], [75.80851000000071, 11.82725000000027], [75.8081700000002, 11.82790000000023], [75.80702999999994, 11.8280099999993], [75.80600000000051, 11.8281299999999], [75.8053199999995, 11.82790000000023], [75.80466999999953, 11.82767000000056], [75.80379999999967, 11.82797000000025], [75.8037199999999, 11.82865999999925], [75.80299999999991, 11.82896000000072], [75.80232000000068, 11.82927000000016], [75.80143999999927, 11.82979999999952], [75.80033999999974, 11.83043999999972], [75.79961999999976, 11.83097000000085], [75.79814000000077, 11.83105000000072], [75.79646999999927, 11.83090000000083], [75.79661999999917, 11.83009999999921], [75.79726999999913, 11.82971999999974], [75.79829000000065, 11.82922999999934], [75.7984799999995, 11.82898000000024], [75.79974000000037, 11.8272699999998], [75.8001999999997, 11.8260100000007], [75.80031000000055, 11.82481000000009], [75.80070999999954, 11.82402000000001], [75.80088000000072, 11.82327000000075], [75.80122999999912, 11.82275999999914], [75.80207999999946, 11.82252999999947], [75.80293999999957, 11.8230399999993], [75.80487999999968, 11.82481000000009], [75.80544999999987, 11.8260100000007], [75.80549000000069, 11.82610000000025], [75.80623000000018, 11.82641999999946], [75.80690999999933, 11.82633999999959], [75.80695000000016, 11.82632000000015], [75.80702000000018, 11.82622000000085], [75.80702000000018, 11.82575999999974], [75.80702000000018, 11.82521000000086], [75.80667999999967, 11.82474999999975], [75.80667999999967, 11.82410999999955], [75.80667999999967, 11.8236500000003], [75.80651000000034, 11.82309999999965], [75.80601000000027, 11.82259999999949], [75.80563000000072, 11.82195999999929], [75.80532999999926, 11.82102999999917], [75.80465999999977, 11.82032000000073], [75.80364999999988, 11.81942999999957], [75.80229999999938, 11.81841999999958], [75.80229999999938, 11.81799999999929], [75.80338999999914, 11.81804000000011], [75.8048299999991, 11.81891999999974], [75.80625999999938, 11.81947000000039], [75.80753000000001, 11.82011000000059], [75.80861999999978, 11.82064999999962], [75.80947000000012, 11.82166999999937], [75.80976000000014, 11.82234000000063], [75.8093000000008, 11.82296999999928], [75.80896000000028, 11.82356000000076], [75.80896000000028, 11.82418999999933], [75.80904999999983, 11.82487000000035], [75.80938000000057, 11.82567000000019], [75.81010000000065, 11.82618000000003], [75.81085999999958, 11.82622000000085], [75.81149, 11.82622000000085], [75.81221000000008, 11.82604999999966], [75.81288999999923, 11.82570999999915], [75.81335000000034, 11.82532999999968], [75.81377000000063, 11.82495000000013], [75.81389999999922, 11.82436000000052], [75.81418999999914, 11.82407000000059], [75.81470000000084, 11.82449000000088], [75.81508000000031, 11.82550000000087], [75.8153299999994, 11.82646999999995], [75.81607000000078, 11.8272699999998]]}}, {"type": "Feature", "properties": {"id": 229, "zone": "Medium Hazard Zone", "FID": "229", "ZONE_": "Medium Hazard Zone", "SHAPE_Leng": "0.023902", "SHAPE_Area": "0.000016", "aarea": "0.191412"}, "geometry": {"type": "Polygon", "coordinates": [[75.80512000000088, 11.83365000000046], [75.80452999999942, 11.83389999999965], [75.80398000000062, 11.83440999999948], [75.80356000000033, 11.83503999999991], [75.80309999999922, 11.83554000000007], [75.80196000000073, 11.83655999999974], [75.80183000000036, 11.83668000000034], [75.8017500000005, 11.83740000000032], [75.80136999999925, 11.8382899999997], [75.80082000000037, 11.83833000000052], [75.79997000000003, 11.83833000000052], [75.79917000000019, 11.83825000000066], [75.7984099999994, 11.83774000000082], [75.79853999999976, 11.83719000000017], [75.79883999999944, 11.83663999999952], [75.79972000000093, 11.83613999999945], [75.80056999999941, 11.83591999999954], [75.80119999999984, 11.83559000000057], [75.8019999999997, 11.83495000000037], [75.80279999999945, 11.83436000000076], [75.80300999999959, 11.83355999999914], [75.80348000000046, 11.83288999999966], [75.8047000000006, 11.83213000000072], [75.8055399999994, 11.83213000000072], [75.80625999999938, 11.83213000000072], [75.80731999999986, 11.83263000000079], [75.80723000000032, 11.83335000000077], [75.80673000000026, 11.83347999999936], [75.80659999999989, 11.83359999999996], [75.80643000000056, 11.83352000000009], [75.80584000000087, 11.83352000000009], [75.80512000000088, 11.83365000000046]]}}, {"type": "Feature", "properties": {"id": 230, "zone": "Medium Hazard Zone", "FID": "230", "ZONE_": "Medium Hazard Zone", "SHAPE_Leng": "0.013186", "SHAPE_Area": "0.000009", "aarea": "0.104182"}, "geometry": {"type": "Polygon", "coordinates": [[75.80875000000015, 11.84132999999926], [75.80909000000065, 11.84192000000073], [75.80891999999946, 11.84259000000021], [75.80870999999932, 11.84275999999954], [75.80846000000022, 11.8428899999999], [75.80819999999949, 11.8430100000005], [75.80774000000015, 11.84338999999997], [75.80736000000068, 11.84427999999936], [75.80697999999936, 11.84483000000001], [75.80625999999938, 11.84487000000084], [75.8055399999994, 11.84495000000062], [75.80491000000075, 11.84490999999979], [75.80441000000067, 11.84453000000033], [75.80436000000009, 11.84406999999921], [75.80462000000082, 11.84347999999951], [75.80515999999984, 11.84293000000072], [75.80614000000064, 11.84272000000058], [75.80664000000071, 11.84254999999939], [75.80726999999936, 11.84233999999925], [75.8076500000006, 11.84182999999942], [75.80808000000066, 11.84132999999926], [75.80875000000015, 11.84132999999926]]}}, {"type": "Feature", "properties": {"id": 231, "zone": "Medium Hazard Zone", "FID": "231", "ZONE_": "Medium Hazard Zone", "SHAPE_Leng": "0.010308", "SHAPE_Area": "0.000003", "aarea": "0.042549"}, "geometry": {"type": "Polygon", "coordinates": [[75.82200000000009, 11.85110999999959], [75.82207999999996, 11.85158000000047], [75.8217000000004, 11.8520399999998], [75.82154000000084, 11.85246000000009], [75.82128000000012, 11.85296999999992], [75.82120000000033, 11.85339000000021], [75.82111000000079, 11.85385999999922], [75.82111000000079, 11.85432000000034], [75.82120000000033, 11.85469999999989], [75.82149000000025, 11.8550400000004], [75.82120000000033, 11.85525000000055], [75.82090535714302, 11.85521071428542], [75.82090000000065, 11.85520999999972], [75.82082000000086, 11.8550400000004], [75.82043999999954, 11.85453000000048], [75.82030999999917, 11.85403000000041], [75.82034999999999, 11.85347999999976], [75.8202700000002, 11.85326999999961], [75.82048000000036, 11.8529299999991], [75.82064999999967, 11.85230000000044], [75.82085999999983, 11.85200000000076], [75.82094999999936, 11.85128000000078], [75.82154000000084, 11.85107000000064], [75.82200000000009, 11.85110999999959]]}}, {"type": "Feature", "properties": {"id": 232, "zone": "Medium Hazard Zone", "FID": "232", "ZONE_": "Medium Hazard Zone", "SHAPE_Leng": "0.015799", "SHAPE_Area": "0.000013", "aarea": "0.160895"}, "geometry": {"type": "Polygon", "coordinates": [[75.82102999999914, 11.81697999999963], [75.82186999999972, 11.81739999999992], [75.82229999999977, 11.81785999999916], [75.8230500000009, 11.81798999999953], [75.8235199999999, 11.81848999999969], [75.82397999999924, 11.81886999999915], [75.82428000000071, 11.81946000000063], [75.8245299999999, 11.81992999999964], [75.8248700000004, 11.82039000000075], [75.82508000000055, 11.82077000000031], [75.8248700000004, 11.82114999999978], [75.82407000000056, 11.8211900000006], [75.8231799999994, 11.82111000000073], [75.82237999999964, 11.82072999999949], [75.82195999999935, 11.82010000000083], [75.82144999999943, 11.81979999999928], [75.8206900000005, 11.81968000000054], [75.8202700000002, 11.81934000000003], [75.81989000000065, 11.81904000000034], [75.81963999999968, 11.8188300000002], [75.81963999999968, 11.81845000000064], [75.81917000000068, 11.81782000000021], [75.8195899999992, 11.81705999999941], [75.82022999999938, 11.81689000000009], [75.82102999999914, 11.81697999999963]]}}, {"type": "Feature", "properties": {"id": 233, "zone": "Medium Hazard Zone", "FID": "233", "ZONE_": "Medium Hazard Zone", "SHAPE_Leng": "0.016716", "SHAPE_Area": "0.000012", "aarea": "0.14745"}, "geometry": {"type": "Polygon", "coordinates": [[75.84785999999987, 11.8492100000003], [75.84785999999987, 11.84950000000023], [75.84785999999987, 11.85025999999925], [75.84785999999987, 11.85131999999974], [75.84782000000091, 11.85237000000055], [75.8473599999998, 11.85253999999987], [75.84680999999914, 11.85237000000055], [75.84642999999959, 11.85198999999922], [75.84642999999959, 11.85165000000049], [75.84639000000062, 11.85102000000005], [75.84639000000062, 11.85025999999925], [75.84639000000062, 11.84953999999928], [75.84639000000062, 11.84873999999943], [75.84650999999937, 11.84790000000063], [75.84684999999988, 11.84706000000005], [75.84752999999911, 11.84650999999939], [75.84823999999934, 11.8463800000009], [75.84926000000085, 11.84676000000036], [75.84975999999915, 11.84727000000019], [75.84975999999915, 11.84844999999951], [75.84926000000085, 11.84894999999958], [75.84836999999969, 11.84894999999958], [75.84785999999987, 11.84894999999958], [75.84785999999987, 11.8492100000003]]}}, {"type": "Feature", "properties": {"id": 234, "zone": "Medium Hazard Zone", "FID": "234", "ZONE_": "Medium Hazard Zone", "SHAPE_Leng": "0.060812", "SHAPE_Area": "0.000047", "aarea": "0.571606"}, "geometry": {"type": "Polygon", "coordinates": [[75.82546999999978, 11.74193999999987], [75.82510999999975, 11.74346999999945], [75.82553000000004, 11.74452000000018], [75.8254199999992, 11.74546999999982], [75.8245299999999, 11.74531000000026], [75.82342000000061, 11.74473000000032], [75.8230500000009, 11.74358000000029], [75.82126000000059, 11.74267999999937], [75.8205199999993, 11.74172999999972], [75.82094999999936, 11.74167999999914], [75.8220999999994, 11.74167999999914], [75.82284000000075, 11.74167999999914], [75.82358000000025, 11.74157000000016], [75.82404999999926, 11.74072999999949], [75.82483999999934, 11.73989000000078], [75.82583999999949, 11.73951999999921], [75.82674000000041, 11.7394700000004], [75.82741999999965, 11.73920999999976], [75.82805000000009, 11.73868000000041], [75.82894999999915, 11.73835999999933], [75.82942000000003, 11.73835999999933], [75.82999999999996, 11.73777999999948], [75.83005000000045, 11.73689000000009], [75.82948000000037, 11.73667999999995], [75.82847000000038, 11.73677999999925], [75.82747000000015, 11.7368399999996], [75.82599999999914, 11.73725999999989], [75.8250499999995, 11.73773000000076], [75.82400000000054, 11.73847000000026], [75.82284000000075, 11.73889000000055], [75.82221000000023, 11.73951999999921], [75.82178999999994, 11.73951999999921], [75.82063000000015, 11.73956999999971], [75.81926000000021, 11.73956999999971], [75.81799999999926, 11.73905000000011], [75.81789000000029, 11.73831000000061], [75.81814999999915, 11.73752000000062], [75.81862999999979, 11.73646999999981], [75.81941999999978, 11.73588999999996], [75.82042000000001, 11.73594000000045], [75.8208400000003, 11.73594000000045], [75.82068000000073, 11.7361999999994], [75.82068000000073, 11.73677999999925], [75.82099999999994, 11.73715000000082], [75.82184000000052, 11.73715000000082], [75.82321000000046, 11.73689000000009], [75.82446999999955, 11.73646999999981], [75.82562999999934, 11.73604999999952], [75.82662999999957, 11.73573000000031], [75.82747000000015, 11.73546999999967], [75.82826000000023, 11.73540999999932], [75.82953000000086, 11.73525999999943], [75.8304800000005, 11.73552000000016], [75.8309000000008, 11.7361000000001], [75.8309000000008, 11.73747000000003], [75.83069000000066, 11.73852000000076], [75.82999999999996, 11.7391000000007], [75.82815999999916, 11.7399399999995], [75.8271100000002, 11.74084000000042], [75.82678999999914, 11.74088999999914], [75.82610999999997, 11.74121000000013], [75.82546999999978, 11.74193999999987]]}}, {"type": "Feature", "properties": {"id": 235, "zone": "Medium Hazard Zone", "FID": "235", "ZONE_": "Medium Hazard Zone", "SHAPE_Leng": "0.031804", "SHAPE_Area": "0.000017", "aarea": "0.204417"}, "geometry": {"type": "Polygon", "coordinates": [[75.84316000000037, 11.74912000000037], [75.84230000000026, 11.74912000000037], [75.84166999999982, 11.74912000000037], [75.84166999999982, 11.74826000000027], [75.84218999999942, 11.74740000000017], [75.84333999999944, 11.74740000000017], [75.84454000000005, 11.74785999999951], [75.84575000000044, 11.74785999999951], [75.84713000000012, 11.74774000000068], [75.84799000000022, 11.74733999999991], [75.8485600000004, 11.74676999999974], [75.8495999999996, 11.74631000000049], [75.85051999999995, 11.7456700000002], [75.85115000000039, 11.74452999999994], [75.85224000000015, 11.74411999999941], [75.85326999999958, 11.74407000000069], [75.85441999999969, 11.74407000000069], [75.85522999999921, 11.74411999999941], [75.8552799999998, 11.74475999999961], [75.8545900000008, 11.74520999999909], [75.85355999999959, 11.74520999999909], [75.85253000000009, 11.74539000000004], [75.85166999999998, 11.74618999999988], [75.85092000000081, 11.74670999999948], [75.85023000000002, 11.74723000000085], [75.84971000000043, 11.74750999999923], [75.84885000000033, 11.74779999999916], [75.84799000000022, 11.74813999999967], [75.84713000000012, 11.74855000000029], [75.84614999999943, 11.74883000000045], [75.84505999999965, 11.74883000000045], [75.84431000000039, 11.74883000000045], [75.84374000000021, 11.74883000000045], [75.84316000000037, 11.74912000000037]]}}, {"type": "Feature", "properties": {"id": 236, "zone": "Medium Hazard Zone", "FID": "236", "ZONE_": "Medium Hazard Zone", "SHAPE_Leng": "0.022097", "SHAPE_Area": "0.00001", "aarea": "0.128001"}, "geometry": {"type": "Polygon", "coordinates": [[76.2093499999992, 11.63695999999981], [76.20883999999928, 11.63695999999981], [76.20842000000086, 11.63688000000003], [76.20772000000032, 11.63657000000058], [76.20722000000025, 11.63652999999976], [76.2066400000003, 11.63657000000058], [76.20621000000025, 11.63665000000036], [76.2055099999998, 11.63692000000085], [76.20500999999965, 11.63692000000085], [76.20377000000008, 11.63683999999921], [76.20331000000074, 11.63633999999914], [76.20327, 11.63579000000026], [76.20357999999946, 11.63517999999935], [76.20407999999952, 11.63517999999935], [76.20439000000076, 11.63549000000057], [76.20513000000025, 11.63549000000057], [76.20581999999925, 11.63544999999975], [76.20656000000054, 11.63536999999997], [76.2070600000006, 11.63536999999997], [76.20790999999916, 11.63536999999997], [76.20833999999921, 11.63564000000046], [76.20908000000058, 11.63587000000004], [76.21011999999976, 11.63599000000064], [76.2109700000001, 11.63599000000064], [76.21154999999996, 11.63556000000059], [76.21228999999946, 11.63479000000003], [76.2128699999994, 11.63479000000003], [76.21283000000044, 11.63521000000041], [76.21205999999988, 11.6357599999992], [76.21167000000057, 11.63614000000053], [76.2109700000001, 11.63668999999932], [76.21059000000055, 11.63668999999932], [76.2093499999992, 11.63695999999981]]}}, {"type": "Feature", "properties": {"id": 237, "zone": "Medium Hazard Zone", "FID": "237", "ZONE_": "Medium Hazard Zone", "SHAPE_Leng": "0.018318", "SHAPE_Area": "0.000008", "aarea": "0.103355"}, "geometry": {"type": "Polygon", "coordinates": [[76.20168000000017, 11.63257999999952], [76.20102000000045, 11.63284999999992], [76.20055999999934, 11.63315999999937], [76.20021000000084, 11.63350999999964], [76.2002900000007, 11.63385999999991], [76.2005200000003, 11.63424999999914], [76.20090999999961, 11.63483000000086], [76.20156999999924, 11.63493999999992], [76.20188000000056, 11.63532999999915], [76.20156999999924, 11.63536999999997], [76.20102000000045, 11.63536999999997], [76.20044000000051, 11.63521000000041], [76.19994000000044, 11.63498000000074], [76.19952000000015, 11.6344000000008], [76.1992100000007, 11.63350999999964], [76.1992100000007, 11.63284999999992], [76.19962999999913, 11.63207999999936], [76.20055999999934, 11.63169000000013], [76.20122000000083, 11.63133999999995], [76.20195000000056, 11.63133999999995], [76.20281000000067, 11.63161000000035], [76.20397000000047, 11.63169000000013], [76.20458999999936, 11.6318900000006], [76.20447000000063, 11.63249999999974], [76.20354000000042, 11.63270000000012], [76.20296000000056, 11.63270000000012], [76.20241999999958, 11.63257999999952], [76.2019199999995, 11.63249999999974], [76.20168000000017, 11.63257999999952]]}}, {"type": "Feature", "properties": {"id": 238, "zone": "Medium Hazard Zone", "FID": "238", "ZONE_": "Medium Hazard Zone", "SHAPE_Leng": "0.022144", "SHAPE_Area": "0.000012", "aarea": "0.147235"}, "geometry": {"type": "Polygon", "coordinates": [[76.06171999999972, 11.56029999999915], [76.0618200000008, 11.56062000000023], [76.0620400000007, 11.56091000000015], [76.06242999999994, 11.56105000000028], [76.06316999999943, 11.56133000000044], [76.06408999999988, 11.56171999999967], [76.06447999999911, 11.56199999999992], [76.06497999999918, 11.56261000000083], [76.06497999999918, 11.56295999999933], [76.06458999999995, 11.56309999999936], [76.06399000000057, 11.56307000000017], [76.06349000000041, 11.56288999999922], [76.06316999999943, 11.56261000000083], [76.06288999999927, 11.56221999999983], [76.06235999999991, 11.56190000000062], [76.06150999999957, 11.56164999999965], [76.06093999999939, 11.56143999999951], [76.06012000000011, 11.56086999999933], [76.06009000000083, 11.56016000000089], [76.06009000000083, 11.55941999999961], [76.06100999999941, 11.55896000000028], [76.06154000000063, 11.55889000000026], [76.06206999999999, 11.55889000000026], [76.06281999999916, 11.55889000000026], [76.06349000000041, 11.55846000000021], [76.06408999999988, 11.55800000000087], [76.06458999999995, 11.55772000000071], [76.06508000000035, 11.55772000000071], [76.06523000000014, 11.5583600000009], [76.06515000000037, 11.55896000000028], [76.06487000000011, 11.55924000000053], [76.06454999999913, 11.55952000000069], [76.06434000000085, 11.55960000000047], [76.06399000000057, 11.55976999999988], [76.06363000000054, 11.5598399999999], [76.06288999999927, 11.55995000000074], [76.06238999999911, 11.5599899999997], [76.06192999999986, 11.5599899999997], [76.06171999999972, 11.56029999999915]]}}, {"type": "Feature", "properties": {"id": 239, "zone": "Medium Hazard Zone", "FID": "239", "ZONE_": "Medium Hazard Zone", "SHAPE_Leng": "0.27922", "SHAPE_Area": "0.000513", "aarea": "6.279763"}, "geometry": {"type": "Polygon", "coordinates": [[76.09621999999948, 11.56164999999965], [76.09621999999948, 11.56204000000074], [76.09590000000027, 11.5627199999999], [76.0954000000002, 11.56288999999922], [76.09454999999977, 11.56317999999923], [76.09374000000025, 11.56321000000029], [76.09307000000076, 11.56314000000019], [76.09224999999971, 11.56267999999907], [76.09158000000023, 11.56254000000081], [76.09094000000003, 11.56240000000069], [76.09041000000069, 11.56214999999972], [76.08991000000061, 11.56169000000047], [76.08951999999952, 11.56162000000037], [76.08902999999921, 11.56162000000037], [76.08853000000092, 11.56162000000037], [76.08771999999954, 11.56183000000051], [76.0873300000003, 11.56211000000076], [76.0871100000004, 11.56230999999937], [76.08677999999965, 11.56226000000056], [76.08661000000033, 11.56156999999987], [76.08668000000034, 11.56077000000002], [76.08707999999933, 11.5605799999994], [76.08804000000052, 11.56036999999926], [76.08892000000014, 11.56022999999913], [76.08942000000022, 11.56022999999913], [76.08994999999958, 11.56022999999913], [76.09139999999937, 11.56009000000087], [76.09200000000052, 11.5598399999999], [76.09260999999965, 11.55931000000055], [76.09303000000004, 11.5591299999996], [76.09445000000046, 11.55782999999977], [76.0946600000007, 11.55718999999958], [76.09476999999967, 11.5566199999994], [76.09516000000077, 11.55613000000087], [76.09550999999918, 11.55594999999992], [76.09571999999932, 11.55559999999965], [76.09571999999932, 11.55507000000038], [76.09562000000001, 11.55467999999929], [76.09504999999993, 11.55374999999917], [76.09454999999977, 11.55374999999917], [76.09384999999932, 11.55374999999917], [76.0933100000002, 11.55383000000072], [76.09271000000082, 11.55424999999924], [76.09229000000053, 11.55436000000008], [76.09172000000036, 11.55445999999938], [76.09108000000016, 11.55445999999938], [76.09043999999997, 11.55445999999938], [76.08945999999926, 11.55361000000082], [76.08803000000076, 11.55299000000015], [76.08746000000068, 11.55149999999961], [76.08739000000057, 11.55141999999974], [76.08721999999946, 11.55146000000056], [76.08630000000088, 11.55146000000056], [76.08538000000043, 11.55146000000056], [76.08491999999931, 11.55124000000066], [76.08410000000003, 11.5512799999997], [76.08384610169499, 11.55128976531883], [76.08383999999931, 11.55128999999946], [76.08393375000858, 11.55108749998058], [76.08409000000027, 11.55075000000035], [76.08441999999926, 11.55077999999954], [76.08491999999931, 11.55077999999954], [76.08576999999966, 11.55077999999954], [76.08626999999981, 11.55075000000035], [76.08679999999917, 11.55063999999951], [76.0873300000003, 11.55046000000042], [76.08792999999967, 11.55018000000017], [76.08820999999993, 11.54946999999996], [76.08834999999996, 11.54875999999965], [76.08834999999996, 11.54816000000028], [76.08813999999983, 11.54716999999981], [76.08754000000044, 11.54617999999934], [76.0873300000003, 11.54546999999913], [76.08707999999933, 11.54448000000044], [76.08704000000039, 11.54349000000006], [76.0873599999995, 11.54284999999978], [76.08792999999967, 11.54401999999933], [76.08820999999993, 11.54483000000071], [76.08859999999916, 11.54567999999927], [76.08916999999924, 11.54638999999949], [76.08984000000059, 11.54721000000063], [76.09036999999987, 11.5482300000003], [76.09087000000002, 11.54882999999976], [76.09158000000023, 11.5491899999997], [76.09250000000068, 11.54951000000078], [76.09346000000009, 11.54951000000078], [76.09438000000044, 11.54951000000078], [76.09585999999945, 11.54890999999954], [76.09625000000054, 11.54847999999949], [76.0962899999995, 11.54773999999999], [76.0962899999995, 11.54728000000065], [76.0962899999995, 11.5464599999996], [76.0962899999995, 11.54579000000012], [76.09670999999979, 11.54557999999997], [76.0974900000001, 11.54567999999927], [76.09820000000032, 11.54628000000051], [76.0988400000006, 11.54638999999949], [76.09951, 11.54638999999949], [76.1001500000002, 11.54624999999945], [76.1008899999997, 11.54603999999931], [76.1015299999999, 11.54593000000024], [76.10178000000086, 11.54540000000089], [76.1033700000007, 11.5444399999997], [76.10421999999926, 11.54398000000037], [76.10440000000021, 11.54351999999926], [76.10464999999931, 11.5427400000008], [76.10454000000026, 11.54234999999971], [76.10440000000021, 11.54175000000033], [76.10428999999928, 11.54125000000017], [76.10454000000026, 11.54058000000078], [76.10483000000026, 11.54030000000053], [76.10521999999949, 11.5400100000006], [76.10524000000079, 11.53965000000066], [76.10495000000087, 11.53883999999928], [76.10441999999965, 11.53779000000033], [76.10425000000032, 11.53692000000047], [76.10412999999973, 11.53542000000017], [76.10378999999921, 11.53449000000005], [76.1034400000008, 11.5337899999995], [76.10296999999993, 11.53333000000017], [76.1022699999994, 11.53192999999917], [76.10047999999917, 11.53125000000002], [76.09871000000024, 11.53103000000011], [76.09830999999939, 11.53103000000011], [76.09742000000008, 11.53103000000011], [76.0962899999995, 11.53127999999922], [76.09547000000022, 11.53174000000033], [76.09476999999967, 11.53183999999963], [76.09395000000039, 11.53237000000085], [76.09348999999928, 11.53268999999997], [76.09303000000004, 11.53276000000008], [76.09250000000068, 11.53273000000079], [76.09231999999973, 11.53226999999968], [76.09245999999986, 11.5314500000004], [76.09281999999989, 11.53088999999999], [76.09295999999993, 11.53029000000061], [76.09278000000084, 11.52932999999943], [76.09252999999988, 11.52872999999997], [76.0921799999996, 11.5282299999999], [76.09200000000052, 11.52780999999961], [76.0919300000005, 11.52723999999943], [76.09182999999942, 11.52678000000019], [76.09182999999942, 11.52625000000083], [76.09175999999931, 11.5258900000008], [76.09098000000085, 11.52514999999952], [76.09013000000051, 11.5243699999992], [76.08923999999935, 11.52383999999985], [76.08825000000067, 11.52326999999967], [76.0879700000005, 11.52262999999947], [76.08778999999956, 11.52177999999913], [76.08825000000067, 11.52188999999997], [76.0894499999995, 11.52207000000092], [76.09034000000067, 11.52246000000015], [76.09079999999992, 11.52338000000051], [76.09264000000071, 11.52469000000019], [76.09362999999941, 11.52563999999983], [76.09419999999959, 11.52649999999993], [76.09504999999993, 11.52730999999945], [76.09562000000001, 11.52777000000056], [76.09618000000043, 11.52880000000008], [76.09649999999964, 11.52939999999945], [76.09682000000063, 11.52965000000042], [76.09819000000066, 11.53022000000059], [76.09951, 11.53032999999957], [76.10075999999933, 11.53032999999957], [76.1029299999991, 11.52993000000058], [76.1048200000005, 11.53165000000079], [76.1089300000003, 11.5343300000004], [76.11224000000036, 11.53461000000065], [76.11254000000012, 11.53327999999967], [76.11251000000084, 11.53314999999931], [76.11223000000068, 11.53233999999979], [76.11211999999975, 11.53195000000047], [76.11195000000042, 11.53160000000029], [76.11133999999952, 11.53113999999918], [76.11102000000031, 11.53077999999915], [76.1105599999992, 11.53052999999995], [76.10993000000053, 11.53017999999977], [76.10938999999964, 11.52996999999963], [76.10931999999953, 11.52994000000034], [76.10950000000048, 11.52987000000032], [76.10960999999955, 11.52856000000065], [76.10901000000008, 11.52774999999926], [76.10946999999942, 11.52772999999983], [76.11001000000032, 11.52772999999983], [76.11045000000013, 11.52772999999983], [76.11084999999912, 11.52772999999983], [76.11129000000071, 11.52766999999948], [76.11146000000012, 11.52747000000088], [76.11146000000012, 11.52702999999929], [76.11131999999999, 11.52665999999949], [76.11131999999999, 11.52621999999977], [76.11129000000071, 11.52592000000008], [76.11115000000066, 11.52518000000058], [76.11088000000018, 11.52457999999934], [76.11054999999944, 11.5242699999999], [76.11031, 11.52367000000052], [76.11021000000069, 11.52303000000033], [76.11021000000069, 11.52259000000051], [76.1102599999995, 11.52241999999933], [76.11031, 11.52262999999947], [76.11081999999992, 11.52330000000073], [76.11124000000021, 11.52364999999913], [76.11150000000085, 11.52426000000013], [76.11196000000018, 11.52556999999981], [76.11224000000036, 11.52649000000017], [76.11244000000082, 11.52714000000013], [76.1124, 11.52723999999943], [76.11247000000002, 11.52722999999967], [76.11310000000046, 11.5275199999996], [76.1137799999997, 11.5275199999996], [76.11434999999987, 11.52729000000002], [76.11442999999966, 11.52721000000024], [76.11457999999945, 11.52722999999967], [76.11641000000058, 11.52808999999977], [76.1180100000001, 11.5291199999992], [76.11842000000071, 11.52956000000088], [76.1187499999996, 11.52990999999928], [76.11864000000062, 11.52990999999928], [76.1192100000007, 11.53066000000032], [76.11954999999945, 11.53094000000057], [76.12161000000016, 11.53247999999983], [76.12240999999992, 11.53374000000079], [76.12308999999915, 11.53454000000054], [76.12399999999975, 11.53528000000004], [76.12377999999994, 11.53585000000022], [76.12326000000034, 11.53636999999981], [76.12228999999931, 11.53739999999924], [76.1208600000009, 11.53761999999914], [76.11983999999937, 11.53761999999914], [76.1188700000002, 11.53739999999924], [76.11886000000052, 11.53737000000004], [76.11782999999924, 11.53731999999946], [76.11685000000031, 11.5369100000007], [76.11556999999992, 11.53667999999926], [76.1147600000004, 11.53662000000078], [76.11389000000054, 11.53662000000078], [76.11300999999914, 11.53667999999926], [76.11219999999962, 11.53714000000037], [76.11180000000063, 11.53760999999938], [76.1115100000006, 11.53842000000076], [76.11161999999968, 11.53894000000036], [76.11225999999988, 11.53970999999914], [76.11281000000052, 11.53984999999918], [76.1130400000002, 11.54015000000073], [76.11314999999927, 11.54061999999974], [76.11321999999927, 11.54137000000087], [76.11378999999945, 11.54261000000044], [76.11411000000044, 11.54334999999993], [76.1144199999999, 11.54406000000015], [76.11494999999924, 11.54472999999963], [76.11527000000024, 11.54486999999976], [76.11591000000043, 11.54491000000049], [76.11665999999968, 11.5449800000006], [76.11726000000093, 11.54505000000062], [76.11765000000015, 11.54508999999957], [76.11803999999938, 11.54543999999984], [76.11871000000065, 11.54562000000079], [76.11938000000012, 11.54564999999999], [76.12026999999942, 11.5458699999999], [76.1210800000008, 11.54601000000002], [76.12170999999947, 11.54601000000002], [76.12164999999912, 11.54622000000017], [76.12147000000003, 11.54664000000046], [76.12147000000003, 11.54707000000051], [76.12199999999939, 11.5474900000008], [76.12230000000093, 11.54773999999999], [76.12263999999958, 11.54802000000015], [76.1237400000009, 11.54887000000049], [76.12427000000025, 11.5490900000004], [76.12540000000084, 11.5490900000004], [76.12646999999922, 11.5490900000004], [76.12731999999956, 11.54930000000054], [76.12787999999998, 11.54961999999975], [76.12805999999907, 11.54997000000002], [76.12817, 11.55047000000009], [76.12833999999931, 11.55085999999941], [76.12918999999965, 11.55103000000051], [76.12994000000069, 11.55103000000051], [76.13051000000087, 11.5511800000004], [76.13051000000087, 11.55174000000081], [76.13011999999978, 11.55196000000072], [76.1296199999997, 11.55196000000072], [76.12859000000029, 11.55196000000072], [76.12745999999969, 11.55174000000081], [76.12586999999985, 11.55163999999965], [76.12434000000026, 11.55120999999959], [76.12292999999951, 11.5505400000002], [76.12137000000072, 11.5498299999999], [76.12066000000051, 11.54925999999981], [76.11981000000017, 11.54855999999927], [76.11923999999999, 11.54817000000004], [76.11838999999965, 11.54785000000083], [76.11822000000033, 11.54776999999918], [76.11794999999984, 11.54776999999918], [76.11695999999938, 11.54730000000018], [76.11579999999958, 11.54718999999933], [76.11492999999972, 11.54718999999933], [76.11451999999919, 11.54718999999933], [76.1139999999996, 11.54723999999983], [76.11360000000062, 11.54752999999984], [76.1133599999994, 11.54781999999977], [76.11330000000092, 11.54829000000064], [76.11325000000033, 11.54910000000016], [76.11325000000033, 11.54974000000036], [76.11325000000033, 11.55047000000009], [76.11325000000033, 11.55054999999996], [76.11396000000056, 11.55124000000066], [76.11441000000013, 11.55172999999919], [76.11457999999945, 11.55309999999921], [76.11361000000038, 11.5536699999993], [76.11258000000086, 11.55356000000032], [76.11183999999959, 11.55304000000073], [76.11126999999941, 11.55263999999987], [76.11069999999923, 11.55263999999987], [76.10966999999981, 11.55263999999987], [76.10932999999929, 11.5537899999999], [76.10813000000054, 11.55413000000041], [76.10756000000038, 11.55493000000026], [76.10686999999959, 11.55617999999959], [76.10418999999997, 11.55630000000019], [76.10218999999961, 11.55476000000093], [76.10198999999923, 11.55426000000078], [76.10188999999993, 11.55358999999952], [76.10181000000014, 11.55292000000013], [76.10181000000014, 11.55198999999992], [76.10171000000084, 11.55156999999963], [76.10145999999988, 11.55111000000029], [76.10100000000054, 11.55040000000008], [76.10053999999943, 11.55011999999991], [76.10008000000018, 11.55037000000088], [76.09951, 11.55085999999941], [76.09943999999999, 11.55168000000047], [76.09955000000082, 11.55244999999925], [76.09958000000002, 11.55292000000013], [76.09958000000002, 11.55337999999937], [76.09958000000002, 11.55379999999966], [76.09936999999988, 11.55429999999982], [76.09916999999949, 11.55473999999955], [76.0990899999997, 11.55478000000037], [76.09844999999952, 11.55563000000071], [76.09834000000045, 11.55640999999926], [76.09813000000031, 11.55690999999933], [76.09752999999907, 11.55723000000031], [76.09689000000074, 11.55744000000046], [76.09632000000056, 11.55779000000073], [76.09600999999934, 11.5588599999992], [76.09600999999934, 11.55991999999968], [76.09621999999948, 11.56084000000013], [76.09621999999948, 11.56164999999965]]}}, {"type": "Feature", "properties": {"id": 240, "zone": "Medium Hazard Zone", "FID": "240", "ZONE_": "Medium Hazard Zone", "SHAPE_Leng": "0.059093", "SHAPE_Area": "0.000051", "aarea": "0.626252"}, "geometry": {"type": "Polygon", "coordinates": [[76.2590199999995, 11.61658999999962], [76.25878000000016, 11.61638999999924], [76.25783000000051, 11.61521999999969], [76.2576399999998, 11.6149499999992], [76.25708999999915, 11.61468000000057], [76.25685999999948, 11.61370999999963], [76.25732000000059, 11.61274000000046], [76.25806000000009, 11.6119400000007], [76.2591400000001, 11.61103000000002], [76.25983000000087, 11.61103000000002], [76.26045999999954, 11.61119999999934], [76.26057000000038, 11.61166000000045], [76.26068999999912, 11.61256999999936], [76.2614799999992, 11.61336999999912], [76.26171000000065, 11.6150199999993], [76.26228000000083, 11.61587999999941], [76.26262999999923, 11.6165700000001], [76.26337000000059, 11.6173099999996], [76.26382999999984, 11.61799000000062], [76.2648499999996, 11.61959000000022], [76.26576999999995, 11.62096000000015], [76.26679999999946, 11.62192999999932], [76.26834000000049, 11.62353000000079], [76.2703399999991, 11.62552999999938], [76.27060999999958, 11.62599000000049], [76.27075999999947, 11.62608000000003], [76.27180000000043, 11.6270700000005], [76.27225, 11.62792000000084], [76.27238000000037, 11.62904999999957], [76.27315000000092, 11.62968], [76.27373000000078, 11.62999999999921], [76.2742699999999, 11.63062999999965], [76.27435999999943, 11.63153000000057], [76.27435999999943, 11.63220000000005], [76.27418000000036, 11.63264999999954], [76.27354999999991, 11.63278999999966], [76.27260999999994, 11.63271999999965], [76.27260999999994, 11.63256], [76.27260999999994, 11.6318900000006], [76.27246999999991, 11.63117000000054], [76.27229000000082, 11.63045000000056], [76.27161999999957, 11.6294600000001], [76.27099000000091, 11.62874000000012], [76.27049000000075, 11.62796999999956], [76.26989999999937, 11.6270700000005], [76.2692700000007, 11.62602999999945], [76.26806000000033, 11.62517999999911], [76.26706999999986, 11.62468000000081], [76.26617000000081, 11.62383000000047], [76.26540000000024, 11.6227400000007], [76.2650900000008, 11.62219999999981], [76.26468000000027, 11.62180000000082], [76.26413999999929, 11.6211199999998], [76.26360000000027, 11.62067000000023], [76.26324000000022, 11.62017999999992], [76.26255999999921, 11.61923000000027], [76.26183999999924, 11.61815000000026], [76.26102999999962, 11.61693000000013], [76.2590199999995, 11.61658999999962]]}}, {"type": "Feature", "properties": {"id": 241, "zone": "Medium Hazard Zone", "FID": "241", "ZONE_": "Medium Hazard Zone", "SHAPE_Leng": "0.050264", "SHAPE_Area": "0.000043", "aarea": "0.520991"}, "geometry": {"type": "Polygon", "coordinates": [[76.20508999999952, 11.62255000000008], [76.20511000000081, 11.62255000000008], [76.20662000000088, 11.62109000000052], [76.20808000000035, 11.62063999999916], [76.20931000000016, 11.62059000000045], [76.21048999999947, 11.62090999999966], [76.21071999999914, 11.62177999999952], [76.21026999999957, 11.6235099999994], [76.2093999999997, 11.62473999999929], [76.20852999999993, 11.62560999999916], [76.20761999999924, 11.62629000000018], [76.20671000000041, 11.62733999999912], [76.20542999999994, 11.6279300000006], [76.20334000000003, 11.62830000000031], [76.20233000000003, 11.62830000000031], [76.20188000000056, 11.62751999999998], [76.2025599999997, 11.62660999999939], [76.20401999999918, 11.62634000000067], [76.20498000000045, 11.62593000000014], [76.20579999999973, 11.62570000000048], [76.2060299999994, 11.62501999999946], [76.20525000000086, 11.62514999999982], [76.20465999999946, 11.62514999999982], [76.20338000000085, 11.62514999999982], [76.20241999999958, 11.62473999999929], [76.20127999999931, 11.62447000000067], [76.20004999999951, 11.62442000000008], [76.19890999999915, 11.62387999999919], [76.19837000000004, 11.62305000000015], [76.19781999999938, 11.62233000000017], [76.19727000000059, 11.62154000000009], [76.19727000000059, 11.62113999999932], [76.1975899999998, 11.61995000000025], [76.19799000000057, 11.61969999999928], [76.19837000000004, 11.61945000000018], [76.1990900000001, 11.62000000000083], [76.1991899999994, 11.62024999999994], [76.19929000000049, 11.62051000000067], [76.1990900000001, 11.62067000000023], [76.19843000000039, 11.62105999999945], [76.19843000000039, 11.62147999999983], [76.19851000000016, 11.62233999999994], [76.19873999999983, 11.62288000000083], [76.19913000000092, 11.62314999999945], [76.1999799999994, 11.62329999999925], [76.20082999999974, 11.62334000000008], [76.20163999999934, 11.62334000000008], [76.20264999999925, 11.62354000000046], [76.20304000000034, 11.62419000000042], [76.20392999999964, 11.62442999999985], [76.20465999999946, 11.62422999999946], [76.20508999999952, 11.62399999999979], [76.20508999999952, 11.62322999999923], [76.20508999999952, 11.62255000000008]]}}, {"type": "Feature", "properties": {"id": 242, "zone": "Medium Hazard Zone", "FID": "242", "ZONE_": "Medium Hazard Zone", "SHAPE_Leng": "0.125912", "SHAPE_Area": "0.000245", "aarea": "3.002116"}, "geometry": {"type": "Polygon", "coordinates": [[76.1013299999995, 11.62094000000072], [76.10110999999961, 11.62130000000066], [76.10054999999919, 11.62168000000022], [76.09965000000012, 11.62182000000025], [76.09913000000053, 11.62205999999968], [76.0988400000006, 11.62310000000073], [76.09864999999989, 11.62367000000082], [76.09831999999915, 11.62442000000008], [76.09742000000008, 11.62528000000019], [76.0968099999991, 11.62542000000031], [76.09585999999945, 11.62536999999973], [76.09539000000044, 11.62490000000072], [76.09482000000025, 11.62447000000067], [76.0945400000001, 11.62390000000049], [76.09444000000079, 11.62285999999953], [76.09444000000079, 11.62205999999968], [76.09444000000079, 11.62148999999951], [76.09511000000019, 11.62130000000066], [76.09553000000048, 11.62130000000066], [76.09619000000019, 11.62130000000066], [76.09642999999963, 11.62130000000066], [76.09694999999921, 11.62096999999991], [76.09737999999926, 11.61959999999998], [76.09708999999934, 11.61831999999959], [76.09648000000011, 11.61785000000058], [76.0956700000006, 11.61771000000045], [76.09444000000079, 11.61765999999987], [76.09377999999921, 11.61714000000027], [76.09353999999986, 11.61662000000068], [76.09353999999986, 11.61591000000047], [76.09368999999967, 11.61571999999976], [76.0945400000001, 11.61571999999976], [76.09547999999998, 11.61571999999976], [76.09651999999916, 11.61571999999976], [76.09722999999939, 11.61571999999976], [76.09790000000064, 11.61577000000034], [76.0988400000006, 11.61600000000001], [76.09984000000075, 11.61600000000001], [76.10025999999927, 11.61571999999976], [76.10025999999927, 11.61506000000013], [76.09951, 11.61471999999962], [76.09827000000043, 11.6140599999999], [76.09765999999944, 11.61386999999919], [76.09737999999926, 11.61297000000013], [76.09733000000055, 11.61211999999979], [76.09704000000053, 11.61074999999985], [76.09694999999921, 11.60829000000015], [76.09651999999916, 11.60767999999915], [76.09619000000019, 11.60658999999938], [76.09619000000019, 11.60535999999957], [76.09719000000042, 11.60230000000049], [76.09898000000065, 11.60054999999923], [76.0993899999994, 11.60044000000016], [76.10013000000076, 11.59986999999998], [76.10128000000078, 11.59951999999971], [76.1023600000008, 11.59907000000023], [76.10304999999971, 11.59843999999979], [76.10390000000005, 11.59757999999969], [76.10402000000066, 11.59735000000002], [76.1043000000009, 11.59720000000013], [76.10496000000055, 11.59720000000013], [76.1061000000009, 11.59716999999907], [76.10754000000085, 11.59700999999951], [76.10857000000036, 11.5969399999994], [76.10891000000088, 11.59732000000074], [76.10901999999984, 11.59788999999914], [76.10901999999984, 11.59842000000027], [76.10887000000005, 11.59894999999962], [76.10864000000038, 11.59932999999909], [76.10842000000048, 11.60001000000011], [76.10814999999998, 11.60070000000089], [76.1078500000003, 11.60110999999964], [76.10747000000083, 11.60160999999971], [76.10684000000039, 11.60220999999908], [76.1064200000001, 11.60231999999993], [76.1054399999994, 11.60236000000075], [76.10504000000041, 11.60248999999934], [76.1037199999992, 11.60310000000025], [76.1025800000007, 11.60367000000043], [76.10148999999907, 11.60428999999932], [76.10065000000036, 11.60528999999955], [76.10073000000014, 11.60575000000066], [76.10125999999948, 11.60618000000071], [76.10159000000024, 11.60618000000071], [76.10244000000058, 11.60593999999942], [76.10347999999976, 11.60551999999913], [76.1043300000001, 11.60538000000087], [76.1047999999992, 11.60538000000087], [76.10593999999946, 11.60490000000023], [76.10673999999922, 11.60438000000064], [76.10699999999996, 11.60418000000026], [76.10770000000049, 11.60406999999942], [76.1081900000008, 11.60383999999975], [76.10879999999995, 11.60373000000068], [76.10956000000083, 11.60346000000028], [76.10986000000051, 11.60311999999977], [76.11046999999965, 11.6023999999998], [76.11133999999952, 11.6021299999993], [76.11217000000033, 11.60217000000013], [76.11309000000078, 11.60217000000013], [76.11366000000086, 11.60217000000013], [76.11426000000033, 11.60217000000013], [76.11456999999969, 11.60217000000013], [76.11510000000091, 11.60217000000013], [76.11548000000037, 11.60243000000086], [76.11573999999924, 11.60318999999979], [76.11573999999924, 11.60390999999986], [76.11540000000059, 11.60433000000014], [76.11506000000008, 11.60440999999993], [76.11404000000043, 11.60524000000074], [76.11357999999932, 11.60630999999921], [76.1135599999998, 11.60688999999915], [76.11333000000012, 11.60699999999999], [76.11275000000028, 11.60808999999968], [76.11173000000052, 11.60906000000071], [76.11007000000066, 11.6103700000003], [76.10704000000078, 11.61076999999929], [76.1064700000006, 11.61053999999971], [76.10569000000037, 11.61067999999974], [76.10541999999988, 11.61061999999949], [76.10447000000023, 11.61074000000009], [76.10355999999955, 11.61111999999956], [76.10290999999958, 11.61232999999993], [76.1031000000003, 11.61312999999969], [76.10362999999965, 11.61404000000037], [76.10419999999974, 11.61427000000004], [76.10507999999936, 11.61461000000055], [76.10594999999923, 11.6147999999994], [76.10738999999919, 11.61503000000084], [76.1081900000008, 11.61541000000031], [76.10842000000048, 11.61600999999977], [76.1081900000008, 11.61635999999995], [76.10723999999938, 11.61673999999951], [76.10618000000068, 11.61703999999919], [76.10511000000042, 11.61703999999919], [76.10390000000005, 11.61703999999919], [76.10223000000043, 11.61710999999921], [76.10029000000033, 11.61851999999997], [76.10006000000065, 11.61953999999972], [76.10047999999917, 11.62056999999915], [76.1013299999995, 11.62094000000072]]}}, {"type": "Feature", "properties": {"id": 243, "zone": "Medium Hazard Zone", "FID": "243", "ZONE_": "Medium Hazard Zone", "SHAPE_Leng": "0.109927", "SHAPE_Area": "0.000182", "aarea": "2.229133"}, "geometry": {"type": "Polygon", "coordinates": [[76.10189999999969, 11.59728999999968], [76.10036000000034, 11.59821000000012], [76.09962000000084, 11.59855000000063], [76.09756000000013, 11.5987800000003], [76.09641999999987, 11.59827000000038], [76.0963100000008, 11.5971800000007], [76.0963100000008, 11.59604000000034], [76.09734000000022, 11.59410000000023], [76.09778999999979, 11.5933499999992], [76.09876000000074, 11.59226999999919], [76.10059000000001, 11.59117999999942], [76.1032200000009, 11.59021000000034], [76.10331000000045, 11.59020000000058], [76.10409000000077, 11.5896300000004], [76.10541999999988, 11.58914999999976], [76.10618000000068, 11.58892000000018], [76.10659999999919, 11.5884000000005], [76.1073099999994, 11.58749999999967], [76.10801999999971, 11.58692999999949], [76.10949000000072, 11.58655000000002], [76.11076999999933, 11.58631000000059], [76.11199999999914, 11.58603000000043], [76.11312999999974, 11.58540999999967], [76.11398000000008, 11.58466000000041], [76.11469000000038, 11.58385000000089], [76.11540000000059, 11.58304999999927], [76.11606000000032, 11.5827200000003], [76.11695999999938, 11.58229000000024], [76.11758000000005, 11.58215000000021], [76.11974999999983, 11.58286000000042], [76.12097999999972, 11.58323999999989], [76.12178999999924, 11.58357000000072], [76.12284999999973, 11.58369999999922], [76.12520000000036, 11.58308000000033], [76.12622999999988, 11.58295999999972], [76.12600000000022, 11.5819300000003], [76.12588999999937, 11.58050999999978], [76.12531999999919, 11.5790799999995], [76.12616999999953, 11.5782199999994], [76.12759999999982, 11.57834], [76.12852000000018, 11.57891000000018], [76.12891999999917, 11.58095999999936], [76.1290300000001, 11.58232999999929], [76.12868999999958, 11.58398999999915], [76.12811999999941, 11.58535999999908], [76.12715000000024, 11.58569999999959], [76.12629000000014, 11.5861600000007], [76.12585000000033, 11.58645000000072], [76.12550000000014, 11.58638000000061], [76.12478000000007, 11.58618999999999], [76.12401999999928, 11.58606999999939], [76.12321999999952, 11.58588000000054], [76.1224600000005, 11.58561999999981], [76.12167000000042, 11.5857699999997], [76.12117000000035, 11.58648999999968], [76.12132000000024, 11.58728999999952], [76.12151000000085, 11.58797000000045], [76.12151000000085, 11.58872999999947], [76.12151000000085, 11.58914999999976], [76.12125000000013, 11.58944999999945], [76.12055999999934, 11.58959999999934], [76.11976999999935, 11.58952999999932], [76.11908000000044, 11.58919000000059], [76.11829000000036, 11.58884000000032], [76.11719000000082, 11.58880999999925], [76.11600999999973, 11.58857999999968], [76.11548000000037, 11.58857999999968], [76.1146399999998, 11.58864999999969], [76.11396000000056, 11.58899999999996], [76.11381000000075, 11.58967999999912], [76.11438000000093, 11.59051000000002], [76.11535999999977, 11.59127000000082], [76.11620000000035, 11.59183999999914], [76.11692000000042, 11.59207000000058], [76.11737999999967, 11.59222000000047], [76.11794999999984, 11.59264000000076], [76.11809999999973, 11.59312999999929], [76.11813000000079, 11.59353000000006], [76.11721000000034, 11.59369999999947], [76.11680999999957, 11.5942099999993], [76.11635000000024, 11.59524000000059], [76.11532000000082, 11.59598000000009], [76.1142400000008, 11.59706999999977], [76.11292999999935, 11.59667000000078], [76.11201000000077, 11.59547000000017], [76.1115100000006, 11.59430000000062], [76.11160999999991, 11.59403999999998], [76.1117599999998, 11.5934699999998], [76.1117599999998, 11.59290999999938], [76.11172000000076, 11.59217999999965], [76.1114199999993, 11.59158000000027], [76.11073000000029, 11.59096999999927], [76.10978000000064, 11.59058999999981], [76.10852999999953, 11.59036000000014], [76.10743000000001, 11.59058999999981], [76.10671000000004, 11.59088999999949], [76.1051900000002, 11.59187999999996], [76.10382000000027, 11.59222000000047], [76.1026099999999, 11.59324999999989], [76.1018499999991, 11.59468999999993], [76.10161999999943, 11.59590000000022], [76.10169999999921, 11.59684999999986], [76.10189999999969, 11.59728999999968]]}}, {"type": "Feature", "properties": {"id": 244, "zone": "Medium Hazard Zone", "FID": "244", "ZONE_": "Medium Hazard Zone", "SHAPE_Leng": "0.211049", "SHAPE_Area": "0.000262", "aarea": "3.199864"}, "geometry": {"type": "Polygon", "coordinates": [[76.12569000000076, 11.58993000000009], [76.12644000000003, 11.58935000000024], [76.12759999999982, 11.58866999999922], [76.12852999999994, 11.58823999999917], [76.12962999999947, 11.58781000000089], [76.13042999999922, 11.58781000000089], [76.1306800000002, 11.58787999999913], [76.13191000000009, 11.58843999999955], [76.13257999999948, 11.58875000000077], [76.13294999999927, 11.58942000000025], [76.1336300000003, 11.58985000000031], [76.13430999999945, 11.58991000000056], [76.13430999999945, 11.58948000000051], [76.13430999999945, 11.5888699999996], [76.13417999999908, 11.58806999999975], [76.13385999999987, 11.58770999999981], [76.134, 11.58747000000038], [76.13428000000025, 11.58610000000045], [76.13450999999984, 11.58535999999908], [76.1347399999995, 11.58467000000017], [76.1347399999995, 11.58359000000016], [76.13440000000085, 11.58289999999947], [76.13406000000035, 11.58222000000023], [76.13297000000057, 11.58158999999979], [76.13199999999964, 11.58148000000073], [76.1313699999992, 11.58165000000005], [76.1318300000003, 11.58091000000055], [76.13256999999972, 11.57976000000052], [76.134, 11.57954000000061], [76.13514000000035, 11.57964999999968], [76.13604999999917, 11.58072999999969], [76.1363399999991, 11.58165000000005], [76.1368000000002, 11.58308000000033], [76.13747999999946, 11.58535999999908], [76.13747999999946, 11.58702000000081], [76.1368000000002, 11.58827000000023], [76.13625999999933, 11.58880999999925], [76.13602999999965, 11.58948000000051], [76.13596999999939, 11.59077000000067], [76.13591000000092, 11.59151000000016], [76.13553999999934, 11.59151000000016], [76.13467999999924, 11.59181999999961], [76.13380999999937, 11.59181999999961], [76.13234000000014, 11.59181999999961], [76.13171999999938, 11.59181999999961], [76.13091999999962, 11.59181999999961], [76.13048999999957, 11.59200000000056], [76.12956999999912, 11.59237000000027], [76.12871000000088, 11.59293000000068], [76.12785000000078, 11.59353999999982], [76.12723999999979, 11.59476999999971], [76.12661999999911, 11.59556999999947], [76.12564000000017, 11.59698000000023], [76.12533000000073, 11.59802999999918], [76.12471000000006, 11.59931999999933], [76.12464999999972, 11.60011999999917], [76.12435000000002, 11.60211999999954], [76.12490000000068, 11.60420999999954], [76.12490000000068, 11.60468000000033], [76.12535000000025, 11.6051299999999], [76.12599000000046, 11.60547000000041], [76.12682999999926, 11.60570000000008], [76.12763000000088, 11.60652999999912], [76.12796999999952, 11.60718000000085], [76.12868999999958, 11.60815999999978], [76.12868999999958, 11.60923000000003], [76.12816000000024, 11.61066999999998], [76.12763000000088, 11.61131000000027], [76.12671000000043, 11.6120699999992], [76.1259599999994, 11.61275999999998], [76.12520000000036, 11.61305999999967], [76.12416999999917, 11.61313999999945], [76.12375000000065, 11.61320999999956], [76.12311000000045, 11.61352000000078], [76.12257999999933, 11.61385999999951], [76.12207999999917, 11.61491000000024], [76.12207999999917, 11.61566999999926], [76.12283999999997, 11.61665999999964], [76.12410000000092, 11.61672999999975], [76.12500999999975, 11.61665999999964], [76.12550000000014, 11.61665999999964], [76.1259599999994, 11.61695999999941], [76.12607000000023, 11.61759999999961], [76.12564999999994, 11.61839999999937], [76.1247000000003, 11.61901000000037], [76.12375000000065, 11.61901000000037], [76.12276999999995, 11.61901000000037], [76.12204999999997, 11.61886000000048], [76.12147999999979, 11.61854999999925], [76.12094000000067, 11.61809999999968], [76.12066000000051, 11.61773999999965], [76.1202200000007, 11.61745999999948], [76.11976999999935, 11.61765000000011], [76.1194599999999, 11.6182900000003], [76.1194599999999, 11.61879000000046], [76.11916000000022, 11.61923999999995], [76.1188199999997, 11.61951000000044], [76.1184799999992, 11.61991999999919], [76.11840999999909, 11.62010999999981], [76.11829000000036, 11.62041999999926], [76.11824999999953, 11.62087000000061], [76.11787000000007, 11.62144000000079], [76.11781999999948, 11.62161000000011], [76.11767999999935, 11.62204000000016], [76.11767999999935, 11.62284000000001], [76.11767999999935, 11.62341000000018], [76.11767999999935, 11.62401999999932], [76.1184799999992, 11.62427999999996], [76.11919999999917, 11.62393999999945], [76.11981000000017, 11.62336999999936], [76.12033999999953, 11.62336999999936], [76.12063999999921, 11.6236000000008], [76.12068000000004, 11.62408999999934], [76.12010999999985, 11.62500000000002], [76.11935000000084, 11.62550000000009], [76.11863000000086, 11.62609999999947], [76.1179800000009, 11.62664000000045], [76.11737999999967, 11.62694000000013], [76.11664999999992, 11.62728000000064], [76.11551999999942, 11.62788999999978], [76.1147899999996, 11.62845999999987], [76.11411000000044, 11.62895000000026], [76.11349999999945, 11.62910000000006], [76.11290000000007, 11.62903000000004], [76.1124, 11.62852999999997], [76.1119099999996, 11.62823000000029], [76.1119099999996, 11.62759000000009], [76.11339000000046, 11.62701999999991], [76.11494999999924, 11.62659999999963], [76.11563000000027, 11.62622000000007], [76.11582000000088, 11.62572999999976], [76.11590000000066, 11.6250799999998], [76.11590000000066, 11.62440000000056], [76.11590000000066, 11.6236000000008], [76.11551999999942, 11.62333000000031], [76.11486999999947, 11.62329999999925], [76.11333999999988, 11.62449999999986], [76.11246000000025, 11.62492000000024], [76.11228999999916, 11.6250799999998], [76.1117599999998, 11.62576000000082], [76.11110999999984, 11.62643999999998], [76.1104300000006, 11.62656000000058], [76.10947999999918, 11.62643999999998], [76.10867999999934, 11.62572], [76.1081900000008, 11.62480999999931], [76.10762000000072, 11.62375000000069], [76.10697000000076, 11.62310000000073], [76.10583000000041, 11.62279999999918], [76.10489000000052, 11.62279999999918], [76.10359000000061, 11.62261000000034], [76.10287000000064, 11.62174000000047], [76.10283999999957, 11.62082000000011], [76.10390000000005, 11.62067000000023], [76.10529999999927, 11.62055999999938], [76.10562000000026, 11.62054999999962], [76.10594999999923, 11.62089999999989], [76.10656000000014, 11.62139999999996], [76.10747000000083, 11.62144000000079], [76.10842000000048, 11.62144000000079], [76.10901999999984, 11.62139999999996], [76.10959000000003, 11.62144000000079], [76.11031, 11.62154999999985], [76.11076999999933, 11.62169999999965], [76.1125200000006, 11.62216000000076], [76.11274000000051, 11.62234999999961], [76.11357999999932, 11.62234999999961], [76.11453000000073, 11.62207999999921], [76.11540000000059, 11.62181000000058], [76.11635000000024, 11.62109000000052], [76.11645999999931, 11.62060000000021], [76.11664999999992, 11.61991999999919], [76.11737999999967, 11.61911999999934], [76.11775999999922, 11.61881999999966], [76.11821000000057, 11.61846999999947], [76.11866999999982, 11.61767999999939], [76.1188199999997, 11.61715000000004], [76.11908000000044, 11.61615999999957], [76.11908000000044, 11.61543999999959], [76.11886000000052, 11.61463999999975], [76.11801999999986, 11.61455999999997], [76.1172200000001, 11.61455999999997], [76.11664999999992, 11.61455999999997], [76.11608999999952, 11.61426000000028], [76.11563000000027, 11.61396000000059], [76.11540000000059, 11.61326999999981], [76.11540000000059, 11.61274000000046], [76.11540000000059, 11.61228999999911], [76.11555000000048, 11.61153000000009], [76.11555000000048, 11.61111999999956], [76.11540000000059, 11.61028000000075], [76.11486999999947, 11.61004999999931], [76.11456999999969, 11.60959999999974], [76.11510000000091, 11.60894999999978], [76.11582000000088, 11.60860999999936], [76.11657999999991, 11.60845999999947], [76.1172200000001, 11.6082299999998], [76.11772000000018, 11.60778000000032], [76.11779000000028, 11.6073199999992], [76.11778000000052, 11.60698000000047], [76.1180100000001, 11.60698000000047], [76.11863000000086, 11.60698000000047], [76.11967000000004, 11.60698000000047], [76.1201000000001, 11.6064800000004], [76.1201000000001, 11.60605000000035], [76.12037000000059, 11.60636999999947], [76.12120999999931, 11.60666999999925], [76.12192999999937, 11.60713000000036], [76.12192999999937, 11.60778000000032], [76.12189000000032, 11.6083500000004], [76.12174000000053, 11.60857000000031], [76.12102000000046, 11.60879999999998], [76.12060000000017, 11.60940999999911], [76.12060000000017, 11.6098299999994], [76.12060000000017, 11.61016999999991], [76.1198800000002, 11.61084999999916], [76.12003000000009, 11.61175999999975], [76.12068000000004, 11.61203000000024], [76.12132000000024, 11.61168999999973], [76.12231000000061, 11.6112300000004], [76.12321999999952, 11.61096], [76.12410000000092, 11.61066000000031], [76.12500999999975, 11.61021000000074], [76.12569000000076, 11.6098299999994], [76.1261799999993, 11.60909999999967], [76.1261799999993, 11.60803999999918], [76.12587999999961, 11.6073199999992], [76.12497000000079, 11.60683000000058], [76.12416999999917, 11.60636999999947], [76.12386999999949, 11.60564999999949], [76.12314999999941, 11.60477999999963], [76.12185999999926, 11.60405999999965], [76.12145000000051, 11.6036299999996], [76.12147999999979, 11.60333999999968], [76.12117000000035, 11.60239000000003], [76.12117000000035, 11.60122000000048], [76.12117000000035, 11.60067999999959], [76.12128999999918, 11.59959999999958], [76.12128999999918, 11.59854000000087], [76.12128999999918, 11.59788999999914], [76.12132000000024, 11.5969399999994], [76.12159000000064, 11.59611000000036], [76.12192999999937, 11.59549999999945], [76.12249999999946, 11.59482000000021], [76.12303000000068, 11.59444000000074], [76.12353000000074, 11.5943599999991], [76.12416999999917, 11.59412999999952], [76.12478000000007, 11.59397999999963], [76.12535000000025, 11.59355999999934], [76.12545999999932, 11.59332999999967], [76.12550000000014, 11.59258000000041], [76.12550000000014, 11.5919699999995], [76.12557999999993, 11.59106000000068], [76.12557999999993, 11.59067999999935], [76.12569000000076, 11.58993000000009]]}}, {"type": "Feature", "properties": {"id": 245, "zone": "Medium Hazard Zone", "FID": "245", "ZONE_": "Medium Hazard Zone", "SHAPE_Leng": "0.012902", "SHAPE_Area": "0.000007", "aarea": "0.083983"}, "geometry": {"type": "Polygon", "coordinates": [[76.13172999999914, 11.5748700000004], [76.13241000000016, 11.57529000000069], [76.1330899999994, 11.57552000000035], [76.13358999999947, 11.57586000000086], [76.13380999999937, 11.57609000000044], [76.13430999999945, 11.57639000000013], [76.13464999999995, 11.57647], [76.13514000000035, 11.57658000000084], [76.13548000000087, 11.57673000000064], [76.13551999999981, 11.57714999999915], [76.1354499999998, 11.57753000000048], [76.13509999999953, 11.57771999999933], [76.13464999999995, 11.57771999999933], [76.1341200000006, 11.57768000000028], [76.1336599999995, 11.57730000000082], [76.13321, 11.57684999999947], [76.13213999999967, 11.57666000000062], [76.13146000000052, 11.57654000000002], [76.13089000000033, 11.57616000000055], [76.13059000000065, 11.57577999999922], [76.13047000000005, 11.57529000000069], [76.13051000000087, 11.5748700000004], [76.13104000000023, 11.57457000000071], [76.13172999999914, 11.5748700000004]]}}, {"type": "Feature", "properties": {"id": 246, "zone": "Medium Hazard Zone", "FID": "246", "ZONE_": "Medium Hazard Zone", "SHAPE_Leng": "1.352082", "SHAPE_Area": "0.002716", "aarea": "33.196749"}, "geometry": {"type": "MultiPolygon", "coordinates": [[[[75.86436999999935, 11.73378000000052], [75.86369999999988, 11.73408999999988], [75.86357999999927, 11.7341300000007], [75.86297000000013, 11.73432999999931], [75.86211000000003, 11.73438999999966], [75.86119999999934, 11.73415000000023], [75.86065000000056, 11.73353999999923], [75.86028000000077, 11.73243999999978], [75.8600999999999, 11.73157999999968], [75.85973000000011, 11.73067000000086], [75.85949000000078, 11.73027999999977], [75.85930000000006, 11.72998999999984], [75.85900000000038, 11.72998999999984], [75.8587499999994, 11.72998999999984], [75.85814000000028, 11.73004000000034], [75.8576400000002, 11.73048999999991], [75.8560199999993, 11.73060000000075], [75.85513999999968, 11.73077000000016], [75.8540200000007, 11.73114999999963], [75.8529699999999, 11.73098999999998], [75.85180000000034, 11.7317700000003], [75.85090999999917, 11.73293000000009], [75.8501899999992, 11.73365999999983], [75.84964000000032, 11.73430000000011], [75.84958999999984, 11.73430000000011], [75.84892000000035, 11.73409999999964], [75.84869000000069, 11.73389999999926], [75.84806000000025, 11.73358999999981], [75.84806000000025, 11.73295999999938], [75.84806000000025, 11.73216999999929], [75.84785000000011, 11.73163999999994], [75.84727000000025, 11.73163999999994], [75.84675000000057, 11.73148000000038], [75.84638000000086, 11.73121999999965], [75.84627000000002, 11.73094999999925], [75.84627000000002, 11.7301700000007], [75.84684999999988, 11.72948000000001], [75.84701999999929, 11.72933999999988], [75.84697000000048, 11.7299999999996], [75.84762000000043, 11.73005999999986], [75.84805000000048, 11.7291399999995], [75.8490099999999, 11.7284500000005], [75.84975999999915, 11.72786000000088], [75.84979000000021, 11.72784999999935], [75.85061999999925, 11.72775000000004], [75.8507300000001, 11.72796000000019], [75.8507300000001, 11.72839000000024], [75.85064000000055, 11.72855999999956], [75.85024999999955, 11.72925000000034], [75.84916999999955, 11.73127000000023], [75.84907000000024, 11.73234000000048], [75.84929000000014, 11.73271999999995], [75.84958000000007, 11.73277000000053], [75.84993000000034, 11.73255000000063], [75.85035000000063, 11.73212000000057], [75.85057000000053, 11.73136999999954], [75.85063000000079, 11.73128999999976], [75.85101000000034, 11.73127000000023], [75.8515900000002, 11.73116999999915], [75.85211999999956, 11.7310099999995], [75.85243000000087, 11.7306399999998], [75.8528499999993, 11.72995000000079], [75.85347999999972, 11.72938000000071], [75.85400999999908, 11.72868999999993], [75.85469999999987, 11.72805999999949], [75.8554299999996, 11.72774000000028], [75.85591000000024, 11.72774000000028], [75.85607999999955, 11.72769999999946], [75.85608999999931, 11.72779000000087], [75.85636999999949, 11.72788000000041], [75.85679999999954, 11.72788000000041], [75.85715999999957, 11.72777999999924], [75.85767999999916, 11.72709000000032], [75.85798000000071, 11.72686000000066], [75.85853999999927, 11.72682999999959], [75.85909999999967, 11.72682999999959], [75.8599799999993, 11.72662999999921], [75.8606400000008, 11.72659999999993], [75.86136000000077, 11.72659999999993], [75.86182000000011, 11.7268999999997], [75.86182000000011, 11.72729000000071], [75.86161999999963, 11.72759000000039], [75.86146000000008, 11.72808000000079], [75.86139000000006, 11.72863999999934], [75.86132999999971, 11.72933000000012], [75.86132999999971, 11.72989000000054], [75.86132999999971, 11.73027999999977], [75.86146000000008, 11.73084000000018], [75.8617200000008, 11.73129999999943], [75.8620200000005, 11.73149000000014], [75.86219999999958, 11.73156000000016], [75.86244000000079, 11.73156000000016], [75.86267000000045, 11.73149000000014], [75.86283999999978, 11.73126000000047], [75.86290000000012, 11.73074000000088], [75.86299999999933, 11.73012000000021], [75.86302000000072, 11.72960000000061], [75.86304000000015, 11.72935999999932], [75.86306999999944, 11.7286700000004], [75.86306999999944, 11.72795000000043], [75.86306999999944, 11.72751000000061], [75.86306999999944, 11.72729000000071], [75.86306999999944, 11.72657000000073], [75.86306999999944, 11.72608000000033], [75.8631299999997, 11.72561999999922], [75.86342999999938, 11.72525999999928], [75.86391999999978, 11.72518999999917], [75.8645799999995, 11.7253500000006], [75.86500999999956, 11.72558000000026], [75.86542999999985, 11.72601000000031], [75.8658599999999, 11.72640999999931], [75.86633000000077, 11.72673000000029], [75.86651999999961, 11.72686000000066], [75.86727000000064, 11.72695999999996], [75.86799000000063, 11.72709000000032], [75.86861999999928, 11.72712999999928], [75.86937000000032, 11.72712999999928], [75.87009000000039, 11.72718999999963], [75.87059000000046, 11.72718999999963], [75.87088000000038, 11.72716000000034], [75.87095000000049, 11.72682999999959], [75.87084999999932, 11.72650000000071], [75.87065000000071, 11.72623999999998], [75.87052000000044, 11.72580999999993], [75.87031999999996, 11.72565000000028], [75.87026999999946, 11.72543000000038], [75.8701899999996, 11.72511999999915], [75.8702599999997, 11.72463000000062], [75.87036000000079, 11.72414000000022], [75.87036000000079, 11.72371000000017], [75.87031999999996, 11.72335000000023], [75.87012999999935, 11.7230899999995], [75.86967000000001, 11.72292000000018], [75.86914000000074, 11.72292000000018], [75.86880999999991, 11.72292000000018], [75.86870000000093, 11.7230600000003], [75.86814000000051, 11.72393000000008], [75.86679999999977, 11.72449000000049], [75.86552999999914, 11.72472000000016], [75.86411000000041, 11.72424999999929], [75.86268000000021, 11.72377000000052], [75.86094000000048, 11.72408999999973], [75.85958999999998, 11.72449000000049], [75.8573699999997, 11.72449000000049], [75.85562999999998, 11.72472000000016], [75.85389000000035, 11.7252000000008], [75.8519099999994, 11.72553999999944], [75.85116999999991, 11.72537000000012], [75.85043000000042, 11.72510999999939], [75.85027000000085, 11.72501000000009], [75.84968999999913, 11.72485000000053], [75.84879999999974, 11.72485000000053], [75.84758999999937, 11.72452999999954], [75.84732000000075, 11.72390000000088], [75.84684999999988, 11.72352999999931], [75.84669000000031, 11.72294999999937], [75.84627000000002, 11.72257999999967], [75.84569000000009, 11.72220999999987], [75.84547999999994, 11.72184999999993], [75.84521999999922, 11.72136999999929], [75.84442999999922, 11.72026999999976], [75.84359000000042, 11.71978999999921], [75.84310999999978, 11.71958000000085], [75.84238000000003, 11.71941999999942], [75.84085000000054, 11.71947999999977], [75.83994999999962, 11.71953000000026], [75.83894999999939, 11.72026999999976], [75.83921999999988, 11.72111000000043], [75.84006000000046, 11.72211000000057], [75.84137000000014, 11.72227000000022], [75.84252999999993, 11.72227000000022], [75.84343000000085, 11.72263999999992], [75.84380000000056, 11.72452999999954], [75.84411, 11.7264300000006], [75.84426999999957, 11.72759000000039], [75.84322000000061, 11.7284299999992], [75.84238000000003, 11.72859000000062], [75.84194999999998, 11.72884999999949], [75.8411099999994, 11.72895000000065], [75.84052999999948, 11.72921999999928], [75.84089999999927, 11.73005999999986], [75.8422699999992, 11.73027], [75.84310999999978, 11.73005999999986], [75.84426999999957, 11.72979999999913], [75.84496000000034, 11.7299000000003], [75.84563999999959, 11.73038000000085], [75.84584999999973, 11.73094999999925], [75.84584999999973, 11.73190000000067], [75.84574000000067, 11.73274999999923], [75.84511000000023, 11.73295999999938], [75.84432000000015, 11.73295999999938], [75.84390999999962, 11.73300999999996], [75.84390999999962, 11.73293000000009], [75.84433999999968, 11.73244999999955], [75.84455999999957, 11.73201999999949], [75.84455999999957, 11.7315299999991], [75.84439000000017, 11.73127000000023], [75.84380000000056, 11.73127000000023], [75.84257000000075, 11.73169000000052], [75.84144000000016, 11.73201999999949], [75.84042000000049, 11.73218000000092], [75.83962000000065, 11.73218000000092], [75.83907999999975, 11.73195999999915], [75.83859999999912, 11.7315299999991], [75.83799999999975, 11.73105000000033], [75.83791999999997, 11.73080999999912], [75.8377899999996, 11.73046000000071], [75.83751999999912, 11.72998000000008], [75.8371999999999, 11.72982000000043], [75.8360699999994, 11.72986999999924], [75.83561000000006, 11.73006999999962], [75.83495000000043, 11.73077000000016], [75.83328000000073, 11.7317700000003], [75.83188999999949, 11.73219000000059], [75.8309499999996, 11.7322399999994], [75.83022999999955, 11.73211000000081], [75.82956000000014, 11.7315500000004], [75.8283900000006, 11.73165999999946], [75.82771999999935, 11.73187999999937], [75.82705999999962, 11.73191000000043], [75.8248700000004, 11.73110000000091], [75.8236699999998, 11.73039000000061], [75.82372000000029, 11.7299999999996], [75.82372000000029, 11.72927999999954], [75.8241099999996, 11.72849999999922], [75.82437000000024, 11.7276899999997], [75.82460999999968, 11.72750000000085], [75.82589000000007, 11.72750000000085], [75.82727999999953, 11.72772000000076], [75.82961000000064, 11.72795000000043], [75.83106000000045, 11.72760999999992], [75.83355999999911, 11.72745000000036], [75.83511999999975, 11.72739000000001], [75.83623000000082, 11.72732999999975], [75.83745000000087, 11.72705999999926], [75.83918000000084, 11.72722000000069], [75.84123000000001, 11.72698999999924], [75.84202999999977, 11.72665000000051], [75.84235000000085, 11.72659000000025], [75.84245999999982, 11.72589999999947], [75.84245999999982, 11.72503999999937], [75.84175999999937, 11.72450000000025], [75.84125999999921, 11.72427000000059], [75.84029000000012, 11.72422000000009], [75.83894999999939, 11.72405000000068], [75.83790000000045, 11.72432999999907], [75.83678999999937, 11.72432999999907], [75.83595000000057, 11.72428000000035], [75.83533999999966, 11.72428000000035], [75.83473000000052, 11.72428000000035], [75.83359000000017, 11.72508000000019], [75.83323000000023, 11.72510999999939], [75.83162000000087, 11.7253299999993], [75.83038999999918, 11.72528000000058], [75.82978000000006, 11.72496999999926], [75.82971999999971, 11.72472000000016], [75.8297700000003, 11.72458000000004], [75.82994999999937, 11.72405000000068], [75.8303599999999, 11.72403999999914], [75.8304599999992, 11.72403999999914], [75.83086000000006, 11.72424999999929], [75.83110999999917, 11.72438999999941], [75.83338999999978, 11.72383000000077], [75.83417000000011, 11.72338999999918], [75.83467000000017, 11.72255000000038], [75.83457000000088, 11.72177999999982], [75.83455999999934, 11.72171999999956], [75.8339500000002, 11.72076999999992], [75.83389999999962, 11.71983000000004], [75.83511999999975, 11.71894000000065], [75.83718000000047, 11.71872000000074], [75.83894999999939, 11.71838000000023], [75.83908999999952, 11.71839], [75.83954000000087, 11.71802999999996], [75.84254999999936, 11.71702999999982], [75.84289999999963, 11.71761999999944], [75.84388000000034, 11.71824000000011], [75.84487000000081, 11.71832999999974], [75.84540999999992, 11.71877999999922], [75.84648999999993, 11.71935999999916], [75.84703000000083, 11.71981000000051], [75.84751999999935, 11.72076000000016], [75.84756000000017, 11.72128999999951], [75.84814999999979, 11.72206000000007], [75.84836999999969, 11.72258999999943], [75.84922000000003, 11.72313000000032], [75.85016999999968, 11.72340000000072], [75.85068999999928, 11.72414000000022], [75.85138000000005, 11.72453999999921], [75.85253000000009, 11.72453999999921], [75.85339000000019, 11.72424999999929], [75.85407999999919, 11.72350999999979], [75.8545900000008, 11.72305000000054], [75.85493999999929, 11.72213000000009], [75.85493999999929, 11.72143999999931], [75.85493999999929, 11.72081000000074], [75.85493999999929, 11.71999999999936], [75.8545400000003, 11.71913999999926], [75.85390999999977, 11.71861999999966], [75.85298999999942, 11.71853000000012], [75.85308000000073, 11.71815000000057], [75.85339999999995, 11.71752999999989], [75.85304000000001, 11.7163999999993], [75.85240999999948, 11.71600000000031], [75.85195999999999, 11.71555000000082], [75.85214000000086, 11.71528000000033], [75.85166999999998, 11.71506000000043], [75.85023000000002, 11.71494999999959], [75.84936999999992, 11.71488999999933], [75.84867999999915, 11.71483000000076], [75.84840000000075, 11.71481999999922], [75.8482199999999, 11.71456000000036], [75.84791000000045, 11.71362000000047], [75.84829999999968, 11.7121900000002], [75.84777000000032, 11.71128999999927], [75.84783000000058, 11.70982000000003], [75.84783000000058, 11.70910000000006], [75.84764999999972, 11.7085700000007], [75.84725000000073, 11.70773000000012], [75.84805000000048, 11.70787999999992], [75.84850999999982, 11.70787999999992], [75.84854000000088, 11.70787999999992], [75.8494200000005, 11.70718999999914], [75.85039999999935, 11.70695999999956], [75.85097999999928, 11.70695999999956], [75.85138000000005, 11.70695999999956], [75.85160999999972, 11.70724999999949], [75.85179000000058, 11.7076899999993], [75.8519300000007, 11.7076899999993], [75.8523999999998, 11.70874000000002], [75.85292999999908, 11.71087000000076], [75.85322000000086, 11.71162000000002], [75.85349999999924, 11.71241999999986], [75.8537300000007, 11.71298999999995], [75.85425000000029, 11.71350999999954], [75.85441999999969, 11.71397000000066], [75.85431000000064, 11.71449000000034], [75.85435999999935, 11.71512000000077], [75.8548800000008, 11.71637999999987], [75.85517000000074, 11.71736000000057], [75.8557400000009, 11.71833999999941], [75.8567800000001, 11.71861999999966], [75.85780999999952, 11.71822000000067], [75.8585000000003, 11.71752999999989], [75.85858999999985, 11.71743000000059], [75.85858000000009, 11.71718999999938], [75.8585000000003, 11.71722000000045], [75.85845999999948, 11.71703999999959], [75.85845999999948, 11.71660999999953], [75.85843999999996, 11.71637999999987], [75.85857000000033, 11.71632999999928], [75.85857000000033, 11.71628000000056], [75.85857000000033, 11.71574999999943], [75.85910999999943, 11.71526000000081], [75.85950000000044, 11.71522999999975], [75.85986000000048, 11.71483000000076], [75.86017999999969, 11.71435000000021], [75.86054999999939, 11.71356999999989], [75.86103000000003, 11.71373999999921], [75.86211999999979, 11.71373999999921], [75.86281000000058, 11.7131700000009], [75.86367000000068, 11.71248000000012], [75.86378999999941, 11.71178999999934], [75.86372999999917, 11.71116000000077], [75.86372999999917, 11.71052000000057], [75.86372999999917, 11.70982999999979], [75.86372999999917, 11.70915000000055], [75.86372999999917, 11.70851000000036], [75.86425000000052, 11.70804999999924], [75.86476000000036, 11.70781999999966], [75.86544999999937, 11.70753999999941], [75.86626000000066, 11.70724999999949], [75.8665999999994, 11.7068500000005], [75.86700000000016, 11.7063300000009], [75.8674599999995, 11.70580999999945], [75.86786000000026, 11.70564000000012], [75.8683199999996, 11.70506999999995], [75.86850000000045, 11.7044900000001], [75.86895999999979, 11.70391999999992], [75.86965000000058, 11.70340000000033], [75.87074000000025, 11.70340000000033], [75.87160000000036, 11.70340000000033], [75.87212000000004, 11.70351999999915], [75.87212000000004, 11.70489000000086], [75.87189000000038, 11.70542999999998], [75.87189000000038, 11.70586999999979], [75.87234999999961, 11.7068500000005], [75.8724000000002, 11.70787999999992], [75.87262999999987, 11.70891999999911], [75.87275000000048, 11.70977999999921], [75.87275000000048, 11.71034999999939], [75.87269000000013, 11.7108100000005], [75.87246000000046, 11.71143999999916], [75.87228999999937, 11.71148999999965], [75.87228999999937, 11.71202000000087], [75.87176999999977, 11.71202000000087], [75.87074000000025, 11.71202000000087], [75.87004999999957, 11.71202000000087], [75.8688399999992, 11.71207999999935], [75.86729000000017, 11.71225000000045], [75.86636999999972, 11.7130500000003], [75.86626000000066, 11.71321999999962], [75.8648200000007, 11.71363000000024], [75.86390000000026, 11.71397000000066], [75.86287000000084, 11.71517999999925], [75.86154999999962, 11.71569000000086], [75.86039999999959, 11.71628000000056], [75.86039999999959, 11.71637999999987], [75.8608600000007, 11.71689999999946], [75.86090999999942, 11.71730000000023], [75.8607400000001, 11.7176500000005], [75.86039999999959, 11.71793000000075], [75.86022000000051, 11.71816000000033], [75.86014114285862, 11.71827999999915], [75.85999000000083, 11.7185100000006], [75.85936000000041, 11.71867999999992], [75.85860999999927, 11.71867999999992], [75.85832999999911, 11.71875000000003], [75.85707000000002, 11.71938000000046], [75.85627999999994, 11.72000999999912], [75.85572999999928, 11.72048999999967], [75.85575000000058, 11.72107999999937], [75.85666999999926, 11.7207299999991], [75.85757999999986, 11.72049999999943], [75.85747000000079, 11.72132000000057], [75.85747000000079, 11.72212000000033], [75.8585000000003, 11.72251999999932], [75.85958999999998, 11.72257999999967], [75.86057000000078, 11.72257999999967], [75.86109000000037, 11.72257999999967], [75.86177999999929, 11.7224700000006], [75.86234999999947, 11.72241000000034], [75.8629799999999, 11.72241000000034], [75.86343999999914, 11.72235], [75.8648200000007, 11.72189000000075], [75.86515999999935, 11.7216100000005], [75.86515999999935, 11.72119999999997], [75.86515999999935, 11.72027999999952], [75.86492999999977, 11.71994000000088], [75.86464999999951, 11.7192500000001], [75.8644800000002, 11.71875999999979], [75.86453000000078, 11.71807000000079], [75.86455000000022, 11.71803999999972], [75.86500999999956, 11.7172599999994], [75.86586999999966, 11.71672000000038], [75.86651999999961, 11.71666999999979], [75.86715999999981, 11.71694000000028], [75.8672100000003, 11.71703999999959], [75.86737999999971, 11.71742000000083], [75.86758999999986, 11.71768999999945], [75.86780999999976, 11.71785000000088], [75.8683400000009, 11.71785000000088], [75.86888000000002, 11.71737000000033], [75.86909000000016, 11.71694000000028], [75.86909000000016, 11.7168899999997], [75.86909000000016, 11.71618999999916], [75.86915000000042, 11.71543999999998], [75.86989999999967, 11.71463000000038], [75.87027999999914, 11.71425000000091], [75.87087000000062, 11.71387999999934], [75.87194000000086, 11.71334000000022], [75.87269000000013, 11.71322999999938], [75.87370999999987, 11.71313000000008], [75.87451999999939, 11.71313000000008], [75.87521999999994, 11.71313000000008], [75.87566999999943, 11.71313000000008], [75.87592000000039, 11.71340000000057], [75.87691000000086, 11.71341000000033], [75.87699000000065, 11.71356000000013], [75.8774200000007, 11.71430999999939], [75.87768999999932, 11.71522000000008], [75.8782800000008, 11.71608000000018], [75.87903000000006, 11.71694000000028], [75.87989000000016, 11.71768999999945], [75.88025999999995, 11.71833999999941], [75.88133999999987, 11.71897999999961], [75.8826800000006, 11.71897999999961], [75.88327000000031, 11.71866000000049], [75.88327000000031, 11.71817000000009], [75.88311000000066, 11.71758000000048], [75.88251999999919, 11.71742000000083], [75.88165999999909, 11.71706000000088], [75.88164999999933, 11.71694999999995], [75.88164999999933, 11.71621000000054], [75.88193999999933, 11.71569000000086], [75.88256999999977, 11.71551999999976], [75.88342999999988, 11.71551999999976], [75.88417999999913, 11.71516999999949], [75.88428999999998, 11.71459999999932], [75.88486999999982, 11.71430999999939], [75.88566999999966, 11.71344999999929], [75.8863000000001, 11.71315999999936], [75.88728000000081, 11.71315999999936], [75.88790999999947, 11.71292999999969], [75.88813999999914, 11.71235999999952], [75.88803000000007, 11.71155], [75.88728000000081, 11.71114999999914], [75.88665000000037, 11.71058000000083], [75.88579000000027, 11.70999999999912], [75.88486999999982, 11.7093100000002], [75.88342999999988, 11.70867999999977], [75.8818200000005, 11.70781999999966], [75.88049999999929, 11.70666999999955], [75.88049999999929, 11.70569000000071], [75.88090000000015, 11.70465999999942], [75.88131000000068, 11.70362000000023], [75.88170999999967, 11.70253000000046], [75.88170999999967, 11.70206999999935], [75.88170999999967, 11.70144000000069], [75.88170999999967, 11.70081000000025], [75.88170999999967, 11.70024000000008], [75.88188000000085, 11.69930999999996], [75.88214999999948, 11.69917999999959], [75.88339000000092, 11.69917999999959], [75.88408999999959, 11.69917999999959], [75.8853400000007, 11.69917999999959], [75.8867900000005, 11.69917999999959], [75.88817999999996, 11.69917999999959], [75.88908000000079, 11.69938999999974], [75.88928999999916, 11.70050000000081], [75.88932999999999, 11.70153000000023], [75.88872000000084, 11.70230000000079], [75.88813999999914, 11.70317000000066], [75.8876299999993, 11.70379999999932], [75.88716999999997, 11.70499999999993], [75.88716999999997, 11.70598000000063], [75.88745000000013, 11.70736000000033], [75.88825999999973, 11.70879000000061], [75.88911999999983, 11.70924999999986], [75.88969000000002, 11.70982999999979], [75.88975000000028, 11.71046000000023], [75.88981000000062, 11.71114999999914], [75.88991999999959, 11.71177999999967], [75.88997999999994, 11.71224000000078], [75.8903800000007, 11.71315999999936], [75.89100999999937, 11.7137899999998], [75.8917600000004, 11.71385000000005], [75.89268000000085, 11.71385000000005], [75.89359999999944, 11.71385000000005], [75.89371000000028, 11.71344999999929], [75.89371000000028, 11.7124100000001], [75.89371000000028, 11.71132000000033], [75.89371000000028, 11.71046000000023], [75.89377000000063, 11.70919999999936], [75.89383000000088, 11.70828000000078], [75.89422999999987, 11.70736000000033], [75.89435000000047, 11.70678000000048], [75.8946899999992, 11.7062100000003], [75.8948600000003, 11.70574999999919], [75.8948600000003, 11.70491000000039], [75.8948600000003, 11.70392999999968], [75.89497999999914, 11.70357999999941], [75.89503999999938, 11.70261000000024], [75.89527000000092, 11.70197999999981], [75.8955499999993, 11.70191999999955], [75.89617999999975, 11.70129000000089], [75.89669999999934, 11.70047999999951], [75.89727999999918, 11.70037000000044], [75.89819999999963, 11.70024999999984], [75.8993399999999, 11.70037000000044], [75.90003000000068, 11.70066000000046], [75.90026000000034, 11.70139999999996], [75.90026000000034, 11.70232000000031], [75.90003000000068, 11.70312999999983], [75.89979999999923, 11.70386999999933], [75.89952000000085, 11.70449999999986], [75.89911000000032, 11.70519000000055], [75.89876999999981, 11.70571000000014], [75.89842999999931, 11.7064599999994], [75.89819999999963, 11.70725999999925], [75.89796999999997, 11.70778000000062], [75.89784999999937, 11.70852000000012], [75.89784999999937, 11.7092100000009], [75.89790999999971, 11.71002000000042], [75.89796999999997, 11.71076999999968], [75.89813999999929, 11.71121999999925], [75.89876999999981, 11.71174000000062], [75.89923000000093, 11.71191000000003], [75.89974000000076, 11.71193999999923], [75.89760000000027, 11.71354000000061], [75.89723000000046, 11.71353000000093], [75.89688999999996, 11.71366999999919], [75.89651000000049, 11.71395999999912], [75.8961199999994, 11.71428999999987], [75.89564000000063, 11.71449000000034], [75.8952599999993, 11.7145299999993], [75.89405000000079, 11.7145299999993], [75.89347000000085, 11.7145299999993], [75.89285000000018, 11.7145299999993], [75.89227000000032, 11.7146799999991], [75.8916399999998, 11.71486999999981], [75.89155000000027, 11.71490000000087], [75.8914199999999, 11.71506000000043], [75.89096000000065, 11.71521000000032], [75.89033000000022, 11.71535000000044], [75.8894999999993, 11.71596999999925], [75.88921999999914, 11.71687000000017], [75.88921999999914, 11.71699000000078], [75.8893000000007, 11.71732999999951], [75.8897699999998, 11.71800000000077], [75.88981000000062, 11.71816000000033], [75.8903800000007, 11.71902000000043], [75.89135999999964, 11.71931000000044], [75.89205000000042, 11.71941999999942], [75.89291000000053, 11.71941999999942], [75.89388999999936, 11.7192500000001], [75.89480999999981, 11.71867999999992], [75.8955000000005, 11.71816000000033], [75.89646999999967, 11.71769999999922], [75.89745000000038, 11.71735000000081], [75.89864999999921, 11.71694999999995], [75.89940000000024, 11.71666000000003], [75.90084000000029, 11.71569000000086], [75.90199000000031, 11.71534000000068], [75.90267999999924, 11.71419000000056], [75.90260999999921, 11.7139100000004], [75.9034200000006, 11.71339000000081], [75.90417999999953, 11.7131499999996], [75.90418999999929, 11.71320999999986], [75.9044300000005, 11.71351999999931], [75.90478000000077, 11.71406999999996], [75.90486000000055, 11.71457999999988], [75.90486000000055, 11.71514000000021], [75.90482999999949, 11.71551999999976], [75.90230999999953, 11.71674999999957], [75.90177000000041, 11.71700000000054], [75.90012999999999, 11.71757000000072], [75.8982300000007, 11.71843000000082], [75.89738000000035, 11.71903000000019], [75.89727999999918, 11.71906999999915], [75.89674999999993, 11.71932000000012], [75.8964300000007, 11.71945000000048], [75.89674000000016, 11.72012999999972], [75.89729000000081, 11.72083999999994], [75.8976899999998, 11.72095000000078], [75.8976899999998, 11.72176000000039], [75.89747999999966, 11.72279999999957], [75.89747999999966, 11.72364000000015], [75.89796999999997, 11.7238500000003], [75.89893999999913, 11.7238500000003], [75.89969999999994, 11.72300999999972], [75.90033000000037, 11.72266999999921], [75.90101999999938, 11.72259999999919], [75.90171000000007, 11.72259999999919], [75.90220000000046, 11.72266999999921], [75.90234000000059, 11.72307999999974], [75.9024100000006, 11.72371000000017], [75.9024100000006, 11.72446999999919], [75.9024100000006, 11.72515999999997], [75.9024100000006, 11.72607000000066], [75.90274999999924, 11.72675999999958], [75.9030299999995, 11.72717999999987], [75.90351999999982, 11.72724999999988], [75.90393000000043, 11.72710999999985], [75.90421000000059, 11.72682999999959], [75.90449000000085, 11.72640999999931], [75.90463000000088, 11.72626999999918], [75.90510999999974, 11.72626999999918], [75.90517999999976, 11.72675999999958], [75.90545999999992, 11.72724999999988], [75.90574000000018, 11.72787000000065], [75.90608000000069, 11.72808000000079], [75.90656999999922, 11.72822000000092], [75.90782000000033, 11.72848999999954], [75.90892999999961, 11.72897999999985], [75.90976000000043, 11.72897999999985], [75.91113000000045, 11.72920999999952], [75.91150000000016, 11.72920999999952], [75.91237999999979, 11.72920999999952], [75.91274999999949, 11.72920999999952], [75.9136799999997, 11.72911000000022], [75.91425999999956, 11.72900999999914], [75.91488000000022, 11.7284299999992], [75.91575999999985, 11.7282799999994], [75.91669999999974, 11.72817000000033], [75.9177899999995, 11.72811999999975], [75.91872999999939, 11.72796999999995], [75.91899000000012, 11.7278100000003], [75.91977000000044, 11.72745000000036], [75.92080999999962, 11.72645999999989], [75.9212800000005, 11.72614000000068], [75.9213799999998, 11.7259400000003], [75.92158999999995, 11.72521000000056], [75.92158999999995, 11.72416999999951], [75.92158999999995, 11.72338999999918], [75.92149000000065, 11.72271000000003], [75.9213799999998, 11.72235], [75.92101999999977, 11.72213999999985], [75.92071000000033, 11.72204000000055], [75.92029000000004, 11.72204000000055], [75.91929999999957, 11.72192999999971], [75.91898000000036, 11.72194999999923], [75.9183799999992, 11.72198000000029], [75.9179100000001, 11.72187999999912], [75.91705, 11.72187999999912], [75.91604999999977, 11.72235999999976], [75.91513999999918, 11.72249999999989], [75.91414000000081, 11.72283000000063], [75.91332999999943, 11.72283000000063], [75.91265999999995, 11.72278999999981], [75.91208999999978, 11.72255000000038], [75.91171000000031, 11.72212000000033], [75.91128000000026, 11.72141999999988], [75.91099000000033, 11.72102000000089], [75.91098000000056, 11.72077999999968], [75.9109499999995, 11.7203599999993], [75.91119000000072, 11.71941999999942], [75.91142000000038, 11.71880000000052], [75.91142000000038, 11.71817999999985], [75.91142000000038, 11.71755999999918], [75.91122999999968, 11.7171300000009], [75.9109000000008, 11.71683999999911], [75.91042000000016, 11.71665000000027], [75.91013999999998, 11.71651000000023], [75.90970999999993, 11.7163700000001], [75.90965999999935, 11.71588999999947], [75.90984999999998, 11.71545999999942], [75.91001999999939, 11.7152900000001], [75.91022999999953, 11.71507999999995], [75.91061000000077, 11.71484000000052], [75.91119000000072, 11.71479000000003], [75.9117600000009, 11.71470000000048], [75.91228000000048, 11.71459999999932], [75.91251999999983, 11.7145500000006], [75.91294999999988, 11.71427000000043], [75.91306000000081, 11.71398000000042], [75.91301000000023, 11.71377000000027], [75.91237999999979, 11.71370000000026], [75.91142000000038, 11.71370000000026], [75.91018000000072, 11.71384000000038], [75.90913999999977, 11.71389000000088], [75.9082400000007, 11.71407999999972], [75.90813999999953, 11.71402999999923], [75.90714999999906, 11.71399000000018], [75.90697999999975, 11.7141599999995], [75.90665000000077, 11.71440000000071], [75.90631000000026, 11.7146799999991], [75.9062799999992, 11.71465999999966], [75.9060000000009, 11.71442999999999], [75.90584999999915, 11.71402999999923], [75.90565000000063, 11.71356000000013], [75.90532999999955, 11.71325000000068], [75.90503999999963, 11.71289000000074], [75.90509000000021, 11.71286999999935], [75.90640999999957, 11.7124100000001], [75.90675000000007, 11.71177999999967], [75.90675000000007, 11.7108100000005], [75.90669999999957, 11.7101700000003], [75.90669999999957, 11.7094300000008], [75.90646999999991, 11.70896999999969], [75.90595000000032, 11.70804999999924], [75.90601000000058, 11.70689999999922], [75.90617999999999, 11.70627000000056], [75.90624000000024, 11.70557999999987], [75.9063499999993, 11.70454000000059], [75.9063499999993, 11.70374000000083], [75.9063499999993, 11.70259000000081], [75.90630000000058, 11.70132999999985], [75.90630000000058, 11.70046999999975], [75.9065200000005, 11.70029000000066], [75.90716000000069, 11.6994900000009], [75.90831000000072, 11.69896999999945], [75.90893999999938, 11.69909000000005], [75.90940000000049, 11.69966000000023], [75.90991000000032, 11.69982999999955], [75.91049000000017, 11.70024000000008], [75.91059999999923, 11.70097999999958], [75.91059999999923, 11.70178999999918], [75.91078000000019, 11.70241999999962], [75.91157999999994, 11.70241999999962], [75.91237999999979, 11.70235999999927], [75.91301999999999, 11.70247999999996], [75.91428000000086, 11.70264999999929], [75.9150800000007, 11.70293999999921], [75.9154299999991, 11.70350999999939], [75.91585999999916, 11.7037299999993], [75.91705, 11.70393999999944], [75.91813999999978, 11.70361000000047], [75.9182799999999, 11.70334999999974], [75.91853000000087, 11.70340000000033], [75.91899999999988, 11.70391999999992], [75.91957000000005, 11.70430999999915], [75.92009999999941, 11.70463999999989], [75.92048000000065, 11.70501999999945], [75.92112000000085, 11.70520000000031], [75.92118999999909, 11.70526000000066], [75.9217200000003, 11.70535999999996], [75.92261999999937, 11.70530999999938], [75.92333999999934, 11.70526000000066], [75.92404999999965, 11.70478999999978], [75.9244799999997, 11.70444999999927], [75.92525000000026, 11.70444999999927], [75.9260099999992, 11.70444999999927], [75.9269600000007, 11.70444999999927], [75.9277299999994, 11.70459999999916], [75.92825000000086, 11.70484000000037], [75.92868000000091, 11.70530999999938], [75.93020000000074, 11.70602999999935], [75.93087000000013, 11.70602999999935], [75.93192000000094, 11.70598000000063], [75.93282999999975, 11.70564999999988], [75.93363999999927, 11.70521999999983], [75.93426000000004, 11.70487999999932], [75.93526000000018, 11.70487999999932], [75.9362600000004, 11.70502999999921], [75.9368799999993, 11.70502999999921], [75.93749999999997, 11.70487999999932], [75.9375400000008, 11.70441000000032], [75.93749999999997, 11.70392999999968], [75.93740000000068, 11.70349999999963], [75.93670000000022, 11.70349999999963], [75.93654000000058, 11.70349999999963], [75.93597000000048, 11.70355000000021], [75.93516000000088, 11.70374000000083], [75.93473000000083, 11.70374000000083], [75.93405999999956, 11.70392999999968], [75.93334999999935, 11.70398000000026], [75.93282999999975, 11.70398000000026], [75.93210999999978, 11.70398000000026], [75.93130000000018, 11.70398000000026], [75.93044000000008, 11.70398000000026], [75.92977000000069, 11.70398000000026], [75.92915999999968, 11.70398000000026], [75.92900999999979, 11.70369000000025], [75.9283400000004, 11.70341000000009], [75.92814999999969, 11.70306999999958], [75.92743999999948, 11.70302000000086], [75.9267199999995, 11.70306999999958], [75.92625000000041, 11.7033599999995], [75.92531000000052, 11.70346000000067], [75.92513999999933, 11.70331000000078], [75.92468000000008, 11.70279999999909], [75.92445000000042, 11.70240000000009], [75.92478999999915, 11.7018800000005], [75.92564999999925, 11.70153000000023], [75.92605999999978, 11.70079000000082], [75.92669000000022, 11.70044000000055], [75.92726000000039, 11.70032999999971], [75.9280699999999, 11.70032999999971], [75.92904000000085, 11.70032999999971], [75.93008000000013, 11.70032999999971], [75.93157000000066, 11.70067000000013], [75.9326000000001, 11.7008999999998], [75.9327200000007, 11.70090999999956], [75.93311999999969, 11.70073000000047], [75.93397999999979, 11.70083999999954], [75.93512999999982, 11.7008999999998], [75.93582000000059, 11.7008999999998], [75.93685999999978, 11.70073000000047], [75.93765999999962, 11.70032999999971], [75.93829000000007, 11.69981000000003], [75.93932999999925, 11.69940999999926], [75.93983999999908, 11.6987800000006], [75.93915000000017, 11.69802999999956], [75.93736999999962, 11.69802999999956], [75.93553000000067, 11.69872000000034], [75.93420999999945, 11.69906000000085], [75.93289000000001, 11.69940999999926], [75.93202999999991, 11.69917999999959], [75.93087999999989, 11.69917999999959], [75.93008000000013, 11.69901000000027], [75.92899000000035, 11.69854999999916], [75.92794999999931, 11.69843000000033], [75.92669000000022, 11.69843000000033], [75.9261299999998, 11.69835000000055], [75.92537000000087, 11.69701999999957], [75.92526000000002, 11.69609999999921], [75.92537000000087, 11.69541999999997], [75.92491999999952, 11.69449999999961], [75.92496000000025, 11.69443999999927], [75.92455999999949, 11.69398000000002], [75.92369999999939, 11.69346000000043], [75.92254999999935, 11.69328999999924], [75.92129000000025, 11.69328999999924], [75.92020000000049, 11.69323000000076], [75.91978999999996, 11.69276999999965], [75.92014000000015, 11.69184999999929], [75.92030999999956, 11.69127999999911], [75.9210600000006, 11.69052999999985], [75.92295000000011, 11.69076999999928], [75.92369999999939, 11.69082999999953], [75.92496000000025, 11.69134999999913], [75.92570999999951, 11.69226999999958], [75.92605999999978, 11.69312999999968], [75.92632000000052, 11.6934199999996], [75.92646000000055, 11.6934199999996], [75.92713000000003, 11.69390000000024], [75.92726000000039, 11.69382000000037], [75.92784000000033, 11.69369999999977], [75.92857999999974, 11.69364999999927], [75.92915999999968, 11.6934199999996], [75.92956000000054, 11.69330000000078], [75.92989999999918, 11.69306999999933], [75.93024999999945, 11.69232999999983], [75.93071000000056, 11.69174999999998], [75.93145999999983, 11.69140999999947], [75.93173999999999, 11.69095000000014], [75.93196999999965, 11.69049000000089], [75.93196999999965, 11.69014000000062], [75.93196999999965, 11.68973999999976], [75.93202999999991, 11.68922000000017], [75.93266000000044, 11.68852999999948], [75.93318000000004, 11.68824999999923], [75.93369999999962, 11.68778999999998], [75.93416000000073, 11.68743999999971], [75.93439000000032, 11.68686999999953], [75.93455999999972, 11.68634999999994], [75.93467000000057, 11.68577999999976], [75.93467000000057, 11.68532000000051], [75.93467000000057, 11.68462999999973], [75.93461999999998, 11.6839999999993], [75.93426999999971, 11.68370999999937], [75.93352000000054, 11.68353999999996], [75.93248999999925, 11.68404999999988], [75.93151000000032, 11.6848599999994], [75.93139999999948, 11.68536999999923], [75.93133999999922, 11.68589000000069], [75.93133999999922, 11.68680999999927], [75.93133999999922, 11.68721000000004], [75.93133999999922, 11.68756000000031], [75.93087999999989, 11.68807000000014], [75.93024999999945, 11.68819000000075], [75.92950000000019, 11.68819000000075], [75.92880999999942, 11.68819000000075], [75.92726000000039, 11.68928000000052], [75.92662999999996, 11.68980000000011], [75.92599999999943, 11.69002999999978], [75.92518999999992, 11.69002999999978], [75.92427999999923, 11.68951000000019], [75.92375999999963, 11.68899000000059], [75.92324000000005, 11.68871000000034], [75.92283999999928, 11.68819000000075], [75.92254999999935, 11.68749999999997], [75.9217499999995, 11.68663999999986], [75.92151999999984, 11.68577999999976], [75.92215000000036, 11.6857199999995], [75.92221000000062, 11.68519999999991], [75.9224400000003, 11.68462999999973], [75.92295000000011, 11.68382000000022], [75.92455999999949, 11.68296000000011], [75.92583000000012, 11.68226999999933], [75.92656999999961, 11.68117999999956], [75.92714999999956, 11.68002999999953], [75.92714999999956, 11.67887999999951], [75.92675000000057, 11.67807999999966], [75.92617000000062, 11.67705000000024], [75.9250200000006, 11.67669999999997], [75.92410000000015, 11.67653000000064], [75.92359000000032, 11.67653000000064], [75.92283999999928, 11.67669999999997], [75.92071000000033, 11.67692999999963], [75.91973999999938, 11.67768000000067], [75.91915999999944, 11.67836999999959], [75.91899000000012, 11.67910999999909], [75.91853000000087, 11.68015000000014], [75.91777999999974, 11.68084000000092], [75.91657999999913, 11.68181], [75.91623000000072, 11.68250000000078], [75.91525999999978, 11.68273000000045], [75.91388000000009, 11.68273000000045], [75.9131899999993, 11.68250000000078], [75.9131899999993, 11.6817599999995], [75.9133600000005, 11.68123999999991], [75.91375999999948, 11.68084000000092], [75.91451000000052, 11.68049000000065], [75.91531000000028, 11.68008999999979], [75.91611999999988, 11.6796900000008], [75.91697999999998, 11.67910999999909], [75.91772999999925, 11.67836999999959], [75.91841999999994, 11.67756000000007], [75.91915999999944, 11.6764700000003], [75.91991000000057, 11.67567000000054], [75.9200000000001, 11.67541999999957], [75.92006000000036, 11.67537000000086], [75.92072999999985, 11.67497999999976], [75.92144000000006, 11.67439000000015], [75.9219499999999, 11.67398999999929], [75.92276999999926, 11.67339999999968], [75.92329000000063, 11.67321000000084], [75.92375999999963, 11.67296999999963], [75.9242300000005, 11.6727300000002], [75.9246299999995, 11.67261999999936], [75.92510000000037, 11.6725800000004], [75.92569000000007, 11.6725800000004], [75.92640000000029, 11.67261999999936], [75.9271399999998, 11.67296999999963], [75.92789000000083, 11.67312999999919], [75.92879999999965, 11.6732499999998], [75.92946999999913, 11.67360000000007], [75.93065000000021, 11.6746999999996], [75.93182999999954, 11.6746999999996], [75.93253999999983, 11.67451000000075], [75.93289000000001, 11.67403000000012], [75.93312999999945, 11.67344000000051], [75.93339999999993, 11.67280999999998], [75.93347999999972, 11.67242000000075], [75.93347999999972, 11.6718700000001], [75.93347999999972, 11.67112000000084], [75.93339999999993, 11.67041000000062], [75.9338000000007, 11.6695099999997], [75.93375999999988, 11.66902999999915], [75.93301000000062, 11.66868000000066], [75.93250000000079, 11.66863999999983], [75.93203999999967, 11.66863999999983], [75.9320599999992, 11.66860000000088], [75.93230000000041, 11.66778999999949], [75.93230000000041, 11.66689000000043], [75.93210999999978, 11.66621999999918], [75.93162999999915, 11.66597999999975], [75.93166999999997, 11.66581000000043], [75.93166999999997, 11.66510000000012], [75.93166999999997, 11.66458000000053], [75.93152000000008, 11.66410999999974], [75.93120000000087, 11.66395000000009], [75.93057000000044, 11.66415000000048], [75.9304800000009, 11.66418999999952], [75.9301899999991, 11.66415000000048], [75.92818000000075, 11.66460999999981], [75.92691999999988, 11.66479000000076], [75.92599999999943, 11.66512999999941], [75.92473000000066, 11.66582000000019], [75.9236400000009, 11.66633999999978], [75.9224400000003, 11.66680000000089], [75.92093999999999, 11.66822999999931], [75.92043000000015, 11.6688699999995], [75.92020000000049, 11.66908999999941], [75.91887999999928, 11.66995999999927], [75.91813000000002, 11.67029999999978], [75.91714999999931, 11.67076000000089], [75.91634999999955, 11.67076000000089], [75.91553999999995, 11.67076000000089], [75.91438999999991, 11.67076000000089], [75.91301999999999, 11.67093000000022], [75.91209999999954, 11.67070000000055], [75.91203999999928, 11.67023999999944], [75.91266999999971, 11.66984000000045], [75.91342000000076, 11.66949999999994], [75.91438999999991, 11.66943999999968], [75.9154299999991, 11.66921000000001], [75.91589000000022, 11.66880999999925], [75.91652000000065, 11.66818000000059], [75.91720999999966, 11.66818000000059], [75.91800999999941, 11.66818000000059], [75.91882000000079, 11.66794999999914], [75.91928000000004, 11.66771999999948], [75.92024999999921, 11.66713999999954], [75.92100000000025, 11.66661999999994], [75.92215000000036, 11.66594000000079], [75.92317999999979, 11.66541999999933], [75.92422000000074, 11.66506999999906], [75.92490999999976, 11.66438000000015], [75.92570999999951, 11.66397999999938], [75.92656999999961, 11.66369999999913], [75.92737999999922, 11.66329000000037], [75.92818000000075, 11.66294999999987], [75.92886999999976, 11.66243000000027], [75.92938999999934, 11.66186000000018], [75.92950000000019, 11.66081999999913], [75.92880999999942, 11.66035999999989], [75.92777999999998, 11.6603099999993], [75.9266499999994, 11.66047000000073], [75.92648999999983, 11.66013999999998], [75.9260099999992, 11.66009999999916], [75.92525000000026, 11.66009999999916], [75.92444000000066, 11.66009999999916], [75.92362999999936, 11.66019000000047], [75.92339999999969, 11.66034000000036], [75.92266999999995, 11.66002999999914], [75.92231999999969, 11.65979999999947], [75.92221000000062, 11.65917000000081], [75.92225999999934, 11.65835999999943], [75.92295000000011, 11.65755999999967], [75.92375999999963, 11.65698999999949], [75.92473000000066, 11.6563499999993], [75.92570999999951, 11.65595000000031], [75.92742999999972, 11.65588999999996], [75.92870000000043, 11.65607000000091], [75.9297200000001, 11.65607000000091], [75.93078000000058, 11.65546999999967], [75.93231000000017, 11.65473999999993], [75.93262999999938, 11.65432999999941], [75.93202000000015, 11.65365000000016], [75.93121000000063, 11.65278000000039], [75.92931999999924, 11.65202999999926], [75.9283699999996, 11.65202999999926], [75.92648000000007, 11.65241000000059], [75.92628999999945, 11.65233000000081], [75.92570999999951, 11.65209999999937], [75.92570999999951, 11.65181999999912], [75.92593999999917, 11.65152999999919], [75.92662999999996, 11.65135999999987], [75.92708999999921, 11.65106999999986], [75.92784000000033, 11.65071999999967], [75.92880999999942, 11.65049000000001], [75.9294499999996, 11.65020999999975], [75.93030999999971, 11.6496299999999], [75.93058999999997, 11.64893999999912], [75.93058999999997, 11.64837000000081], [75.93008000000013, 11.64808000000089], [75.92922000000003, 11.64808000000089], [75.92819000000051, 11.64818999999986], [75.92796000000094, 11.64768999999979], [75.92706000000001, 11.64763999999921], [75.9260099999992, 11.64774000000038], [75.9245300000002, 11.64806999999926], [75.92333999999934, 11.64835999999918], [75.92258000000041, 11.64835999999918], [75.92201000000024, 11.64835999999918], [75.92161999999914, 11.64806999999926], [75.9214300000003, 11.64745000000036], [75.92108000000012, 11.64745000000036], [75.92151999999984, 11.6470499999996], [75.92225999999934, 11.64630000000034], [75.92295000000011, 11.64573000000016], [75.92369999999939, 11.64503999999947], [75.92445000000042, 11.64406000000054], [75.92490999999976, 11.64297000000077], [75.92576999999986, 11.64199000000006], [75.92564999999925, 11.64153000000081], [75.92468000000008, 11.6417099999999], [75.92324000000005, 11.64291000000051], [75.92053999999914, 11.64463000000072], [75.91921999999978, 11.64560999999956], [75.91796000000069, 11.6457699999992], [75.91810000000082, 11.64553999999954], [75.9182799999999, 11.64503999999947], [75.91822999999931, 11.64458999999989], [75.91804000000047, 11.64429999999997], [75.91796000000069, 11.64417999999936], [75.91682000000034, 11.64424999999938], [75.91539000000014, 11.64523999999985], [75.91515000000072, 11.64528000000067], [75.91455999999924, 11.64518999999927], [75.91445999999993, 11.64499000000066], [75.9143199999999, 11.6446899999992], [75.91425999999956, 11.64461999999909], [75.9142200000006, 11.64415000000008], [75.91411999999943, 11.64380999999957], [75.91347999999923, 11.64380999999957], [75.91244000000005, 11.64389999999911], [75.91189999999915, 11.6440999999995], [75.91110999999907, 11.64503999999947], [75.91106000000035, 11.64573000000016], [75.91066999999934, 11.64611999999939], [75.91022999999953, 11.64616999999997], [75.90898999999987, 11.64681000000017], [75.90829999999919, 11.64710999999985], [75.90766000000076, 11.64731000000033], [75.90691999999949, 11.64736000000082], [75.90623000000048, 11.64754999999967], [75.90594000000056, 11.64813999999937], [75.90567999999983, 11.64833999999975], [75.90559000000029, 11.64833999999975], [75.90474999999971, 11.64833999999975], [75.9041099999995, 11.64813999999937], [75.9031799999993, 11.64754999999967], [75.9027800000003, 11.64731000000033], [75.90229000000001, 11.64661999999955], [75.9021900000007, 11.64573000000016], [75.90144999999943, 11.64518999999927], [75.90091000000031, 11.64435000000046], [75.90080999999923, 11.6433099999995], [75.9009600000009, 11.64218000000077], [75.9016499999998, 11.64163999999979], [75.90234000000059, 11.64163999999979], [75.90328000000046, 11.64163999999979], [75.90392000000067, 11.64163999999979], [75.90436000000048, 11.64163999999979], [75.90504999999939, 11.64163999999979], [75.90612999999941, 11.64139000000069], [75.90711999999986, 11.64095000000088], [75.90796000000044, 11.6406000000006], [75.90889000000057, 11.6402099999996], [75.90977999999996, 11.6402099999996], [75.91066999999934, 11.6402099999996], [75.91110999999907, 11.64005999999971], [75.91115999999965, 11.6395699999994], [75.91086999999973, 11.63939000000023], [75.91086999999973, 11.63924000000043], [75.91057000000004, 11.63883999999958], [75.91007999999964, 11.63830000000055], [75.91007999999964, 11.63790999999946], [75.91062000000053, 11.63731999999984], [75.91145999999934, 11.63702000000016], [75.91209999999954, 11.63681999999969], [75.91273999999973, 11.63666999999989], [75.91347999999923, 11.63632999999938], [75.91402000000012, 11.63584000000085], [75.9143199999999, 11.63538999999949], [75.91475999999962, 11.63485000000038], [75.9154500000004, 11.63441000000057], [75.91589000000022, 11.63421000000018], [75.9165300000004, 11.63366999999929], [75.91716000000085, 11.63327999999997], [75.91784000000008, 11.63336999999951], [75.91933000000063, 11.6338899999992], [75.92065999999974, 11.63393999999969], [75.92209000000001, 11.6338899999992], [75.92260999999961, 11.63348000000044], [75.92375999999963, 11.63284999999992], [75.92451000000077, 11.63211000000042], [75.92473000000066, 11.63141999999973], [75.92473000000066, 11.63067000000047], [75.92484999999941, 11.63010000000029], [75.92508000000085, 11.62934999999925], [75.92508000000085, 11.62866000000034], [75.92451000000077, 11.62809000000016], [75.92353000000006, 11.62790999999921], [75.92254999999935, 11.62825999999948], [75.92158000000019, 11.6287200000006], [75.92059999999948, 11.6287200000006], [75.9195099999997, 11.6287200000006], [75.91870000000019, 11.6287200000006], [75.91790000000034, 11.6287200000006], [75.91704000000024, 11.62929000000077], [75.91657999999913, 11.63010000000029], [75.91595000000056, 11.63067000000047], [75.91537000000062, 11.63100999999911], [75.9147400000002, 11.63129999999913], [75.91375999999948, 11.63096000000039], [75.91371000000076, 11.63010000000029], [75.9140499999994, 11.62895000000026], [75.9140499999994, 11.62802999999982], [75.91375999999948, 11.62744999999997], [75.91266999999971, 11.62763000000083], [75.91209999999954, 11.62843000000067], [75.91186999999987, 11.62963999999918], [75.91192000000045, 11.63038000000054], [75.91192000000045, 11.63147000000023], [75.91141000000061, 11.63244999999915], [75.91071999999984, 11.63297000000052], [75.91002999999905, 11.63371000000002], [75.90940000000049, 11.63435000000031], [75.90841999999978, 11.63469000000073], [75.90733000000002, 11.63550000000034], [75.90624000000024, 11.63601000000017], [75.9054899999992, 11.63613000000077], [75.90445999999979, 11.63607000000051], [75.9041099999995, 11.63550000000034], [75.9049200000009, 11.6347499999993], [75.90601000000058, 11.63435000000031], [75.90767000000052, 11.63313999999994], [75.90825000000038, 11.63244999999915], [75.90854000000039, 11.63159000000083], [75.90893999999938, 11.63061000000012], [75.90876999999996, 11.63020999999936], [75.90835999999943, 11.63020999999936], [75.90773000000078, 11.63032999999996], [75.90687000000068, 11.63100999999911], [75.90624000000024, 11.63192999999956], [75.90572000000066, 11.63256999999976], [75.90502999999987, 11.63297000000052], [75.90416999999977, 11.63307999999959], [75.90361999999911, 11.63343999999962], [75.90372000000028, 11.63318000000076], [75.90396999999939, 11.63257999999952], [75.90421000000059, 11.63224000000079], [75.90387000000008, 11.63224000000079], [75.90372000000028, 11.63213999999971], [75.90351999999982, 11.63215999999923], [75.90371000000052, 11.63169999999989], [75.90404999999916, 11.63106999999946], [75.9048000000003, 11.6304400000008], [75.90543000000072, 11.62987000000062], [75.90577999999913, 11.62900000000085], [75.90577999999913, 11.62796999999956], [75.90560999999981, 11.62728000000064], [75.90439999999944, 11.62751000000022], [75.90301999999974, 11.62814000000075], [75.90262000000075, 11.62888999999992], [75.90204000000081, 11.62975000000002], [75.90147000000073, 11.63004000000003], [75.90120999999999, 11.63015000000088], [75.90135000000012, 11.62996999999993], [75.90170000000039, 11.62938000000032], [75.90204000000081, 11.62868999999954], [75.90226000000072, 11.6285700000008], [75.90361999999911, 11.62701999999991], [75.90457000000062, 11.62563000000046], [75.90579000000066, 11.62668999999917], [75.9066199999997, 11.62724999999958], [75.90846000000052, 11.62641000000078], [75.90956999999982, 11.62497000000074], [75.91113000000045, 11.62519000000064], [75.91223999999966, 11.6259699999991], [75.91307000000047, 11.62651999999976], [75.91546000000017, 11.62613000000053], [75.91674000000056, 11.62651999999976], [75.91797000000045, 11.62708000000017], [75.9189700000006, 11.62724999999958], [75.92001999999954, 11.62680000000001], [75.92180000000009, 11.62619000000087], [75.92296999999964, 11.62573999999952], [75.92458000000079, 11.62535000000029], [75.9258599999994, 11.62497000000074], [75.92725000000063, 11.62497000000074], [75.9277000000002, 11.62551999999962], [75.92757999999961, 11.62680000000001], [75.92741999999996, 11.62758000000033], [75.92732000000065, 11.62767999999963], [75.92663999999972, 11.62836000000065], [75.92753000000089, 11.62930000000054], [75.92785999999977, 11.62972000000082], [75.92814000000001, 11.63008000000086], [75.92852999999924, 11.63053000000034], [75.92874999999916, 11.63107999999922], [75.92864000000009, 11.63169000000013], [75.92792000000011, 11.63247000000045], [75.92725000000063, 11.63244999999915], [75.9260799999993, 11.63241999999987], [75.92535999999924, 11.63297000000052], [75.92635999999946, 11.63402999999923], [75.92668000000046, 11.63414999999984], [75.9273599999997, 11.63442000000033], [75.92720000000004, 11.63502999999946], [75.9260799999993, 11.63608999999995], [75.92586999999916, 11.63637999999987], [75.92541999999959, 11.63702999999983], [75.92547000000017, 11.63781000000015], [75.92604000000026, 11.63804999999958], [75.92697000000047, 11.6370100000004], [75.92814000000001, 11.6363999999994], [75.92974999999929, 11.63579000000026], [75.93092000000071, 11.63594999999982], [75.93087000000013, 11.63729000000056], [75.93192000000094, 11.63868000000002], [75.93192000000094, 11.6396199999999], [75.93092000000071, 11.64062000000013], [75.93002999999955, 11.64162000000036], [75.92936000000006, 11.64257], [75.93002999999955, 11.64273999999932], [75.93174999999975, 11.64223999999925], [75.93293000000084, 11.64243999999964], [75.9343200000003, 11.64194999999924], [75.93586999999931, 11.64319000000067], [75.93658999999938, 11.64424999999938], [75.93644999999925, 11.64459999999965], [75.93620000000006, 11.64475999999921], [75.93570999999976, 11.64508999999996], [75.93521999999936, 11.64552000000001], [75.93434999999958, 11.64602000000017], [75.93373000000068, 11.6465800000005], [75.93287000000058, 11.6470700000009], [75.93231000000017, 11.64775000000005], [75.93237000000042, 11.64842999999929], [75.93304999999967, 11.64887000000088], [75.93304999999967, 11.64967000000073], [75.93211999999946, 11.65041000000023], [75.93211999999946, 11.65097000000055], [75.93237000000042, 11.65128], [75.93336000000089, 11.6514000000006], [75.93385999999919, 11.6516499999998], [75.93447000000019, 11.6525099999999], [75.93527999999971, 11.65281999999935], [75.93577, 11.65281999999935], [75.93613999999981, 11.65337999999976], [75.93689000000084, 11.65350000000037], [75.93713000000027, 11.65380999999981], [75.93726000000063, 11.65449000000083], [75.93720000000029, 11.6553600000007], [75.93676000000048, 11.65591999999925], [75.93633000000042, 11.65629000000082], [75.93570999999976, 11.65709000000057], [75.93546000000056, 11.65764999999921], [75.93503000000051, 11.65839000000049], [75.9345400000002, 11.65926000000035], [75.93423000000075, 11.65987999999925], [75.93397999999979, 11.66049000000025], [75.93397999999979, 11.66136000000003], [75.9348399999999, 11.66186000000018], [75.93596000000072, 11.66186000000018], [75.93713000000027, 11.66186000000018], [75.93800000000013, 11.66186000000018], [75.93905000000086, 11.6617100000003], [75.93986000000038, 11.66208000000009], [75.9400999999998, 11.66228000000047], [75.9403700000003, 11.6627900000003], [75.94137000000043, 11.66379000000053], [75.94169999999941, 11.66482999999972], [75.94163999999907, 11.66513999999917], [75.94138999999996, 11.66540999999957], [75.94083999999931, 11.66540999999957], [75.9400999999998, 11.66553000000017], [75.9396099999994, 11.66652000000064], [75.93954999999916, 11.66726000000014], [75.9393600000003, 11.66799999999964], [75.93905000000086, 11.66875000000076], [75.93862000000081, 11.66973999999937], [75.93849000000044, 11.67022999999968], [75.93843000000018, 11.67128000000049], [75.93843000000018, 11.67232999999944], [75.9386799999993, 11.6733199999999], [75.9392399999997, 11.67400000000092], [75.93966999999975, 11.67431000000037], [75.94016000000006, 11.67468000000007], [75.94059000000011, 11.67459000000053], [75.94133999999937, 11.67444000000065], [75.94245000000045, 11.67431000000037], [75.94362999999976, 11.67406999999907], [75.94412000000015, 11.67431000000037], [75.94412000000015, 11.6748700000007], [75.94326000000005, 11.67518000000014], [75.94232999999984, 11.67524000000049], [75.94176999999942, 11.67554999999994], [75.94152000000032, 11.6757300000008], [75.94133999999937, 11.67585999999939], [75.94102999999993, 11.67628999999944], [75.94102999999993, 11.67654000000041], [75.94127999999913, 11.67684999999985], [75.9420200000004, 11.67710000000082], [75.9427599999999, 11.67710000000082], [75.94349999999939, 11.67710000000082], [75.94425000000044, 11.67703000000071], [75.94492999999967, 11.67697000000046], [75.94578999999977, 11.67678999999951], [75.9464700000008, 11.67678999999951], [75.94665999999964, 11.67710000000082], [75.94641000000045, 11.67747000000053], [75.94572999999943, 11.67764999999961], [75.94486999999933, 11.67777999999998], [75.94399999999946, 11.67796000000092], [75.94326000000005, 11.67827000000037], [75.94258000000082, 11.67864000000008], [75.94244000000069, 11.6786800000009], [75.94196000000014, 11.6788300000007], [75.94127999999913, 11.67907999999989], [75.94072000000048, 11.67926000000075], [75.94016000000006, 11.67963000000054], [75.9396099999994, 11.68013000000061], [75.9396099999994, 11.68056000000067], [75.9396099999994, 11.68080999999986], [75.94046999999951, 11.68117999999956], [75.94203000000016, 11.68113000000084], [75.94226999999958, 11.68111999999931], [75.94282000000024, 11.68099000000072], [75.94381000000071, 11.68099000000072], [75.94448999999986, 11.68130000000017], [75.94498999999993, 11.68223000000038], [75.94529999999938, 11.68310000000015], [75.94572999999943, 11.68365000000089], [75.94628999999985, 11.68440000000007], [75.9463500000002, 11.68483000000012], [75.9463500000002, 11.68550999999936], [75.9463500000002, 11.68606999999978], [75.9463500000002, 11.68675000000079], [75.9463500000002, 11.68723999999933], [75.9463500000002, 11.68792000000034], [75.9463500000002, 11.68848000000067], [75.9463500000002, 11.68915999999991], [75.94592000000014, 11.68989999999941], [75.94517000000089, 11.69076999999928], [75.9447999999993, 11.69138999999995], [75.94431000000078, 11.69212999999945], [75.94338000000066, 11.69281000000047], [75.94226999999958, 11.69342999999937], [75.94109000000027, 11.69361000000023], [75.94016000000006, 11.69361000000023], [75.93946999999937, 11.69357999999916], [75.93865999999977, 11.69383000000013], [75.93776000000071, 11.69383000000013], [75.93679999999952, 11.6939399999992], [75.93672999999941, 11.69399999999954], [75.93672999999941, 11.6946700000008], [75.93740000000068, 11.69485999999964], [75.93826000000078, 11.69513999999981], [75.9390199999998, 11.69556999999986], [75.93921000000041, 11.69609999999921], [75.93993000000049, 11.69634000000042], [75.94059000000011, 11.69642999999996], [75.94160000000011, 11.69662000000058], [75.94179000000072, 11.69695999999932], [75.94179000000072, 11.69748000000069], [75.94160000000011, 11.69820000000075], [75.94163999999907, 11.69877000000084], [75.94163999999907, 11.69929000000043], [75.94111999999947, 11.69962999999917], [75.94068999999942, 11.69981999999979], [75.94002000000003, 11.70004999999946], [75.93964000000047, 11.70019999999934], [75.93964000000047, 11.70067000000013], [75.94002000000003, 11.70086000000084], [75.9403999999995, 11.70096000000014], [75.94074, 11.70144000000069], [75.94097999999943, 11.70187000000074], [75.94107000000075, 11.70257999999918], [75.94136000000067, 11.7031100000004], [75.94107000000075, 11.70371999999954], [75.94168999999965, 11.70434000000021], [75.9420200000004, 11.70492000000015], [75.94206999999912, 11.70557999999987], [75.94197999999957, 11.70638999999938], [75.94160000000011, 11.70672999999989], [75.94088000000013, 11.70681999999944], [75.94007000000052, 11.70696999999923], [75.93911999999911, 11.70715999999994], [75.93839999999912, 11.70739999999929], [75.93833000000089, 11.70744000000011], [75.93713000000027, 11.70744000000011], [75.93627000000016, 11.70744000000011], [75.93514999999934, 11.70737999999985], [75.93423000000075, 11.70774999999956], [75.93373000000068, 11.70823999999995], [75.93373000000068, 11.70904999999947], [75.93410000000038, 11.70947999999952], [75.93410000000038, 11.71003999999994], [75.93410000000038, 11.71059000000059], [75.93410000000038, 11.71075999999992], [75.93410000000038, 11.71133000000009], [75.93410000000038, 11.71189000000051], [75.93373000000068, 11.71270000000003], [75.93324000000028, 11.71349999999987], [75.93317000000027, 11.71406000000029], [75.93317000000027, 11.71436999999965], [75.93317000000027, 11.71473999999944], [75.93274000000022, 11.7152900000001], [75.9320599999992, 11.7156599999998], [75.9307000000008, 11.7156599999998], [75.92982999999916, 11.71559999999954], [75.92928000000029, 11.7147999999997], [75.92851999999948, 11.71444999999952], [75.92847000000077, 11.71442999999999], [75.92705000000025, 11.71442000000023], [75.92657999999938, 11.71440000000071], [75.92605999999978, 11.71383000000062], [75.92583999999988, 11.71344999999929], [75.92562999999973, 11.71306999999982], [75.92525000000026, 11.71263000000001], [75.92513999999933, 11.71214999999937], [75.92418000000002, 11.71161000000026], [75.9233000000004, 11.71030000000067], [75.92224999999966, 11.70946], [75.92129999999993, 11.70930000000044], [75.92019000000073, 11.71040999999964], [75.92036000000004, 11.71124000000055], [75.92101999999977, 11.7121900000002], [75.92074999999927, 11.71325000000068], [75.91985999999999, 11.71397000000066], [75.91935999999991, 11.71457999999988], [75.91973999999938, 11.71579999999993], [75.92240999999923, 11.71558000000002], [75.92403000000013, 11.71602999999959], [75.92697000000047, 11.71690999999922], [75.9285899999995, 11.71768999999945], [75.92902999999932, 11.71830000000045], [75.92948000000067, 11.7186399999991], [75.92974999999929, 11.71913999999926], [75.92998000000082, 11.71981000000051], [75.92998000000082, 11.71987000000077], [75.93008999999981, 11.71996000000031], [75.93015999999992, 11.72071999999934], [75.93015999999992, 11.72155999999991], [75.92953999999915, 11.72218000000068], [75.92953999999915, 11.72252999999908], [75.92898000000059, 11.72321999999986], [75.92835999999993, 11.72371000000017], [75.92779999999951, 11.72439999999918], [75.92779999999951, 11.72522999999999], [75.9277299999994, 11.72586000000043], [75.92725000000063, 11.72619999999916], [75.9263499999997, 11.72759000000039], [75.92592999999941, 11.72801000000068], [75.92537000000087, 11.72869999999969], [75.92453999999996, 11.72897999999985], [75.92350000000077, 11.72904999999996], [75.92121000000039, 11.73029999999929], [75.91988999999917, 11.7316200000005], [75.91877999999997, 11.73209999999927], [75.91767000000077, 11.73286999999983], [75.91648999999958, 11.73349000000051], [75.91412999999919, 11.73424999999953], [75.91323000000013, 11.73417999999951], [75.9123299999992, 11.73377000000076], [75.91100999999976, 11.73349000000051], [75.9101100000007, 11.73349000000051], [75.90857999999935, 11.73349000000051], [75.90754000000015, 11.73370000000065], [75.90684999999938, 11.73431999999955], [75.90531999999989, 11.73424999999953], [75.90490999999926, 11.73424999999953], [75.90421000000059, 11.73404999999915], [75.9032000000007, 11.73357000000029], [75.90240000000084, 11.7333699999999], [75.90164000000004, 11.73277000000053], [75.89984000000005, 11.73132000000082], [75.8980599999995, 11.73042999999965], [75.89761000000003, 11.73028999999953], [75.89610999999972, 11.72981000000076], [75.89494999999985, 11.72954000000027], [75.89403999999925, 11.72955999999979], [75.89372000000004, 11.7291399999995], [75.89177999999993, 11.72859000000062], [75.88849999999908, 11.72875000000018], [75.88754999999944, 11.72841999999943], [75.88573999999969, 11.72816000000057], [75.88449000000035, 11.72776999999948], [75.88256000000001, 11.72825999999987], [75.88139000000045, 11.72876999999971], [75.87875999999956, 11.73106999999985], [75.87544999999952, 11.7315500000004], [75.87349999999974, 11.73179999999959], [75.87322999999924, 11.7317700000003], [75.87219000000006, 11.73151999999934], [75.87115000000087, 11.73146000000085], [75.87024000000018, 11.7310300000008], [75.86919999999922, 11.73029999999929], [75.86859, 11.72956999999955], [75.86809999999969, 11.72943999999919], [75.86760999999929, 11.72943999999919], [75.8673099999996, 11.7299299999995], [75.86673999999952, 11.73098999999998], [75.86699000000048, 11.7315299999991], [75.86822000000029, 11.73214999999986], [75.87014000000089, 11.73240000000074], [75.87112999999957, 11.73240000000074], [75.87212000000004, 11.73264000000017], [75.87231000000067, 11.73363000000063], [75.87187000000085, 11.73381999999948], [75.87045000000033, 11.73381999999948], [75.86872000000037, 11.73381999999948], [75.86705000000075, 11.73381999999948], [75.86624999999913, 11.73381999999948], [75.86611000000086, 11.73378000000052], [75.86557999999964, 11.73360999999933], [75.86527000000028, 11.73351000000003], [75.86436999999935, 11.73378000000052]]], [[[75.87586000000013, 11.72731999999999], [75.87617999999925, 11.72743000000083], [75.87650000000033, 11.72747999999955], [75.87673999999967, 11.72747999999955], [75.87773000000014, 11.72686000000066], [75.8801000000003, 11.72536000000036], [75.88148999999976, 11.72427000000059], [75.88127999999962, 11.72377000000052], [75.88053000000035, 11.72340000000072], [75.88023000000067, 11.72321999999986], [75.87907000000088, 11.72321999999986], [75.87776999999919, 11.72205000000031], [75.87725999999927, 11.72213999999985], [75.87667999999941, 11.72178999999958], [75.87634000000068, 11.72221999999963], [75.87629000000018, 11.72292000000018], [75.87629000000018, 11.72344999999953], [75.87615000000007, 11.72399000000042], [75.87622000000007, 11.72400999999995], [75.87566999999943, 11.72631], [75.87573999999954, 11.72708000000056], [75.87586000000013, 11.72731999999999]]]]}}, {"type": "Feature", "properties": {"id": 247, "zone": "Medium Hazard Zone", "FID": "247", "ZONE_": "Medium Hazard Zone", "SHAPE_Leng": "0.03979", "SHAPE_Area": "0.000029", "aarea": "0.350407"}, "geometry": {"type": "Polygon", "coordinates": [[75.9822899999999, 11.63188000000084], [75.98229999999967, 11.6319199999998], [75.98229999999967, 11.63249999999974], [75.98183000000066, 11.63303000000087], [75.98141000000037, 11.63305000000039], [75.98083000000042, 11.63263999999978], [75.9805699999997, 11.63190000000028], [75.98021999999943, 11.63106999999946], [75.97976999999995, 11.6301700000004], [75.97919999999976, 11.62947999999962], [75.97876999999971, 11.6289199999992], [75.97854999999981, 11.62848999999915], [75.9784500000005, 11.62829000000055], [75.97819999999953, 11.62780000000024], [75.97804999999974, 11.62750000000055], [75.97794000000067, 11.62729000000032], [75.97768999999971, 11.62681999999953], [75.97737000000049, 11.62653999999928], [75.97705999999927, 11.6264599999995], [75.97679000000065, 11.62643999999998], [75.9766099999997, 11.62623999999959], [75.97616000000012, 11.62579000000002], [75.97571000000063, 11.62566999999942], [75.97538999999965, 11.62586999999989], [75.97523999999976, 11.62599000000049], [75.97503999999938, 11.62620000000063], [75.97494000000007, 11.6264599999995], [75.97494000000007, 11.62679000000025], [75.97534000000084, 11.62710999999946], [75.97582999999938, 11.6273199999996], [75.9758700000002, 11.6273199999996], [75.97608000000034, 11.62745999999973], [75.97659000000017, 11.62766000000011], [75.97666000000028, 11.62771000000069], [75.97716000000035, 11.62804999999934], [75.97739000000001, 11.62830000000031], [75.9774699999998, 11.62871000000083], [75.9774699999998, 11.62903000000004], [75.97717999999988, 11.62913999999911], [75.97679000000065, 11.62910999999982], [75.9763399999993, 11.62874999999988], [75.97602000000009, 11.62839999999961], [75.97585000000076, 11.62838000000009], [75.9753299999993, 11.62831000000007], [75.97421000000034, 11.62831000000007], [75.97330999999942, 11.62786000000049], [75.9730899999995, 11.62688999999955], [75.9730899999995, 11.62614000000029], [75.97330999999942, 11.62487999999942], [75.97383000000079, 11.62405000000038], [75.97450000000026, 11.62346000000068], [75.97554999999922, 11.62346000000068], [75.97630000000025, 11.62346000000068], [75.97711999999953, 11.62346000000068], [75.9780100000007, 11.62368000000058], [75.97861000000016, 11.62442999999985], [75.97905999999963, 11.62555000000068], [75.97972999999912, 11.62673999999966], [75.97998000000008, 11.62737999999986], [75.9797099999996, 11.62758000000033], [75.97967000000064, 11.62782999999943], [75.97953000000051, 11.62822000000053], [75.97972999999912, 11.62868999999954], [75.97998000000008, 11.62909000000039], [75.98005999999987, 11.62927999999924], [75.98012000000021, 11.62965000000081], [75.98021999999943, 11.62996999999993], [75.98027999999978, 11.63030000000068], [75.98055000000026, 11.63055999999963], [75.98072999999935, 11.63075000000025], [75.98093999999949, 11.6310300000005], [75.98112000000036, 11.6312799999996], [75.98123999999918, 11.63143999999916], [75.98144999999933, 11.6316700000007], [75.98163000000018, 11.63177], [75.98195999999916, 11.63191000000004], [75.9822899999999, 11.63188000000084]]}}, {"type": "Feature", "properties": {"id": 248, "zone": "Medium Hazard Zone", "FID": "248", "ZONE_": "Medium Hazard Zone", "SHAPE_Leng": "0.008478", "SHAPE_Area": "0.000004", "aarea": "0.047606"}, "geometry": {"type": "Polygon", "coordinates": [[75.97264999999969, 11.6356300000007], [75.97266999999921, 11.63599000000064], [75.97261000000074, 11.63616000000006], [75.97227999999998, 11.63631999999962], [75.97190000000043, 11.63658000000034], [75.97126000000024, 11.63687000000027], [75.97081000000075, 11.63687000000027], [75.96994000000089, 11.63687000000027], [75.96951000000084, 11.63682999999945], [75.96925999999986, 11.63623999999984], [75.96933999999965, 11.6356300000007], [75.97016000000079, 11.63539999999917], [75.97059000000084, 11.63556000000059], [75.9712400000008, 11.6356099999994], [75.97180999999911, 11.63553999999929], [75.97215999999939, 11.63551999999977], [75.97247000000061, 11.63553999999929], [75.97264999999969, 11.6356300000007]]}}, {"type": "Feature", "properties": {"id": 249, "zone": "Low Hazard Zone", "FID": "249", "ZONE_": "Low Hazard Zone", "SHAPE_Leng": "0.082673", "SHAPE_Area": "0.000072", "aarea": "0.885051"}, "geometry": {"type": "Polygon", "coordinates": [[75.9653199999993, 11.89095000000092], [75.96476000000075, 11.89059000000088], [75.96594999999982, 11.88966000000076], [75.96594999999982, 11.88938000000051], [75.96608999999987, 11.88903000000024], [75.96580999999969, 11.88853000000017], [75.9653899999994, 11.88789999999974], [75.96495999999935, 11.88725999999954], [75.96376000000052, 11.88732999999956], [75.96227999999975, 11.88775999999961], [75.9610100000009, 11.88789999999974], [75.95952000000035, 11.88796999999975], [75.95888999999993, 11.88760999999981], [75.95852999999988, 11.88620000000083], [75.9574699999994, 11.88571000000043], [75.95684000000074, 11.8860600000007], [75.95613000000053, 11.88669999999912], [75.95471999999968, 11.88832000000003], [75.95358999999918, 11.8888900000002], [75.95322999999915, 11.88903000000024], [75.9526700000006, 11.88952000000064], [75.95189000000028, 11.88995000000069], [75.95147244511023, 11.89044523952119], [75.95146000000022, 11.89046000000052], [75.95125999999983, 11.89033000000016], [75.95123000000055, 11.88997999999988], [75.9511700000003, 11.88933999999969], [75.9511700000003, 11.8887900000009], [75.95130000000066, 11.88816000000046], [75.95189000000028, 11.88746999999968], [75.95231000000057, 11.88647999999922], [75.95260000000049, 11.88592000000067], [75.95315999999913, 11.88676999999914], [75.95288000000075, 11.88846000000015], [75.95315999999913, 11.88860000000019], [75.95379999999932, 11.88782999999963], [75.95464999999966, 11.88683999999925], [75.95514000000006, 11.88585000000056], [75.95620000000055, 11.88528000000038], [75.95767999999954, 11.88486000000009], [75.95874000000003, 11.88514000000034], [75.95938000000022, 11.88620000000083], [75.9597300000005, 11.88683999999925], [75.96065000000085, 11.88620000000083], [75.96142999999941, 11.88585000000056], [75.96220999999973, 11.88620000000083], [75.96248999999989, 11.88690999999927], [75.96277000000005, 11.88704999999939], [75.96426000000068, 11.88676999999914], [75.96440000000072, 11.88564000000041], [75.9646799999991, 11.88486000000009], [75.9664499999999, 11.88542000000051], [75.96687000000018, 11.88578000000054], [75.96744000000037, 11.88486000000009], [75.96737000000034, 11.88358999999946], [75.96779000000063, 11.88237999999909], [75.9676500000005, 11.88175000000043], [75.96680000000016, 11.88161000000039], [75.96587999999971, 11.88132000000038], [75.96502999999937, 11.88054999999982], [75.96390000000065, 11.88040999999978], [75.96298000000029, 11.87997999999973], [75.96333000000047, 11.87943000000085], [75.96412000000055, 11.87912999999939], [75.96423999999938, 11.87911999999963], [75.96481999999924, 11.87905999999928], [75.96529000000011, 11.87975999999982], [75.96601999999984, 11.88004999999975], [75.96722000000045, 11.88068999999994], [75.96793000000066, 11.88083000000007], [75.96925999999986, 11.88123000000084], [75.96933999999965, 11.88175000000043], [75.96969999999968, 11.88273999999912], [75.97069000000015, 11.88301999999928], [75.9709700000003, 11.8833099999993], [75.97230999999918, 11.88514000000034], [75.97280999999934, 11.88633999999909], [75.97298000000045, 11.88680999999997], [75.97314999999976, 11.88801000000058], [75.97315999999952, 11.88810999999988], [75.97279999999958, 11.88818999999966], [75.97251999999934, 11.88825000000001], [75.9709000000003, 11.88910000000035], [75.96948999999954, 11.88896000000022], [75.96883999999957, 11.8897500000003], [75.96857000000095, 11.89009000000081], [75.96744000000037, 11.89093999999929], [75.96667999999956, 11.89089000000057], [75.96630999999977, 11.89086999999927], [75.9653199999993, 11.89095000000092]]}}, {"type": "Feature", "properties": {"id": 250, "zone": "Low Hazard Zone", "FID": "250", "ZONE_": "Low Hazard Zone", "SHAPE_Leng": "0.052671", "SHAPE_Area": "0.000089", "aarea": "1.085878"}, "geometry": {"type": "Polygon", "coordinates": [[75.9536599999992, 11.62622000000007], [75.95415999999936, 11.62704999999911], [75.9549100000004, 11.62830000000031], [75.95564999999989, 11.63068999999999], [75.95594999999958, 11.63131000000067], [75.95716999999972, 11.63272999999932], [75.95708999999985, 11.63407000000006], [75.95597000000087, 11.63431999999925], [75.95600000000016, 11.63457000000013], [75.95398999999995, 11.63541000000079], [75.9535099999994, 11.63552999999953], [75.95302000000086, 11.63549000000057], [75.95048999999928, 11.63390000000073], [75.9498199999998, 11.63240000000044], [75.95074000000025, 11.63155999999977], [75.95216000000076, 11.63114999999924], [75.9506500000007, 11.62989000000015], [75.95057000000092, 11.62846999999963], [75.95015000000055, 11.62704999999911], [75.94856000000071, 11.62479999999955], [75.9488099999999, 11.62320999999971], [75.94815000000018, 11.62154000000009], [75.94837000000008, 11.62096000000015], [75.94865000000024, 11.62027999999922], [75.9498199999998, 11.61928000000077], [75.95165000000084, 11.61919999999921], [75.9519600000003, 11.61982999999965], [75.95256999999943, 11.62109000000052], [75.95312000000017, 11.6209999999992], [75.95357999999942, 11.62045000000032], [75.95403000000077, 11.62045000000032], [75.95507999999971, 11.62045000000032], [75.95545999999918, 11.62082999999988], [75.95535999999997, 11.6209999999992], [75.95516999999926, 11.62132999999995], [75.95542999999999, 11.62192999999932], [75.95557999999978, 11.62228999999935], [75.95666999999956, 11.62254000000032], [75.95757000000049, 11.62255000000008], [75.9577100000006, 11.6227400000007], [75.95816999999985, 11.62346000000068], [75.95633000000092, 11.62396000000084], [75.95566999999942, 11.62487999999942], [75.95499999999994, 11.62537999999949], [75.95391000000016, 11.62521000000017], [75.9536599999992, 11.62622000000007]]}}, {"type": "Feature", "properties": {"id": 251, "zone": "Low Hazard Zone", "FID": "251", "ZONE_": "Low Hazard Zone", "SHAPE_Leng": "0.346202", "SHAPE_Area": "0.000669", "aarea": "8.175197"}, "geometry": {"type": "Polygon", "coordinates": [[76.06183000000055, 11.95325000000048], [76.06214999999978, 11.95399999999974], [76.06236999999967, 11.95449999999981], [76.0624399999997, 11.95521000000011], [76.0624399999997, 11.95566999999936], [76.06221999999978, 11.95666999999959], [76.06221999999978, 11.95727000000083], [76.06214999999978, 11.9577700000009], [76.06181078992215, 11.95820897774758], [76.06145123537779, 11.9578995306162], [76.06077000000008, 11.95730999999978], [76.0605245772527, 11.95712121327087], [76.06037901422192, 11.95700741178477], [76.06030983888668, 11.95698829219139], [76.06026000000024, 11.95645999999944], [76.05990999999997, 11.95571000000018], [76.05969000000006, 11.95482000000079], [76.05950999999912, 11.95435000000001], [76.05947999999992, 11.95375000000055], [76.0591899999999, 11.95313999999964], [76.05854999999971, 11.95296000000055], [76.05790999999951, 11.95296000000055], [76.05688000000009, 11.95327999999976], [76.05643000000052, 11.95333000000026], [76.05639999999946, 11.9533699999993], [76.05620000000094, 11.9533699999993], [76.05623999999989, 11.95282000000043], [76.05623999999989, 11.95211999999988], [76.05607000000057, 11.95129000000084], [76.05573999999983, 11.95047999999955], [76.0557200000003, 11.9495299999999], [76.05536000000026, 11.94874999999958], [76.05480999999962, 11.94796999999926], [76.05437999999957, 11.94769000000087], [76.05393000000008, 11.94758999999979], [76.05342999999992, 11.94750999999992], [76.05279999999948, 11.94749000000049], [76.05221999999955, 11.94756000000051], [76.05177000000006, 11.9477100000004], [76.05154000000039, 11.94792000000054], [76.05119000000012, 11.94807000000034], [76.05076000000007, 11.94816999999964], [76.05018000000022, 11.94822000000023], [76.04977999999936, 11.94822000000023], [76.04912999999941, 11.94816999999964], [76.04872000000066, 11.94808999999986], [76.04837000000047, 11.94769000000087], [76.04831999999989, 11.94700999999985], [76.04837000000047, 11.94637999999942], [76.04845000000026, 11.94563000000016], [76.04831999999989, 11.94520000000011], [76.0481400000008, 11.94451999999909], [76.0481199999995, 11.9439700000003], [76.0481199999995, 11.94346000000038], [76.04803999999963, 11.94296000000031], [76.04788999999984, 11.94258000000084], [76.04753999999957, 11.9419799999996], [76.04710999999952, 11.9417300000005], [76.04695999999971, 11.9417300000005], [76.04671000000053, 11.94182999999972], [76.04610999999929, 11.94177999999922], [76.04555000000073, 11.94165000000063], [76.04509999999938, 11.94145000000025], [76.04451999999945, 11.94134999999917], [76.04425000000082, 11.94134999999917], [76.04392000000007, 11.94139999999966], [76.04369000000041, 11.94150000000083], [76.0435199999993, 11.94165000000063], [76.0433200000007, 11.94182999999972], [76.04308999999925, 11.94216000000055], [76.04291000000008, 11.94251000000073], [76.04276000000029, 11.94282999999994], [76.04269000000026, 11.94305999999961], [76.0425899999991, 11.94348999999966], [76.04238000000082, 11.94393999999924], [76.0422813883768, 11.944620420198], [76.04224395170499, 11.94461534927325], [76.04188688964373, 11.94457905966913], [76.04154999999992, 11.94454000000039], [76.04109137874845, 11.94435790038536], [76.04085635016705, 11.94426205827857], [76.04032000000011, 11.94395000000078], [76.04012383746323, 11.94381922497468], [76.04007720170299, 11.94378663052247], [76.04001226983084, 11.94372350128739], [76.03953000000001, 11.94325000000023], [76.03917971610728, 11.94274646690457], [76.039054857952, 11.94256497427129], [76.03845793254796, 11.94165498260758], [76.0383500000007, 11.94148999999921], [76.0383299999994, 11.94082999999958], [76.03817999999951, 11.94014000000057], [76.03867999999967, 11.94019999999905], [76.03947999999943, 11.93922999999997], [76.04055999999945, 11.93888999999946], [76.04118999999987, 11.93894999999972], [76.04204000000031, 11.93922999999997], [76.0425599999999, 11.93911999999913], [76.04312999999999, 11.9387800000004], [76.04382000000076, 11.93843000000013], [76.04536000000012, 11.93843000000013], [76.04576000000088, 11.93831999999929], [76.04638999999953, 11.93798000000064], [76.04650000000038, 11.93722999999952], [76.04717999999953, 11.93661000000062], [76.04769999999912, 11.93598000000019], [76.04912999999941, 11.93546000000059], [76.05026999999976, 11.93541000000001], [76.0503800000006, 11.93466000000084], [76.04867000000016, 11.93454999999991], [76.04717999999953, 11.93512000000008], [76.04632999999919, 11.93541000000001], [76.04523999999951, 11.93585999999958], [76.04358999999933, 11.93642999999976], [76.04336999999941, 11.93655000000036], [76.04336999999941, 11.93637999999918], [76.04336999999941, 11.93586999999934], [76.04312999999999, 11.93548999999988], [76.04308999999925, 11.93548000000012], [76.0424600000006, 11.93548000000012], [76.04176000000005, 11.93550999999931], [76.04112999999963, 11.93557999999942], [76.0402200000008, 11.93562999999991], [76.03991999999924, 11.93570999999978], [76.03888999999982, 11.93581000000086], [76.03851000000036, 11.93581000000086], [76.03797999999914, 11.93591000000017], [76.03758000000015, 11.93628999999963], [76.03739999999928, 11.93658999999932], [76.0368799999997, 11.93697000000065], [76.03612000000066, 11.93699000000018], [76.03547000000071, 11.93677000000027], [76.03496000000088, 11.93641000000024], [76.03454000000059, 11.93641000000024], [76.03441000000022, 11.93658999999932], [76.03370999999969, 11.93704000000067], [76.03307999999925, 11.93692000000007], [76.0322500000002, 11.93684000000029], [76.03178999999909, 11.93665999999943], [76.0314199999993, 11.93643999999952], [76.03068999999957, 11.93619000000033], [76.02995999999983, 11.93619000000033], [76.02943000000047, 11.93628999999963], [76.02937999999997, 11.93658999999932], [76.02885000000062, 11.93697000000065], [76.02846999999929, 11.93732000000092], [76.02822000000019, 11.93742000000023], [76.02723999999948, 11.93766999999933], [76.02643999999964, 11.93797000000088], [76.02598000000039, 11.93816999999949], [76.02533000000044, 11.93844999999965], [76.02412000000005, 11.93872999999981], [76.02363999999942, 11.93874999999934], [76.02332000000021, 11.93870000000062], [76.02298999999947, 11.93858000000002], [76.02275999999979, 11.93805000000066], [76.02261, 11.9377700000005], [76.02166000000035, 11.93708999999948], [76.02160999999977, 11.9367899999997], [76.02108000000041, 11.93641000000024], [76.02067999999964, 11.93605999999997], [76.01977000000083, 11.93598999999995], [76.0190899999998, 11.93598999999995], [76.01838999999927, 11.93634000000022], [76.0181599999996, 11.93682000000076], [76.01772999999955, 11.93751999999953], [76.01745999999915, 11.93848000000071], [76.0170799999996, 11.93922999999997], [76.01684000000024, 11.93980999999982], [76.01683882074933, 11.93980985259347], [76.0166800000006, 11.93979000000039], [76.01620000000005, 11.93979000000039], [76.01559000000091, 11.94009999999984], [76.01504999999993, 11.9402599999994], [76.0145900000007, 11.94033999999918], [76.01416725214406, 11.94034454567581], [76.01366423292835, 11.94034766176924], [76.01318376126848, 11.9402415495957], [76.01265000000058, 11.94011999999927], [76.01188000000002, 11.93973999999981], [76.01140999999915, 11.93936000000034], [76.01117999999947, 11.93889999999923], [76.01101235623617, 11.93878474491171], [76.01086426417577, 11.93867684926773], [76.00984954542487, 11.9383773805174], [76.00976000000082, 11.93834829375836], [76.00976000000082, 11.93785000000028], [76.00976000000082, 11.93721999999975], [76.00967999999918, 11.93643999999952], [76.00986000000013, 11.93583000000039], [76.01015999999981, 11.93542999999953], [76.01041000000077, 11.93518000000043], [76.01073999999976, 11.93483000000016], [76.01108999999994, 11.93453000000047], [76.01159999999986, 11.93414999999914], [76.01192000000084, 11.93395000000053], [76.01223000000029, 11.93380000000073], [76.01250000000068, 11.93353000000024], [76.0126700000001, 11.93336000000092], [76.0126999999993, 11.93325999999975], [76.01310000000015, 11.93269999999942], [76.01319999999946, 11.93232999999963], [76.01305999999933, 11.93193000000064], [76.01240999999938, 11.93175999999945], [76.01199000000086, 11.93166000000015], [76.0115900000001, 11.93138999999975], [76.0113199999996, 11.93099000000076], [76.01085000000059, 11.93037999999976], [76.01087999999979, 11.92971000000037], [76.0108, 11.92923999999949], [76.01060999999939, 11.92904000000089], [76.01056000000067, 11.9289900000003], [76.00986999999989, 11.92834000000043], [76.0095700000002, 11.92802999999912], [76.00943000000008, 11.92786999999956], [76.00928000000019, 11.92737999999916], [76.00943000000008, 11.92698000000017], [76.0094700000009, 11.92696000000065], [76.00960999999916, 11.92674000000083], [76.00986999999989, 11.9265300000006], [76.01014000000029, 11.92636999999926], [76.01065000000021, 11.92626999999996], [76.01101999999992, 11.92640000000032], [76.01145999999973, 11.9266299999999], [76.01185000000082, 11.9267299999992], [76.01260999999975, 11.92665999999918], [76.01319999999946, 11.92628999999939], [76.01356999999916, 11.92595000000075], [76.01373000000059, 11.92554999999989], [76.01430000000076, 11.9249799999998], [76.0145699999994, 11.92468000000012], [76.01497000000016, 11.92447999999964], [76.01533999999995, 11.92413999999913], [76.01557999999929, 11.92396999999981], [76.01584999999979, 11.92364000000093], [76.01621999999949, 11.92293000000063], [76.01669000000037, 11.92236000000045], [76.01708999999936, 11.92195999999968], [76.01716999999913, 11.92177000000084], [76.01708999999936, 11.92164000000047], [76.01701999999933, 11.92151999999987], [76.01675000000071, 11.92145999999961], [76.01640000000043, 11.92145999999961], [76.01600999999934, 11.92173000000001], [76.01561000000035, 11.92209000000005], [76.01547999999998, 11.92209000000005], [76.0149099999999, 11.92223000000008], [76.01467000000046, 11.92223000000008], [76.01451000000091, 11.92226999999913], [76.01369999999953, 11.92216000000007], [76.01322000000076, 11.92197999999921], [76.01347999999962, 11.92057999999999], [76.01389999999991, 11.9205500000007], [76.01430000000076, 11.92038999999928], [76.01449999999929, 11.92038999999928], [76.01507999999922, 11.9201599999997], [76.01540999999997, 11.91992000000027], [76.0156999999999, 11.9195199999995], [76.01575000000048, 11.91944999999939], [76.01605000000016, 11.9190500000004], [76.01658999999928, 11.91837999999915], [76.01685, 11.91799999999968], [76.01735000000008, 11.91799999999968], [76.0184300000001, 11.91821999999959], [76.01936999999997, 11.91857999999953], [76.01977000000083, 11.9188300000005], [76.02063000000093, 11.91885999999978], [76.02138999999987, 11.91885999999978], [76.02193000000075, 11.91857999999953], [76.02215000000066, 11.9180400000005], [76.02200000000086, 11.91756999999963], [76.02121000000078, 11.91712999999982], [76.02124999999982, 11.91655999999964], [76.02078000000073, 11.91655999999964], [76.02016000000006, 11.91655999999964], [76.01908000000005, 11.91662999999975], [76.01857999999989, 11.91662999999975], [76.01763000000024, 11.91686999999909], [76.01671999999965, 11.91669999999976], [76.01648000000021, 11.91670999999953], [76.01568000000046, 11.9165400000002], [76.0154999999995, 11.91654999999988], [76.01452000000067, 11.91662999999975], [76.01376999999954, 11.91669], [76.01293000000074, 11.91706999999947], [76.01221000000076, 11.91725000000042], [76.01160999999952, 11.91740000000031], [76.01128000000064, 11.91781000000083], [76.0110700000005, 11.91808999999922], [76.0110000000004, 11.91832000000067], [76.0109799999991, 11.91836999999938], [76.01087999999979, 11.91871999999966], [76.01080999999976, 11.91897000000062], [76.01087999999979, 11.91928000000007], [76.01071000000047, 11.91971000000012], [76.0102100000004, 11.91985000000025], [76.00996999999919, 11.91980999999943], [76.0094700000009, 11.91968000000084], [76.0088300000007, 11.91985000000025], [76.00847000000067, 11.91998000000061], [76.00815999999945, 11.91971000000012], [76.00822999999946, 11.91948000000045], [76.00856999999998, 11.91906999999993], [76.00893, 11.91886999999954], [76.00929999999971, 11.91836999999938], [76.00943999999984, 11.91786999999931], [76.00971000000024, 11.91747000000032], [76.00984000000061, 11.9170599999998], [76.01014000000029, 11.91683000000013], [76.01031999999937, 11.91670999999953], [76.01046999999926, 11.91648999999962], [76.0105800000001, 11.91585999999918], [76.01124999999958, 11.91545000000043], [76.01137999999995, 11.91511999999969], [76.01137999999995, 11.9147200000007], [76.0113199999996, 11.91440999999938], [76.0109499999999, 11.9144500000002], [76.0105800000001, 11.91464000000092], [76.0103099999997, 11.91477999999918], [76.00996999999919, 11.91489999999978], [76.00971000000024, 11.91497999999956], [76.00892000000024, 11.91582000000014], [76.00815999999945, 11.91611999999983], [76.00769000000035, 11.91696000000049], [76.00695000000084, 11.91770999999975], [76.00657999999927, 11.91807999999946], [76.00648999999973, 11.91811000000052], [76.0063499999997, 11.91847000000055], [76.0060799999992, 11.91878], [76.00581000000058, 11.91891000000037], [76.0053399999997, 11.91968000000084], [76.00504000000002, 11.92012000000065], [76.00470999999928, 11.92072000000011], [76.00424000000018, 11.9209200000005], [76.00359999999998, 11.92125999999914], [76.00268999999938, 11.92173000000001], [76.00222000000028, 11.92173000000001], [76.00172000000022, 11.92173000000001], [76.00102999999943, 11.92209000000005], [76.0009100000007, 11.92242000000079], [76.0009100000007, 11.92253999999953], [76.0011599999998, 11.9226699999999], [76.00155000000089, 11.92302000000017], [76.00151999999983, 11.92352000000024], [76.0013799999997, 11.92383999999945], [76.00106000000049, 11.92416000000052], [76.00043999999983, 11.92441999999939], [76.0001200000006, 11.92474000000037], [75.99969000000056, 11.92539000000033], [75.99964999999973, 11.92575000000036], [75.99964999999973, 11.92626000000019], [75.99906999999989, 11.92671999999944], [75.99877999999987, 11.92715999999925], [75.99820999999979, 11.92715999999925], [75.99760000000056, 11.92708999999924], [75.99690999999987, 11.92698000000017], [75.99661999999985, 11.92676000000026], [75.99666000000067, 11.92590000000016], [75.99651000000088, 11.92542999999929], [75.99623000000062, 11.92484999999944], [75.99560999999996, 11.92445000000045], [75.99484999999916, 11.9242699999995], [75.99387999999999, 11.92416000000052], [75.99291000000082, 11.92416000000052], [75.99193000000011, 11.92388000000027], [75.99143999999981, 11.92384999999921], [75.99143000000005, 11.92376999999943], [75.99143000000005, 11.92337000000044], [75.99143000000005, 11.92287000000037], [75.99143000000005, 11.9221500000003], [75.99154000000088, 11.92174999999954], [75.99157000000017, 11.92123999999971], [75.99157000000017, 11.92070000000059], [75.99167999999915, 11.92013000000041], [75.99171999999997, 11.9196900000006], [75.9918600000001, 11.91919000000053], [75.9918600000001, 11.91878999999967], [75.99183000000082, 11.91832000000067], [75.99150000000006, 11.91796000000063], [75.9914900000003, 11.91796000000063], [75.9914900000003, 11.91795936170277], [75.9914900000003, 11.91792999999957], [75.99152999999934, 11.91719999999983], [75.99201999999966, 11.91703000000051], [75.99234000000074, 11.91707999999923], [75.99255000000088, 11.91724000000066], [75.99300000000036, 11.91743999999926], [75.99344999999994, 11.91743999999926], [75.99409999999989, 11.91743999999926], [75.99503999999978, 11.91743999999926], [75.99581000000033, 11.91719999999983], [75.9964600000003, 11.91719999999983], [75.99698999999966, 11.91707999999923], [75.99716000000083, 11.91698999999969], [75.99716000000083, 11.91613999999935], [75.9973200000004, 11.91556999999917], [75.99769000000019, 11.91532000000007], [75.99813999999968, 11.91524000000029], [75.99829999999933, 11.91490999999954], [75.99897000000058, 11.91473000000046], [76.00007999999978, 11.91386000000059], [76.0025600000008, 11.91310999999947], [76.00289999999953, 11.9128299999993], [76.00317999999969, 11.91231999999947], [76.00380000000045, 11.91164000000023], [76.00433999999947, 11.91106000000038], [76.0060300000005, 11.91015999999945], [76.00719000000028, 11.90991000000035], [76.00793999999954, 11.90965999999938], [76.00865999999951, 11.90943999999948], [76.00916999999934, 11.90893999999932], [76.0102100000004, 11.90816000000086], [76.01081999999953, 11.90625000000004], [76.0145900000007, 11.90575999999964], [76.01680999999918, 11.90575999999964], [76.01718000000076, 11.90575999999964], [76.01720000000019, 11.90580000000046], [76.01778999999989, 11.90587000000048], [76.01833000000079, 11.90594000000059], [76.0198799999998, 11.90590999999953], [76.02063000000093, 11.90590999999953], [76.02116999999996, 11.90590999999953], [76.02181999999992, 11.90604999999956], [76.0222900000008, 11.90645000000042], [76.0223600000008, 11.90676999999963], [76.0223600000008, 11.90741999999959], [76.02217999999995, 11.90784999999964], [76.02116999999996, 11.90799999999944], [76.02030999999985, 11.90799999999944], [76.01948000000081, 11.90811000000028], [76.01869000000082, 11.90839000000053], [76.01811000000087, 11.90857999999938], [76.01781999999909, 11.90897000000038], [76.01781999999909, 11.90933000000041], [76.01821999999994, 11.9097299999994], [76.01919000000089, 11.90979999999942], [76.01997999999911, 11.90979999999942], [76.02035000000068, 11.90991000000035], [76.02044999999998, 11.91037999999936], [76.02037999999996, 11.91070000000035], [76.01991000000086, 11.91099000000027], [76.01948000000081, 11.9111300000004], [76.01929999999996, 11.91138999999926], [76.01929999999996, 11.91178000000036], [76.01929999999996, 11.91224999999936], [76.01929999999996, 11.91272000000024], [76.01941000000079, 11.91311999999923], [76.02016000000006, 11.91376999999919], [76.02066000000012, 11.91400000000063], [76.02275999999979, 11.9164400000009], [76.02414999999925, 11.91921000000005], [76.02407999999923, 11.92109999999958], [76.02254999999965, 11.9232599999996], [76.02189000000003, 11.92535999999927], [76.02189000000003, 11.9258699999991], [76.02189000000003, 11.92661000000047], [76.02217000000019, 11.92775000000073], [76.02217000000019, 11.92917999999915], [76.02239999999985, 11.93006000000064], [76.0223600000008, 11.93043000000034], [76.0223600000008, 11.93097999999922], [76.0223600000008, 11.93156000000094], [76.0224899999994, 11.93214000000079], [76.02275999999979, 11.93279000000074], [76.02304000000005, 11.93298999999935], [76.02380000000085, 11.9334400000007], [76.02445000000081, 11.93395000000053], [76.02479999999922, 11.9344299999993], [76.02498000000016, 11.93477999999957], [76.02550999999951, 11.93492999999946], [76.02606000000017, 11.93480000000087], [76.0266900000006, 11.93462999999977], [76.02738999999929, 11.93445000000069], [76.02805000000077, 11.93445000000069], [76.02865000000024, 11.93434999999952], [76.02943000000047, 11.93395000000053], [76.03025999999952, 11.93329000000081], [76.03090999999947, 11.93339000000012], [76.03156999999919, 11.93380000000073], [76.03202000000054, 11.93414999999914], [76.03234999999951, 11.93414999999914], [76.03275000000028, 11.93395000000053], [76.03342999999953, 11.93283999999946], [76.03388000000088, 11.93221000000089], [76.03435999999964, 11.93175999999945], [76.0349100000003, 11.93175999999945], [76.03549000000024, 11.93171000000073], [76.03588999999923, 11.9321899999995], [76.03631999999928, 11.93225999999961], [76.03685000000041, 11.93221000000089], [76.03790999999912, 11.93210999999972], [76.03828000000068, 11.93246], [76.03844000000025, 11.93298999999935], [76.03883999999924, 11.93372000000086], [76.03883999999924, 11.93402000000064], [76.03918999999951, 11.93414999999914], [76.03996999999983, 11.93414999999914], [76.04045000000038, 11.93402000000064], [76.04110000000034, 11.9333200000001], [76.04181000000064, 11.93296999999983], [76.0425899999991, 11.93296999999983], [76.0435199999993, 11.93296999999983], [76.04420000000023, 11.93302000000041], [76.04490000000078, 11.93326999999951], [76.04552999999943, 11.93365000000085], [76.04587999999971, 11.93390000000004], [76.04637999999977, 11.93390000000004], [76.04695999999971, 11.93369999999956], [76.04729000000046, 11.93326999999951], [76.04776999999923, 11.93276999999944], [76.04816000000024, 11.93273000000049], [76.04825999999954, 11.93277999999921], [76.04874999999994, 11.9327099999991], [76.04904999999962, 11.9328000000005], [76.04998999999951, 11.93276999999944], [76.0509299999994, 11.93327999999928], [76.05155000000015, 11.93365000000085], [76.0520300000007, 11.93425000000022], [76.05212000000033, 11.93486999999912], [76.05214999999953, 11.93547000000035], [76.05184000000008, 11.93612000000031], [76.05138000000083, 11.93679999999947], [76.05076000000007, 11.93719000000056], [76.05021999999917, 11.93742000000023], [76.04970999999935, 11.93776000000074], [76.04962999999957, 11.93815999999973], [76.04962999999957, 11.93880999999968], [76.04962999999957, 11.93945999999964], [76.04988000000044, 11.94002999999973], [76.0503100000005, 11.94098999999914], [76.05059000000075, 11.94174999999994], [76.05059000000075, 11.94247999999967], [76.05059000000075, 11.94312999999963], [76.05064999999922, 11.94381000000065], [76.05076000000007, 11.94448999999989], [76.05082000000041, 11.94496000000068], [76.05089000000044, 11.9451000000008], [76.05090999999996, 11.94513999999985], [76.05104999999999, 11.94593999999961], [76.05149999999956, 11.9463300000007], [76.05256000000006, 11.94649000000026], [76.05404000000092, 11.94695999999927], [76.05429999999978, 11.94723999999952], [76.05442000000039, 11.94723999999952], [76.05515000000013, 11.94750000000025], [76.05556000000074, 11.94782999999913], [76.05568999999925, 11.94792000000054], [76.05657000000065, 11.94877000000088], [76.05666000000018, 11.94974000000005], [76.05645000000004, 11.95053000000004], [76.05652999999982, 11.9511500000008], [76.05676999999925, 11.95154000000003], [76.05681000000007, 11.95156999999923], [76.0575900000003, 11.95161000000005], [76.05811999999966, 11.95168000000016], [76.05859000000054, 11.95168000000016], [76.05926000000001, 11.95168000000016], [76.06000999999928, 11.95168000000016], [76.06064999999947, 11.95175000000018], [76.06143999999946, 11.95235999999931], [76.06183000000055, 11.95325000000048]]}}, {"type": "Feature", "properties": {"id": 252, "zone": "Low Hazard Zone", "FID": "252", "ZONE_": "Low Hazard Zone", "SHAPE_Leng": "0.055492", "SHAPE_Area": "0.000074", "aarea": "0.8985"}, "geometry": {"type": "Polygon", "coordinates": [[76.08498999999934, 11.96658999999996], [76.08390999999942, 11.96689999999941], [76.08359694437115, 11.96694544355917], [76.08329010799325, 11.96698569304407], [76.08298935299679, 11.96706273717896], [76.08266999999977, 11.96714000000062], [76.08180347972795, 11.96737904007502], [76.08151245174163, 11.96745778679447], [76.08142141783348, 11.96748888548894], [76.08105000000073, 11.96760999999971], [76.08080311978863, 11.96765727493364], [76.0805816704907, 11.96769522429471], [76.07996367049012, 11.96769713054471], [76.07926942048951, 11.96762563054466], [76.07865142048891, 11.9674768492945], [76.07847731807598, 11.96743543692239], [76.07834000000005, 11.96739999999957], [76.07808099356917, 11.96736058597739], [76.07788085798818, 11.96732806804433], [76.07663726423709, 11.96725941179431], [76.07594298298638, 11.96718788054423], [76.07573903993841, 11.96716364458149], [76.0753299999997, 11.96710999999955], [76.07438999999981, 11.96688999999974], [76.07405191766497, 11.96680000686022], [76.07299804548363, 11.9665155367936], [76.07190704548262, 11.96621513054333], [76.0713053073696, 11.96603937752648], [76.07114000000003, 11.96599000000059], [76.0707500000008, 11.96575999999914], [76.07056547771961, 11.96552934714899], [76.07051085798136, 11.96545888054266], [76.07019922573006, 11.96507885108303], [76.0698900000007, 11.96462000000065], [76.0697341544135, 11.96432291935062], [76.06957245173044, 11.96400641179126], [76.06902313922997, 11.96308994304041], [76.06890265484235, 11.96285530968411], [76.06878999999938, 11.96262999999996], [76.06870653937963, 11.96252984725608], [76.06854248297952, 11.96232603678971], [76.06832673139742, 11.96210962244425], [76.0682400000005, 11.96202000000082], [76.06806714221287, 11.96193768676833], [76.0676117017287, 11.96171759928915], [76.06668092047778, 11.96111013053856], [76.06644247683153, 11.96094034059432], [76.06597999999941, 11.96061000000007], [76.06621000000085, 11.96012999999952], [76.06646000000005, 11.95969999999947], [76.06706999999918, 11.95916000000035], [76.06777999999939, 11.9588800000001], [76.06860000000054, 11.9588800000001], [76.06963999999972, 11.95890999999938], [76.0706300000002, 11.95895000000021], [76.07159999999926, 11.95976999999949], [76.07199000000037, 11.96040999999968], [76.07251999999971, 11.96116000000072], [76.07291000000082, 11.96152000000075], [76.0739799999992, 11.96183999999996], [76.0741999999991, 11.96243999999934], [76.0741999999991, 11.96307999999953], [76.07409000000004, 11.96407999999976], [76.07409000000004, 11.96490000000082], [76.0745900000002, 11.96512000000072], [76.07561999999962, 11.96490000000082], [76.07616000000051, 11.96486999999976], [76.07668999999987, 11.96486999999976], [76.07757999999926, 11.96486999999976], [76.07814999999934, 11.96493999999986], [76.07893999999942, 11.96493999999986], [76.07992999999989, 11.96493999999986], [76.08071999999989, 11.96493999999986], [76.08139999999914, 11.96493999999986], [76.08203999999932, 11.96490000000082], [76.08238999999959, 11.96457999999983], [76.08403000000003, 11.9639700000007], [76.08475, 11.96364999999971], [76.08532000000018, 11.96315999999931], [76.08620999999947, 11.96272999999926], [76.08677999999965, 11.96262000000029], [76.08724000000076, 11.96272999999926], [76.08774000000084, 11.96329999999944], [76.08787999999909, 11.96433000000073], [76.08781000000094, 11.96558000000006], [76.08774000000084, 11.96593000000033], [76.08756999999964, 11.96657000000053], [76.08746000000068, 11.96657000000053], [76.08628911829237, 11.96643780367864], [76.08621979549598, 11.96642972429357], [76.08617541275414, 11.9664300000004], [76.0857599999999, 11.9664300000004], [76.08498999999934, 11.96658999999996]]}}, {"type": "Feature", "properties": {"id": 253, "zone": "Low Hazard Zone", "FID": "253", "ZONE_": "Low Hazard Zone", "SHAPE_Leng": "0.220436", "SHAPE_Area": "0.000242", "aarea": "2.953285"}, "geometry": {"type": "Polygon", "coordinates": [[75.81883999999992, 11.76937999999972], [75.81871999999933, 11.76958000000011], [75.81862999999979, 11.77050000000056], [75.81761000000003, 11.7706899999994], [75.81639999999975, 11.77089999999955], [75.81447999999907, 11.77075999999942], [75.81414000000042, 11.77069999999916], [75.81405000000089, 11.77008000000027], [75.81335000000034, 11.76901000000002], [75.8128400000005, 11.76864000000023], [75.81199999999993, 11.7684499999996], [75.8111200000003, 11.7684499999996], [75.81027999999972, 11.7684499999996], [75.80939000000033, 11.7684000000008], [75.80860000000025, 11.76826000000076], [75.80798999999935, 11.76816999999935], [75.80743000000079, 11.76798000000051], [75.80696999999968, 11.76775000000093], [75.80650000000058, 11.76737999999936], [75.80566, 11.76737999999936], [75.80464000000025, 11.76700999999956], [75.80412000000067, 11.76682000000072], [75.80337999999938, 11.76682000000072], [75.80263000000012, 11.76677000000022], [75.80178999999954, 11.76677000000022], [75.8013300000002, 11.76677000000022], [75.80057999999917, 11.76682000000072], [75.79992999999921, 11.76700999999956], [75.79990000000002, 11.76701999999932], [75.7995599999995, 11.76631000000089], [75.79858000000058, 11.76574000000071], [75.79780000000025, 11.76557999999928], [75.7966099999994, 11.76553000000056], [75.79594000000002, 11.76553000000056], [75.7949599999993, 11.76553000000056], [75.79397000000061, 11.76571999999941], [75.79320999999982, 11.76563999999963], [75.79269000000022, 11.76526999999983], [75.79270999999974, 11.76523000000088], [75.79222999999911, 11.76469999999975], [75.79176999999977, 11.76409000000061], [75.79123000000075, 11.76277999999907], [75.79192999999943, 11.76269999999929], [75.79292999999966, 11.76224000000004], [75.79416999999923, 11.76255999999925], [75.79423999999925, 11.76251000000044], [75.79455000000056, 11.76253999999973], [75.79686000000038, 11.76253999999973], [75.80063999999952, 11.76261999999951], [75.80326000000056, 11.76346999999985], [75.80518999999913, 11.76346999999985], [75.80696999999968, 11.76548000000007], [75.80705999999923, 11.76550999999926], [75.80714000000079, 11.76569000000021], [75.80787000000052, 11.76595000000085], [75.80859000000058, 11.7660199999991], [75.80890000000004, 11.76605000000016], [75.80902000000063, 11.76598000000014], [75.80935999999927, 11.76578999999943], [75.8095200000007, 11.76517000000062], [75.80962000000001, 11.76440000000006], [75.81003000000054, 11.76373000000058], [75.81045000000083, 11.76331000000029], [75.81039000000057, 11.76280000000046], [75.8102899999994, 11.76232999999958], [75.8102899999994, 11.76145999999972], [75.8102899999994, 11.76078000000057], [75.81007999999926, 11.76046999999925], [75.80971999999932, 11.76058000000009], [75.80946000000036, 11.76084000000082], [75.80890000000004, 11.76078000000057], [75.80827999999927, 11.76046999999925], [75.80750000000081, 11.76042000000053], [75.80737000000045, 11.76043000000029], [75.80681000000003, 11.76045999999949], [75.80662999999917, 11.76046999999925], [75.8054400000001, 11.7605299999996], [75.80486999999992, 11.76072999999998], [75.80422999999972, 11.7608], [75.80410999999913, 11.76061999999914], [75.80296000000087, 11.7607700000008], [75.8008699999991, 11.76061999999914], [75.79817000000006, 11.76085000000058], [75.7969799999992, 11.76081999999952], [75.7950099999998, 11.7607700000008], [75.79277, 11.76061999999914], [75.79272999999918, 11.76058999999985], [75.79258999999915, 11.76058000000009], [75.79202000000075, 11.76027000000065], [75.79196000000049, 11.75998000000072], [75.79186999999908, 11.75955000000067], [75.79222999999911, 11.7590299999993], [75.79315999999923, 11.75881999999907], [75.79366999999915, 11.75913000000038], [75.79449999999997, 11.75913000000038], [75.79472999999965, 11.75913000000038], [75.79490000000074, 11.75950000000008], [75.79541000000066, 11.76029000000017], [75.79606000000062, 11.76029000000017], [75.79709000000004, 11.76029000000017], [75.79782999999954, 11.76029000000017], [75.79844000000045, 11.76029000000017], [75.79904999999958, 11.7601599999998], [75.79965000000082, 11.76001999999968], [75.8003499999995, 11.75983000000083], [75.80082000000037, 11.75955000000067], [75.80124000000066, 11.75921999999992], [75.8017, 11.75893999999967], [75.80217000000087, 11.75862000000055], [75.80277000000025, 11.75862000000055], [75.80361000000083, 11.75862000000055], [75.80426000000078, 11.75862000000055], [75.80520000000067, 11.75862000000055], [75.80566, 11.7582899999998], [75.80589999999934, 11.75758999999926], [75.80585000000063, 11.75665999999914], [75.80566, 11.75600999999918], [75.80551999999987, 11.75554000000008], [75.80551999999987, 11.75475000000009], [75.80551999999987, 11.75404999999954], [75.80551999999987, 11.75353999999971], [75.80571000000059, 11.75293000000058], [75.80594000000016, 11.75204999999918], [75.80594000000016, 11.75124999999933], [75.80594000000016, 11.75056000000042], [75.80575999999931, 11.75022999999967], [75.80520000000067, 11.75], [75.80478000000038, 11.75], [75.80441000000067, 11.74973999999927], [75.80388999999921, 11.74899999999977], [75.80378000000015, 11.74820999999978], [75.80345999999916, 11.74741999999969], [75.80304000000065, 11.74647000000005], [75.80214999999949, 11.74610000000025], [75.80083000000013, 11.74537000000052], [75.7998800000005, 11.74415000000047], [75.79882999999977, 11.74288999999951], [75.79809000000027, 11.74263000000065], [75.79725999999937, 11.74227000000062], [75.79759999999987, 11.74205000000071], [75.79866000000035, 11.7418099999995], [75.7998599999992, 11.74214000000025], [75.80048999999963, 11.74250000000028], [75.80218000000055, 11.74268999999913], [75.8033500000001, 11.74251999999981], [75.80404000000088, 11.74288999999951], [75.80436000000009, 11.7433099999998], [75.8046799999993, 11.74379000000044], [75.8048299999991, 11.74431000000003], [75.80520000000067, 11.74510000000011], [75.80551999999987, 11.74599999999917], [75.80582999999933, 11.74695000000068], [75.80609999999982, 11.74768000000042], [75.80646999999952, 11.74894999999928], [75.80678000000084, 11.74963000000029], [75.8072599999996, 11.74963000000029], [75.80798999999935, 11.74930999999922], [75.80889000000028, 11.7488900000008], [75.80993999999922, 11.74836999999934], [75.8106299999999, 11.74799999999963], [75.81110000000078, 11.74762999999984], [75.81156999999988, 11.74726000000013], [75.81209999999923, 11.7469999999994], [75.81230999999939, 11.74647000000005], [75.81230999999939, 11.74595000000046], [75.81288999999923, 11.74520999999909], [75.8136300000006, 11.74458000000052], [75.81430999999975, 11.74342000000073], [75.81488999999969, 11.74267999999937], [75.81588999999983, 11.74267999999937], [75.8163600000007, 11.74284000000079], [75.81646999999977, 11.74304999999916], [75.81652000000035, 11.74383999999916], [75.8166799999999, 11.74415000000047], [75.81683999999947, 11.74488999999997], [75.81699999999913, 11.74573000000055], [75.81731000000035, 11.74668000000019], [75.81762999999955, 11.74741999999969], [75.81814999999915, 11.74747000000028], [75.81905000000008, 11.74747000000028], [75.81955999999991, 11.74735999999935], [75.81972999999923, 11.74857999999948], [75.82056999999989, 11.74886999999941], [75.8216499999999, 11.74846000000074], [75.82424999999965, 11.74922999999944], [75.82386000000042, 11.74956999999995], [75.8212100000001, 11.74994999999942], [75.81953000000071, 11.74965999999949], [75.81821999999917, 11.74904000000059], [75.81609999999998, 11.74860000000078], [75.81339999999906, 11.74850999999946], [75.81263000000037, 11.74904000000059], [75.8109000000004, 11.74928000000002], [75.80920999999948, 11.74965999999949], [75.8089799999998, 11.75083000000082], [75.80851000000071, 11.75102999999942], [75.80784999999922, 11.75136000000017], [75.80743000000079, 11.75195999999963], [75.80710999999972, 11.75243000000042], [75.80673000000026, 11.75331000000005], [75.80673000000026, 11.75429000000075], [75.80696999999968, 11.75535999999922], [75.80733999999939, 11.75568999999997], [75.80809000000042, 11.75591999999964], [75.80854999999976, 11.75611000000026], [75.80916000000067, 11.75639000000042], [75.80971999999932, 11.75639000000042], [75.81022999999914, 11.75591999999964], [75.81064999999943, 11.75591999999964], [75.8111200000003, 11.7558300000001], [75.81143999999952, 11.75605999999967], [75.81166999999918, 11.75625000000039], [75.81219000000056, 11.75662000000009], [75.8122800000001, 11.75690000000034], [75.81233000000069, 11.7576000000008], [75.81321000000021, 11.75839000000088], [75.81358999999978, 11.75863000000031], [75.81423999999973, 11.75871999999985], [75.81511999999927, 11.75871999999985], [75.81595999999993, 11.75863000000031], [75.81652000000035, 11.75852999999914], [75.81657000000085, 11.75787999999918], [75.81657000000085, 11.75750999999948], [75.81689000000006, 11.75718000000051], [75.81745000000048, 11.75685999999952], [75.81791999999948, 11.75676000000022], [75.81862000000002, 11.75657999999927], [75.81935999999952, 11.75625000000039], [75.81960000000073, 11.75602000000072], [75.8198300000004, 11.7554600000003], [75.82039000000081, 11.75563999999939], [75.8202999999994, 11.75653000000055], [75.81987999999912, 11.75704000000038], [75.81935999999952, 11.75727999999981], [75.81907999999927, 11.75746000000076], [75.81890000000018, 11.75783000000046], [75.81890000000018, 11.75815999999944], [75.81926999999997, 11.75852999999914], [75.81960000000073, 11.75857999999972], [75.82043999999954, 11.75892000000023], [75.81981000000087, 11.75923999999944], [75.8195899999992, 11.75915999999958], [75.81850999999918, 11.76048000000079], [75.81828999999928, 11.7605299999996], [75.81754999999977, 11.7605299999996], [75.8167099999991, 11.76123000000005], [75.81657000000085, 11.76182999999942], [75.81624000000009, 11.76267000000009], [75.81618999999951, 11.76289999999976], [75.81559000000014, 11.76295000000026], [75.81488999999969, 11.76295000000026], [75.81405000000089, 11.76295000000026], [75.81344999999965, 11.76295000000026], [75.81278999999992, 11.76300000000084], [75.81222999999952, 11.76337000000055], [75.81205000000043, 11.76346000000009], [75.81199999999993, 11.76360000000021], [75.81177000000027, 11.76397999999968], [75.8113900000008, 11.7645400000001], [75.81126000000043, 11.76533000000018], [75.81134999999998, 11.7662600000003], [75.81166999999918, 11.76714999999969], [75.81270000000039, 11.76770000000034], [75.81367999999931, 11.76802999999931], [75.81480000000015, 11.76793999999968], [75.81545000000001, 11.76779999999965], [75.81618999999951, 11.76779999999965], [75.81698999999936, 11.76802999999931], [75.8176899999999, 11.76812000000063], [75.81819999999973, 11.76816999999935], [75.81862000000002, 11.76864000000023], [75.8187999999991, 11.7692399999996], [75.81883999999992, 11.76937999999972]]}}, {"type": "Feature", "properties": {"id": 254, "zone": "Low Hazard Zone", "FID": "254", "ZONE_": "Low Hazard Zone", "SHAPE_Leng": "0.042053", "SHAPE_Area": "0.00004", "aarea": "0.489547"}, "geometry": {"type": "Polygon", "coordinates": [[75.92324999999981, 11.65012000000021], [75.92317999999979, 11.6501499999995], [75.92186000000035, 11.65067000000087], [75.92100000000025, 11.65129999999952], [75.91978999999996, 11.65170000000038], [75.91984000000046, 11.65256000000048], [75.91938999999911, 11.65256000000048], [75.91863000000008, 11.65300999999997], [75.91847000000053, 11.65228000000023], [75.91761000000042, 11.65170000000038], [75.91640999999981, 11.65192999999996], [75.91595000000056, 11.65250000000014], [75.9150800000007, 11.65308000000008], [75.91398999999906, 11.65308000000008], [75.91295999999964, 11.65359999999967], [75.9119800000008, 11.65416999999976], [75.91123999999944, 11.65452000000003], [75.91032000000085, 11.65480000000028], [75.90934000000014, 11.65492000000088], [75.90848000000004, 11.65509000000021], [75.90745000000062, 11.65509000000021], [75.90687000000068, 11.65468999999935], [75.90687000000068, 11.65382999999925], [75.9070400000001, 11.65295999999947], [75.90812999999977, 11.65215999999963], [75.90944999999921, 11.65176000000064], [75.9109499999995, 11.65170000000038], [75.91174999999926, 11.65170000000038], [75.91279000000031, 11.65135999999987], [75.91324999999965, 11.65055000000026], [75.91325999999933, 11.6505199999992], [75.91388000000009, 11.65043999999942], [75.91438999999991, 11.65026000000034], [75.91496999999985, 11.64998000000018], [75.9156000000003, 11.64975000000051], [75.9164600000004, 11.64957999999932], [75.91714999999931, 11.64928999999939], [75.91784000000008, 11.6488900000004], [75.91858999999936, 11.64866000000074], [75.91921999999978, 11.64860000000048], [75.91988999999917, 11.64824000000045], [75.91952999999923, 11.64892999999936], [75.9192399999993, 11.64920999999961], [75.9189499999993, 11.64960000000062], [75.91880999999925, 11.64998000000018], [75.91914999999968, 11.65012000000021], [75.91976000000068, 11.65001999999913], [75.92048000000065, 11.64992999999959], [75.92115000000014, 11.64992999999959], [75.9222399999999, 11.65006999999972], [75.92304999999942, 11.65012000000021], [75.92324999999981, 11.65012000000021]]}}, {"type": "Feature", "properties": {"id": 255, "zone": "Low Hazard Zone", "FID": "255", "ZONE_": "Low Hazard Zone", "SHAPE_Leng": "0.18035", "SHAPE_Area": "0.000269", "aarea": "3.284152"}, "geometry": {"type": "Polygon", "coordinates": [[75.93583000000035, 11.60472999999913], [75.93608999999923, 11.60462999999983], [75.93770000000045, 11.60309000000049], [75.93903999999932, 11.60021000000049], [75.94017999999959, 11.59860999999911], [75.94152000000032, 11.59700999999951], [75.94385999999943, 11.59419999999954], [75.94478999999954, 11.59266999999995], [75.9458599999998, 11.5913299999993], [75.94672999999966, 11.59065999999982], [75.94679999999968, 11.59063000000063], [75.94709999999945, 11.58990000000089], [75.94773999999965, 11.58926000000061], [75.94847999999915, 11.58938999999919], [75.94872000000035, 11.58945999999921], [75.94952999999987, 11.58908999999951], [75.95044000000055, 11.58850999999957], [75.95118000000006, 11.58793999999939], [75.95197999999982, 11.58710000000068], [75.95384000000014, 11.58642999999942], [75.95448000000034, 11.58538000000047], [75.95531999999915, 11.58457000000086], [75.95650000000023, 11.58396999999971], [75.95734000000081, 11.58382999999959], [75.9580100000003, 11.58419999999929], [75.95808000000031, 11.58495000000042], [75.95842000000083, 11.58596000000032], [75.95821000000068, 11.58639000000037], [75.95767999999954, 11.58706999999962], [75.95670000000062, 11.58761000000051], [75.95606000000042, 11.5882500000007], [75.95555000000058, 11.58882000000088], [75.95485000000005, 11.58945999999921], [75.95437999999926, 11.58990000000089], [75.95379999999932, 11.59043000000016], [75.95289000000051, 11.59101000000009], [75.95234999999961, 11.59171000000064], [75.95204999999983, 11.59305999999927], [75.95145000000046, 11.59369999999947], [75.9508700000006, 11.59451000000085], [75.94986000000063, 11.59511000000022], [75.94925999999938, 11.59527999999955], [75.94892000000074, 11.59490999999984], [75.94892000000074, 11.59389999999985], [75.94885000000072, 11.59357000000088], [75.94865000000024, 11.59336000000073], [75.94851999999989, 11.59333999999943], [75.94727000000056, 11.59365000000075], [75.94553000000091, 11.59626000000025], [75.94378999999932, 11.59959999999958], [75.94225000000006, 11.60282000000008], [75.93964000000047, 11.60548999999993], [75.9387000000006, 11.60676000000056], [75.93797000000085, 11.60836999999993], [75.93642999999973, 11.60930999999981], [75.93402000000061, 11.6118499999993], [75.93181000000001, 11.61371999999939], [75.92886999999976, 11.61585999999988], [75.92746000000078, 11.61620000000039], [75.92646000000055, 11.61640000000077], [75.9257899999993, 11.61600000000001], [75.92525000000026, 11.61546000000089], [75.9247200000009, 11.61398999999979], [75.9251199999999, 11.6118499999993], [75.92546000000041, 11.61031000000004], [75.92559000000077, 11.60903999999941], [75.92612000000013, 11.60757000000008], [75.92619000000015, 11.6063599999998], [75.92672999999927, 11.60448999999971], [75.92753000000089, 11.60288000000034], [75.92907000000014, 11.60147999999935], [75.93108000000026, 11.60027000000084], [75.93395000000059, 11.59713000000012], [75.93389000000025, 11.59598999999976], [75.93521999999936, 11.59464999999911], [75.93670000000022, 11.59358000000064], [75.93670999999998, 11.59310000000001], [75.9364399999995, 11.59254999999935], [75.93606000000003, 11.59258000000041], [75.93536999999924, 11.59304999999951], [75.9346399999995, 11.5933700000005], [75.93390000000001, 11.59355999999934], [75.93320999999922, 11.59377999999925], [75.93140999999925, 11.59418999999978], [75.93066999999974, 11.59454999999981], [75.92969000000082, 11.59439000000016], [75.92963000000056, 11.59355999999934], [75.92963000000056, 11.59298999999916], [75.9291099999991, 11.59307000000081], [75.9287600000007, 11.59369999999947], [75.92832000000088, 11.59399999999915], [75.92799000000014, 11.59381000000031], [75.92787999999929, 11.59272000000054], [75.92832000000088, 11.59145999999967], [75.92842999999995, 11.59072000000017], [75.92842999999995, 11.5903699999999], [75.92849226019908, 11.59024547960262], [75.92855073284917, 11.59013463019305], [75.92874687325984, 11.58988390842606], [75.92878999999998, 11.58983000000078], [75.92886081521358, 11.58973616984283], [75.92919157659968, 11.58930397394234], [75.9294204828499, 11.58923053644226], [75.92953148241811, 11.58926278894604], [75.93027000000075, 11.58948000000051], [75.93042289868495, 11.5894405422756], [75.93058013910102, 11.58940409894236], [75.93119810785159, 11.58957003644255], [75.9314663333089, 11.58963658332691], [75.93219999999933, 11.58981999999924], [75.9330399999999, 11.59014000000023], [75.93304297151316, 11.59013883036207], [75.93304442035333, 11.59013938019309], [75.93398285785419, 11.58977222394271], [75.93412135918281, 11.5896404207492], [75.93421999999921, 11.58955000000062], [75.9348399999999, 11.58941000000049], [75.93610047342099, 11.58950656852807], [75.93731688910731, 11.58960341144256], [75.93755342035753, 11.58945466144242], [75.93787382660778, 11.58884716144189], [75.93810988522701, 11.58829415499548], [75.9381599999997, 11.58820999999988], [75.93927000000076, 11.58782000000065], [75.93979000000036, 11.58770000000005], [75.94036000000054, 11.58833000000048], [75.94046999999951, 11.58891000000042], [75.94065000000046, 11.58971000000018], [75.94065000000046, 11.59069000000089], [75.94018999999935, 11.59166999999981], [75.9395600000007, 11.59258000000041], [75.9389200000005, 11.59326999999942], [75.93829000000007, 11.59402000000045], [75.93777000000047, 11.59476999999971], [75.93720000000029, 11.59550999999921], [75.93656999999986, 11.5963200000006], [75.93582000000059, 11.59712000000035], [75.93519000000016, 11.59751999999934], [75.93433000000006, 11.59827000000038], [75.93404000000014, 11.59866999999937], [75.93381000000046, 11.59924999999931], [75.93363999999927, 11.60044999999992], [75.93363999999927, 11.60119999999918], [75.93387000000072, 11.60217999999989], [75.93389000000025, 11.60231000000025], [75.93179000000057, 11.60390999999986], [75.93120000000087, 11.60514999999942], [75.92958999999973, 11.60684000000034], [75.92892000000025, 11.60806000000048], [75.92904000000085, 11.6089699999993], [75.92813000000025, 11.61031000000004], [75.92732000000065, 11.61035000000086], [75.92753000000089, 11.61045000000017], [75.92866999999937, 11.61079000000067], [75.92883000000072, 11.61072000000057], [75.92899000000035, 11.61119999999934], [75.92972999999986, 11.61119999999934], [75.93036000000029, 11.61102000000025], [75.93123000000016, 11.61061999999949], [75.93202999999991, 11.6102200000005], [75.93277999999917, 11.60942000000065], [75.93369999999962, 11.60878000000046], [75.93426999999971, 11.60808999999968], [75.93502000000083, 11.60699999999999], [75.93548000000008, 11.6056200000003], [75.93583000000035, 11.60472999999913]]}}, {"type": "Feature", "properties": {"id": 256, "zone": "Low Hazard Zone", "FID": "256", "ZONE_": "Low Hazard Zone", "SHAPE_Leng": "0.075827", "SHAPE_Area": "0.00008", "aarea": "0.983319"}, "geometry": {"type": "Polygon", "coordinates": [[75.96501999999961, 11.57774000000063], [75.96517999999926, 11.57769999999981], [75.96582999999922, 11.57766000000085], [75.96606000000067, 11.57724000000056], [75.96521000000033, 11.57689000000029], [75.96287999999912, 11.57709000000067], [75.96154000000024, 11.57781000000065], [75.96077999999945, 11.57839000000059], [75.96054999999978, 11.5795699999999], [75.96009000000053, 11.58049000000026], [75.95939999999975, 11.58099000000042], [75.9585999999999, 11.58099000000042], [75.95844000000035, 11.58044999999944], [75.95829000000046, 11.57942000000001], [75.95840999999929, 11.57864999999945], [75.95894000000041, 11.57747000000014], [75.95952000000035, 11.57609000000044], [75.95954999999955, 11.57524999999986], [75.95905999999924, 11.57452999999989], [75.95894000000041, 11.57387999999993], [75.95871000000083, 11.57277000000064], [75.95871000000083, 11.5714000000007], [75.95889999999959, 11.57035999999974], [75.95931999999998, 11.56945000000083], [75.95931999999998, 11.56840999999987], [75.95921000000091, 11.56723000000055], [75.95954999999955, 11.56621000000089], [75.95954999999955, 11.56494000000017], [75.95986000000086, 11.56394999999971], [75.9601999999995, 11.56307000000017], [75.96061999999979, 11.5620799999997], [75.96107999999913, 11.56074000000083], [75.96124000000056, 11.55962999999976], [75.96189000000052, 11.55870999999931], [75.96296000000076, 11.55813999999922], [75.96394999999937, 11.55790999999955], [75.96471999999993, 11.55817000000028], [75.9649200000003, 11.55870999999931], [75.96484000000054, 11.55944000000091], [75.96419000000057, 11.55944000000091], [75.96409999999925, 11.55953000000046], [75.96391000000041, 11.55988000000073], [75.96346000000084, 11.5607299999992], [75.96296000000076, 11.56156999999987], [75.9626100000005, 11.56267999999907], [75.96234999999976, 11.56356000000048], [75.96181000000074, 11.56486000000039], [75.96154000000024, 11.56596999999969], [75.96154000000024, 11.56681000000026], [75.96147000000023, 11.56795000000053], [75.96147000000023, 11.56895000000076], [75.96119999999974, 11.56983000000039], [75.96111000000019, 11.56998000000018], [75.96111999999995, 11.57035999999974], [75.96082000000027, 11.5712800000001], [75.96059000000061, 11.57243000000013], [75.9607400000004, 11.57311999999913], [75.96082000000027, 11.57358000000024], [75.96169999999981, 11.5742300000002], [75.96196000000053, 11.57430000000022], [75.9624600000006, 11.57426999999916], [75.96334000000023, 11.5742300000002], [75.96471999999993, 11.57400000000053], [75.9657100000004, 11.57377000000086], [75.96639999999931, 11.5742300000002], [75.96673999999982, 11.57460999999967], [75.96689999999947, 11.57538000000023], [75.96761999999944, 11.57598999999936], [75.96778000000087, 11.57647999999976], [75.96801000000053, 11.57697999999983], [75.9680499999995, 11.57713999999939], [75.96819999999938, 11.57725000000023], [75.96819999999938, 11.57755999999968], [75.96819999999938, 11.5782400000007], [75.96816000000034, 11.57897000000044], [75.96796999999971, 11.57997000000067], [75.96671000000062, 11.58109999999939], [75.96606000000067, 11.58117999999926], [75.9654399999999, 11.58109999999939], [75.96501999999961, 11.58086999999981], [75.96476000000075, 11.58057000000004], [75.96418000000081, 11.58029999999964], [75.96368000000074, 11.58029999999964], [75.96311000000057, 11.58029999999964], [75.9643099999994, 11.57968000000074], [75.96488999999924, 11.57927000000021], [75.96522999999976, 11.57853000000071], [75.96506000000043, 11.57777999999959], [75.96501999999961, 11.57774000000063]]}}, {"type": "Feature", "properties": {"id": 257, "zone": "Low Hazard Zone", "FID": "257", "ZONE_": "Low Hazard Zone", "SHAPE_Leng": "0.037774", "SHAPE_Area": "0.000031", "aarea": "0.381613"}, "geometry": {"type": "Polygon", "coordinates": [[76.00914999999982, 11.53386999999928], [76.0087100000001, 11.53463999999985], [76.00842000000009, 11.53556000000029], [76.00744999999914, 11.53657999999996], [76.00682000000049, 11.53772999999998], [76.00613999999946, 11.53846999999948], [76.00555999999962, 11.53880999999999], [76.00459000000045, 11.53887000000034], [76.00396999999977, 11.53909999999992], [76.00390999999942, 11.53973000000044], [76.00517000000039, 11.53995000000035], [76.00631000000065, 11.5396700000001], [76.00768000000059, 11.53921000000085], [76.00825000000076, 11.53909999999992], [76.00933000000077, 11.53903999999966], [76.00768000000059, 11.54034999999934], [76.00568000000021, 11.54177999999953], [76.00429000000076, 11.54239000000053], [76.00395000000024, 11.54226000000016], [76.00273999999987, 11.54175000000033], [76.0021699999998, 11.54123000000074], [76.00159999999961, 11.54013999999919], [76.00159999999961, 11.53904999999942], [76.00171000000046, 11.53846999999948], [76.00239999999937, 11.53801000000024], [76.00343000000066, 11.53772000000022], [76.00407000000085, 11.53772000000022], [76.00504000000002, 11.53725999999911], [76.00596000000039, 11.53692000000047], [76.00596000000039, 11.53640000000087], [76.00539000000029, 11.53542999999993], [76.00498999999944, 11.53484999999999], [76.00504000000002, 11.53421999999956], [76.00555999999962, 11.53369999999996], [76.00612999999979, 11.53312999999978], [76.0069399999993, 11.53312999999978], [76.00836999999959, 11.53358999999912], [76.00914999999982, 11.53386999999928]]}}, {"type": "Feature", "properties": {"id": 258, "zone": "Low Hazard Zone", "FID": "258", "ZONE_": "Low Hazard Zone", "SHAPE_Leng": "0.738018", "SHAPE_Area": "0.001387", "aarea": "16.962788"}, "geometry": {"type": "Polygon", "coordinates": [[75.98121999999965, 11.62220999999957], [75.98171999999973, 11.62245000000078], [75.9825099999998, 11.62292999999955], [75.98279999999974, 11.62320999999971], [75.98315000000001, 11.62355999999998], [75.98319000000083, 11.6237299999993], [75.98303999999916, 11.62387999999919], [75.98271999999996, 11.62371999999963], [75.98195999999916, 11.62365999999929], [75.98113999999988, 11.6235099999994], [75.98050999999944, 11.62334999999984], [75.97984999999973, 11.62327000000006], [75.97917000000048, 11.62305999999991], [75.97826999999964, 11.62292999999955], [75.97751000000062, 11.62269000000012], [75.97631999999977, 11.62213999999946], [75.97571000000063, 11.62139999999996], [75.97527000000082, 11.62097999999967], [75.97471000000041, 11.62066000000046], [75.97407999999997, 11.6206299999994], [75.97331999999918, 11.62031999999996], [75.9724999999999, 11.6197400000001], [75.97213999999987, 11.61945000000018], [75.9721000000009, 11.6194200000009], [75.9717600000004, 11.61881999999966], [75.97118000000046, 11.61823999999981], [75.97083999999995, 11.61758000000009], [75.97002000000067, 11.61701999999967], [75.96975999999994, 11.61738999999947], [75.96925999999986, 11.6180199999999], [75.96906999999916, 11.61863000000081], [75.96910000000022, 11.61960999999974], [75.96928999999906, 11.6198899999999], [75.96948999999954, 11.62018999999968], [75.96973000000074, 11.62082000000011], [75.96935999999917, 11.62174000000047], [75.96877999999923, 11.62261000000034], [75.96802000000021, 11.62247999999997], [75.96719999999915, 11.62168999999998], [75.96707000000056, 11.6205300000001], [75.96659999999979, 11.61958000000046], [75.96599000000064, 11.61892000000083], [75.96574999999935, 11.61867999999962], [75.96560999999932, 11.61859999999975], [75.96488999999924, 11.61798000000085], [75.96421999999986, 11.61729999999992], [75.96363999999991, 11.61729999999992], [75.96310000000089, 11.61757000000033], [75.96264999999946, 11.61793000000036], [75.96126000000008, 11.61820000000076], [75.96027999999929, 11.61815000000026], [75.9596099999999, 11.61823999999981], [75.95830999999998, 11.61823999999981], [75.95750000000046, 11.61820000000076], [75.95673999999967, 11.61798000000085], [75.95521999999984, 11.61771000000045], [75.95444999999928, 11.61807000000048], [75.95324000000078, 11.61859999999975], [75.95207999999911, 11.61846999999947], [75.95109000000052, 11.61779999999999], [75.95015000000055, 11.61748000000078], [75.94916999999984, 11.61748000000078], [75.94844999999987, 11.61757000000033], [75.9477299999999, 11.61788999999954], [75.94714999999995, 11.61820000000076], [75.94679000000001, 11.61852999999973], [75.94609999999922, 11.62115000000086], [75.94354999999997, 11.62195000000062], [75.9422400000003, 11.6209999999992], [75.9422400000003, 11.62095000000048], [75.94212999999947, 11.62088000000037], [75.94168999999965, 11.62066000000046], [75.94160000000011, 11.61996000000001], [75.94152000000032, 11.61933999999925], [75.94152000000032, 11.61889999999953], [75.94152000000032, 11.61828000000063], [75.94152000000032, 11.61739999999914], [75.94146999999974, 11.61670000000046], [75.94155999999928, 11.61594999999942], [75.9413800000002, 11.61536999999949], [75.9413800000002, 11.61484999999989], [75.94124999999984, 11.6141800000005], [75.94054999999938, 11.61413999999968], [75.93971000000057, 11.61444999999913], [75.93851999999973, 11.61476000000035], [75.93720000000029, 11.61498000000026], [75.93689000000084, 11.61470999999985], [75.93692999999989, 11.61405000000014], [75.93767999999906, 11.61352000000078], [75.93838999999936, 11.61290999999987], [75.93917999999935, 11.6119400000007], [75.94023999999993, 11.61114000000086], [75.94124999999984, 11.61057000000077], [75.9419999999991, 11.61031000000004], [75.94301000000087, 11.60995000000001], [75.94381000000071, 11.60978000000068], [75.9449499999992, 11.60987000000023], [75.94548000000033, 11.61038999999982], [75.9458599999998, 11.6105900000002], [75.9459599999991, 11.61051000000042], [75.94642999999998, 11.61061999999949], [75.94648000000056, 11.61054999999938], [75.9477299999999, 11.61016000000015], [75.94866999999977, 11.60932999999933], [75.94887999999992, 11.60808999999968], [75.94822999999995, 11.60726000000063], [75.94802999999958, 11.60659999999914], [75.94800000000029, 11.60661000000077], [75.9484400000001, 11.60434999999958], [75.94873000000003, 11.6034799999998], [75.94930999999997, 11.60195000000022], [75.94916000000008, 11.60042000000064], [75.94988999999991, 11.59888999999928], [75.95098999999935, 11.59634000000003], [75.95281000000072, 11.59459000000063], [75.95470000000024, 11.59390999999961], [75.95495999999912, 11.59374000000029], [75.95545999999918, 11.59339000000002], [75.95605000000066, 11.59295000000021], [75.95631999999928, 11.5928299999996], [75.95651, 11.59274999999982], [75.95673999999967, 11.59258000000041], [75.95691000000076, 11.59226999999919], [75.95694999999981, 11.59214000000069], [75.95705000000089, 11.59181999999961], [75.95720000000078, 11.59138999999956], [75.95732999999927, 11.59103999999938], [75.95747999999917, 11.59075999999913], [75.95766000000002, 11.58994999999961], [75.95794999999995, 11.58973999999946], [75.95826999999916, 11.58944999999945], [75.95865000000049, 11.58891000000042], [75.95882999999958, 11.58848000000037], [75.95897999999946, 11.58807999999952], [75.95897999999946, 11.58769000000029], [75.95917999999985, 11.58731000000082], [75.9593399999994, 11.58697000000031], [75.95958000000061, 11.58673000000088], [75.95961999999966, 11.58669000000006], [75.95975000000003, 11.58633000000012], [75.95972000000074, 11.5860400000001], [75.95996000000017, 11.58539999999991], [75.96001000000066, 11.58565000000087], [75.96005999999947, 11.5865099999992], [75.96011999999973, 11.58755000000016], [75.96011999999973, 11.58823999999917], [75.95972000000074, 11.58927000000037], [75.95972000000074, 11.59036000000014], [75.9598299999998, 11.59151000000016], [75.96058000000085, 11.59208000000034], [75.96104000000018, 11.59243000000061], [75.96109000000067, 11.59245000000014], [75.96046000000024, 11.59416000000058], [75.96005999999947, 11.59488000000056], [75.96003000000019, 11.59490000000008], [75.95987000000062, 11.59507999999916], [75.95974000000027, 11.59533000000013], [75.9596399999991, 11.59556999999947], [75.95952000000035, 11.59585999999948], [75.95937000000046, 11.59611000000036], [75.95918999999961, 11.59634999999979], [75.95902999999996, 11.59650999999935], [75.95882999999958, 11.59675000000065], [75.95874000000003, 11.59680999999913], [75.95864000000073, 11.59682000000067], [75.95630999999962, 11.59697000000047], [75.95412000000032, 11.59646000000063], [75.95221999999924, 11.59741000000028], [75.95119999999949, 11.59843000000003], [75.9515699999993, 11.60009999999965], [75.9523000000008, 11.60082999999939], [75.9526499999993, 11.60123999999992], [75.9536800000005, 11.60243000000086], [75.95426000000043, 11.60411000000024], [75.95178999999919, 11.60396000000035], [75.95139999999996, 11.60418000000026], [75.95145000000046, 11.60491999999976], [75.95155999999953, 11.60548999999993], [75.95161999999978, 11.60606999999978], [75.95161999999978, 11.60704000000082], [75.95155999999953, 11.60766999999939], [75.95155999999953, 11.60865000000009], [75.95161999999978, 11.60957000000054], [75.9519099999998, 11.60973999999986], [75.95241999999963, 11.6096300000008], [75.95322999999915, 11.60939999999935], [75.95397000000051, 11.60904999999908], [75.95478000000003, 11.60877000000069], [75.95547000000082, 11.60865000000009], [75.95627000000057, 11.60865000000009], [75.95701999999983, 11.6088199999995], [75.9577100000006, 11.60894000000011], [75.95874000000003, 11.60923000000003], [75.95954999999955, 11.60923000000003], [75.96052000000059, 11.60957000000054], [75.96126999999976, 11.60992000000081], [75.96225000000047, 11.60992000000081], [75.9634499999993, 11.61078000000091], [75.96385000000006, 11.61174999999999], [75.96399999999996, 11.6120699999992], [75.96427000000044, 11.61228999999911], [75.96429999999964, 11.61235999999913], [75.96441000000048, 11.61312000000001], [75.96441000000048, 11.61372999999915], [75.96437999999942, 11.6141800000005], [75.96437999999942, 11.61476000000035], [75.96462000000062, 11.61514999999967], [75.9654399999999, 11.61535999999981], [75.96607000000043, 11.61555000000043], [75.9666699999998, 11.61576000000058], [75.9672800000008, 11.61671000000022], [75.96786000000066, 11.61671000000022], [75.96836000000071, 11.61655000000066], [75.96852000000037, 11.61597000000072], [75.96844000000058, 11.61547000000065], [75.96796999999971, 11.61493999999943], [75.96731, 11.61441000000017], [75.96678000000064, 11.61383000000023], [75.96695999999973, 11.61319000000003], [75.96695999999973, 11.6125599999996], [75.96695999999973, 11.61187000000059], [75.96683999999912, 11.61124000000016], [75.9662700000008, 11.6103199999998], [75.96592000000054, 11.6096300000008], [75.96574999999935, 11.6081300000005], [75.96650000000048, 11.60756000000041], [75.96718999999939, 11.60790000000092], [75.96788000000018, 11.60877000000069], [75.96839, 11.61043000000064], [75.96867999999994, 11.61192999999908], [75.96967000000039, 11.61291999999954], [75.97014999999917, 11.61291999999954], [75.97076999999993, 11.61299999999941], [75.97285000000008, 11.61145000000031], [75.97357000000014, 11.61083999999939], [75.97395999999937, 11.61083999999939], [75.97494000000007, 11.61083999999939], [75.97597999999927, 11.61136000000076], [75.97730000000048, 11.61175999999975], [75.97792999999913, 11.61198999999942], [75.97878999999924, 11.61261999999986], [75.98017000000071, 11.61319999999979], [75.98114999999964, 11.61336999999912], [75.98286999999985, 11.61336999999912], [75.98408000000022, 11.61336999999912], [75.98533999999931, 11.61331000000064], [75.98586000000068, 11.61290999999987], [75.98586000000068, 11.61192999999908], [75.98494000000032, 11.61124000000016], [75.98298000000068, 11.61073000000033], [75.98206000000023, 11.60997999999929], [75.98171999999973, 11.60877000000069], [75.98247000000086, 11.60779999999975], [75.98303999999916, 11.60738999999922], [75.98389999999927, 11.60687999999939], [75.98424999999953, 11.60647000000064], [75.98522000000048, 11.60543999999935], [75.98603, 11.60457999999925], [75.98711999999978, 11.60423000000084], [75.98855999999981, 11.60423000000084], [75.98992999999975, 11.6039999999994], [75.99130999999944, 11.60371999999914], [75.99188999999929, 11.6027400000003], [75.99206000000048, 11.60217000000013], [75.99188999999929, 11.60073000000009], [75.99143000000005, 11.59980999999973], [75.99085000000011, 11.59871999999996], [75.99011000000061, 11.59711000000059], [75.98941999999991, 11.59654000000041], [75.98849999999946, 11.5960799999993], [75.98728999999909, 11.59625000000049], [75.98625999999967, 11.59654000000041], [75.98494000000032, 11.59722999999942], [75.98459000000005, 11.59773999999925], [75.98413000000072, 11.59826000000062], [75.98332999999909, 11.59859999999935], [75.98257999999983, 11.59894999999962], [75.9819499999994, 11.59923999999955], [75.98126000000047, 11.59929000000013], [75.98065999999925, 11.59926000000085], [75.98065999999925, 11.59867999999913], [75.9805699999997, 11.59805000000047], [75.98007999999939, 11.5973300000005], [75.97976000000018, 11.59670999999983], [75.97913999999942, 11.59653000000074], [75.97841999999945, 11.59692999999973], [75.97811, 11.5965699999997], [75.97828999999908, 11.59584999999972], [75.97819999999953, 11.59499999999938], [75.97734999999919, 11.59451000000085], [75.97631999999977, 11.59405999999941], [75.9751099999994, 11.59347999999956], [75.9736300000004, 11.59308000000057], [75.97336, 11.59266999999995], [75.97278000000006, 11.59214000000069], [75.9721000000009, 11.59200000000056], [75.97120999999974, 11.59200000000056], [75.9703100000006, 11.59181999999961], [75.97021999999927, 11.59142000000062], [75.9703100000006, 11.59106000000068], [75.9711200000002, 11.59070000000065], [75.9721000000009, 11.59015999999975], [75.97270000000027, 11.58951999999956], [75.97285999999984, 11.58970000000042], [75.97314999999976, 11.59016999999952], [75.97386000000007, 11.59058000000004], [75.97422999999978, 11.58947000000084], [75.97499000000066, 11.58854000000063], [75.97321000000011, 11.58784999999985], [75.97263000000017, 11.58409000000032], [75.97230999999918, 11.58153999999921], [75.97241000000035, 11.5813400000006], [75.97316999999929, 11.58076000000075], [75.97386000000007, 11.5804599999992], [75.97400999999986, 11.58043], [75.97413000000056, 11.58409000000032], [75.97833999999966, 11.58678999999936], [75.97840999999968, 11.58676000000017], [75.97854000000005, 11.58660000000052], [75.97925000000035, 11.58685999999947], [75.97947999999992, 11.58755000000016], [75.97925000000035, 11.58789000000067], [75.9784500000005, 11.58794999999915], [75.97730000000048, 11.5880099999995], [75.97631999999977, 11.58806000000008], [75.97551999999993, 11.58892999999986], [75.97563000000086, 11.58984000000054], [75.9760900000001, 11.59001999999963], [75.97678000000089, 11.59001999999963], [75.97792999999913, 11.58950000000003], [75.97907999999916, 11.58950000000003], [75.97993999999926, 11.58950000000003], [75.98079999999936, 11.58950000000003], [75.98171999999973, 11.58904000000079], [75.98206000000023, 11.58794999999915], [75.98200999999975, 11.58690999999997], [75.9813799999993, 11.58570999999935], [75.9802299999992, 11.58489999999984], [75.98026000000026, 11.58446999999978], [75.9803200000006, 11.58443000000083], [75.98067000000087, 11.58388999999985], [75.98165999999947, 11.58309000000009], [75.98227000000047, 11.5825499999992], [75.98272999999972, 11.58186999999995], [75.98335000000039, 11.58106000000044], [75.98365000000017, 11.58034000000046], [75.98378000000044, 11.57985000000006], [75.98430000000003, 11.57985000000006], [75.98522000000048, 11.58013999999999], [75.98596999999974, 11.58059999999932], [75.98648999999934, 11.58064999999991], [75.98746000000028, 11.58059999999932], [75.9881499999992, 11.5804800000005], [75.98896000000057, 11.58042000000024], [75.98992999999975, 11.58013999999999], [75.99120000000038, 11.57939000000082], [75.99216999999955, 11.5791000000008], [75.99239999999921, 11.57956000000014], [75.99222999999981, 11.5803099999994], [75.99130999999944, 11.5804800000005], [75.99039000000086, 11.58139999999908], [75.98902000000092, 11.58231999999953], [75.98890000000033, 11.58311999999929], [75.9891299999999, 11.58369999999922], [75.98970000000008, 11.58416000000034], [75.98970000000008, 11.58570999999935], [75.99034000000027, 11.58588000000054], [75.9913699999997, 11.58554000000003], [75.99194999999963, 11.58473000000051], [75.99263000000066, 11.58369999999922], [75.99263000000066, 11.58283999999912], [75.99258000000007, 11.5820299999996], [75.9923500000004, 11.58151000000001], [75.9923500000004, 11.58083000000077], [75.99308999999991, 11.58054000000084], [75.99424000000002, 11.57995999999913], [75.99487000000046, 11.57962000000039], [75.9954500000003, 11.57898999999996], [75.99596999999999, 11.57812999999986], [75.99579000000081, 11.57703000000041], [75.9944699999996, 11.57652000000049], [75.99337999999992, 11.57662999999956], [75.99216999999955, 11.57743999999908], [75.99159999999937, 11.57795000000077], [75.98849999999946, 11.5791000000008], [75.98763999999936, 11.57927000000021], [75.9863700000005, 11.57915999999928], [75.98522000000048, 11.57857999999943], [75.98389999999927, 11.57767000000061], [75.98358000000006, 11.5774299999994], [75.98353999999924, 11.57731000000058], [75.98315000000001, 11.57685999999923], [75.98295999999938, 11.57632000000011], [75.98288999999927, 11.57562999999933], [75.98320921824126, 11.57519905537375], [75.98349000000051, 11.57481999999981], [75.9833999999992, 11.57488999999983], [75.98349000000051, 11.57466000000025], [75.98424999999953, 11.57408000000031], [75.98495, 11.57337999999977], [75.98552999999993, 11.57296999999924], [75.98552999999993, 11.57227000000057], [75.98540999999933, 11.5719200000003], [75.98437000000014, 11.57186000000004], [75.98384000000078, 11.57186000000004], [75.98337999999967, 11.57163000000037], [75.98337999999967, 11.57086999999957], [75.98337999999967, 11.57034999999998], [75.98331999999932, 11.57022999999938], [75.98372999999995, 11.57015999999927], [75.98430000000003, 11.57000999999947], [75.98457000000053, 11.56985999999958], [75.9851400000007, 11.56970000000002], [75.98579000000066, 11.5696599999992], [75.98640999999955, 11.5696599999992], [75.9868600000009, 11.5696599999992], [75.98732000000015, 11.56963], [75.98794000000092, 11.56950999999931], [75.98827999999956, 11.56947000000035], [75.98850999999922, 11.56932000000055], [75.98850999999922, 11.56890000000018], [75.98835999999935, 11.56859000000073], [75.98770999999938, 11.56855999999967], [75.98689999999986, 11.56855999999967], [75.98614000000093, 11.56855999999967], [75.98495, 11.56870999999955], [75.98442000000072, 11.56870999999955], [75.98350000000028, 11.56882000000039], [75.98270000000052, 11.56917000000067], [75.98178999999983, 11.56939000000057], [75.9819499999994, 11.56893999999922], [75.98247000000086, 11.56846000000045], [75.98523000000024, 11.56765000000084], [75.9855100000004, 11.56751000000081], [75.9865200000004, 11.56698999999935], [75.98737000000074, 11.5665599999993], [75.98745000000052, 11.56638000000021], [75.98754000000007, 11.56618999999959], [75.98780000000079, 11.56560999999965], [75.98766000000066, 11.56475999999931], [75.98692999999915, 11.56453999999941], [75.98717000000036, 11.56437999999976], [75.98732000000015, 11.56437999999976], [75.98732000000015, 11.56400000000029], [75.9868600000009, 11.56365999999978], [75.9863700000005, 11.56362000000082], [75.98559999999995, 11.56380999999967], [75.98475999999937, 11.56400000000029], [75.98254000000087, 11.5643400000008], [75.98215999999954, 11.56442000000058], [75.98158999999946, 11.56453999999941], [75.98105000000034, 11.56450000000045], [75.98063000000005, 11.56430999999974], [75.98040000000037, 11.56403999999934], [75.98043999999933, 11.56358], [75.98063000000005, 11.56288999999922], [75.9810899999993, 11.5622000000003], [75.9813099999992, 11.56184000000027], [75.98147000000063, 11.5615899999993], [75.9818500000001, 11.56090000000039], [75.98223999999941, 11.56028999999948], [75.98257999999983, 11.55968000000025], [75.98285000000033, 11.5591000000004], [75.98335000000039, 11.55861000000001], [75.98337999999967, 11.55822000000078], [75.98312000000081, 11.55780000000049], [75.98247000000086, 11.55780000000049], [75.9819700000007, 11.55810999999994], [75.98147000000063, 11.55928999999925], [75.98090000000045, 11.56028999999948], [75.98082000000066, 11.56108999999923], [75.9805699999997, 11.56176000000049], [75.98050999999944, 11.56192999999981], [75.98012999999989, 11.56288999999922], [75.9798300000002, 11.5634599999994], [75.97985999999949, 11.56410999999935], [75.97890999999984, 11.5643400000008], [75.97854999999981, 11.5643400000008], [75.97848999999955, 11.56425999999915], [75.97803000000022, 11.56425999999915], [75.97779000000078, 11.56430999999974], [75.97767999999995, 11.56432999999926], [75.97718999999964, 11.56482999999933], [75.97683999999937, 11.56544000000033], [75.97642000000086, 11.5659400000004], [75.97592000000078, 11.56631999999987], [75.97523999999976, 11.56651000000058], [75.97423999999954, 11.56669999999942], [75.97371000000018, 11.56682000000003], [75.97362000000064, 11.56684999999922], [75.97263999999993, 11.56675999999968], [75.97138000000083, 11.56694000000063], [75.9702899999993, 11.56761999999978], [75.96954000000004, 11.56825999999998], [75.9689099999996, 11.56905999999982], [75.96845000000026, 11.56981000000086], [75.96793000000066, 11.57020999999985], [75.96775999999957, 11.5702700000002], [75.96718999999939, 11.56998000000018], [75.96707000000056, 11.56969000000026], [75.96699000000079, 11.56946000000059], [75.9674300000006, 11.5687699999999], [75.9674300000006, 11.56873000000085], [75.96746999999955, 11.56766000000061], [75.96746999999955, 11.56674000000025], [75.96774000000005, 11.56612999999925], [75.96816000000034, 11.56537000000022], [75.96862999999944, 11.56499000000076], [75.97075000000041, 11.56474999999955], [75.97223999999916, 11.56394999999971], [75.97407999999997, 11.56263000000036], [75.9762100000007, 11.56182000000084], [75.97631999999977, 11.56107999999947], [75.97672000000054, 11.55975000000036], [75.97678000000089, 11.5584899999994], [75.97615000000044, 11.55803000000016], [75.97487999999973, 11.55796999999981], [75.97356000000038, 11.55796999999981], [75.97194999999924, 11.55906999999934], [75.97108999999914, 11.5598699999991], [75.97040000000014, 11.56043999999928], [75.96947999999978, 11.56101999999922], [75.96867999999994, 11.56177000000025], [75.96775999999957, 11.56267999999907], [75.96689999999947, 11.56372000000013], [75.96621000000046, 11.56474999999955], [75.96564000000038, 11.5657900000006], [75.96517999999926, 11.56688000000028], [75.96477000000051, 11.56774000000039], [75.9643099999994, 11.56860000000049], [75.96317000000091, 11.56899999999948], [75.96298999999996, 11.56883000000016], [75.96284999999992, 11.56848999999965], [75.96291999999994, 11.56784999999945], [75.96306999999983, 11.56709000000043], [75.96349000000012, 11.56612999999925], [75.96426000000068, 11.56521000000066], [75.96426000000068, 11.56467999999953], [75.96434000000046, 11.56425999999915], [75.96464000000014, 11.56337999999962], [75.96514000000022, 11.56163000000013], [75.96517999999926, 11.56144999999927], [75.96614000000045, 11.56144999999927], [75.96688999999971, 11.56144999999927], [75.96788000000018, 11.56091999999991], [75.96840999999952, 11.56005000000005], [75.9684899999993, 11.55963999999952], [75.96819999999938, 11.55947000000011], [75.96811999999952, 11.55911999999993], [75.96839, 11.55866000000059], [75.96881000000029, 11.55832000000008], [75.96903999999996, 11.55786000000083], [75.96903999999996, 11.55754999999952], [75.96996000000033, 11.55647999999927], [75.97006999999938, 11.55629000000043], [75.97083999999995, 11.55579000000036], [75.97178999999959, 11.55537000000007], [75.97285999999984, 11.55517999999936], [75.97351999999955, 11.55499000000051], [75.97393999999984, 11.55442000000042], [75.97413000000056, 11.55364999999986], [75.97416999999952, 11.55330999999935], [75.97428000000036, 11.55304000000073], [75.97462000000087, 11.55277000000024], [75.97527000000082, 11.55270000000022], [75.97573000000007, 11.55270000000022], [75.97665000000052, 11.55272999999942], [75.97783999999959, 11.55272999999942], [75.97840999999968, 11.55272999999942], [75.97910000000046, 11.55289000000084], [75.97963999999958, 11.55357999999976], [75.9804199999999, 11.55397000000085], [75.98085999999962, 11.55397000000085], [75.98200999999975, 11.55378000000023], [75.98206000000023, 11.55371999999988], [75.98206000000023, 11.55345999999915], [75.98200999999975, 11.5528300000005], [75.98178000000007, 11.55248000000031], [75.98120000000013, 11.55207999999946], [75.98063000000005, 11.55168000000047], [75.9800500000001, 11.5514500000008], [75.97935999999933, 11.55105000000003], [75.97861999999982, 11.5505900000007], [75.97826999999964, 11.54990000000001], [75.97826999999964, 11.54915000000075], [75.97868000000017, 11.54862999999929], [75.97931000000061, 11.54817000000004], [75.97935999999933, 11.54794000000037], [75.97925000000035, 11.54673999999976], [75.97925000000035, 11.54610999999933], [75.97925000000035, 11.54546999999913], [75.97947999999992, 11.54478000000021], [75.9800500000001, 11.54386999999953], [75.98039000000061, 11.54349000000006], [75.98508000000035, 11.54226000000016], [75.98560999999971, 11.54219000000015], [75.98619999999941, 11.54283000000034], [75.98705999999952, 11.54334999999993], [75.98791999999962, 11.54334999999993], [75.9887899999994, 11.54334999999993], [75.98958999999924, 11.54341000000019], [75.9896499999995, 11.54392000000011], [75.9896499999995, 11.5449599999993], [75.9896499999995, 11.54576000000092], [75.98992999999975, 11.54651000000009], [75.99028000000001, 11.54708000000027], [75.99068000000078, 11.5482300000003], [75.9914900000003, 11.54834999999912], [75.99216999999955, 11.54834999999912], [75.99303999999941, 11.54794000000037], [75.99350000000052, 11.54737000000019], [75.99371000000066, 11.54680000000011], [75.99389999999951, 11.54673999999976], [75.99475999999962, 11.54644999999983], [75.99494000000047, 11.54620000000064], [75.99516000000038, 11.54628000000051], [75.99602000000048, 11.54628000000051], [75.99676999999974, 11.54610999999933], [75.99723000000085, 11.54558999999973], [75.99779999999917, 11.54523999999946], [75.99826000000029, 11.54455000000055], [75.99832000000063, 11.54398000000037], [75.99832000000063, 11.54341000000019], [75.99826000000029, 11.54260000000067], [75.99826000000029, 11.54184999999964], [75.99826000000029, 11.54117000000039], [75.99820999999979, 11.54025000000003], [75.99798000000011, 11.53960999999984], [75.99733999999992, 11.53897999999931], [75.99608000000083, 11.53897999999931], [75.99553999999993, 11.53897999999931], [75.99539000000004, 11.5391500000005], [75.9945900000002, 11.53944000000043], [75.99354999999925, 11.53921000000085], [75.9932100000005, 11.53835000000075], [75.99308999999991, 11.53737000000004], [75.99331999999957, 11.53640000000087], [75.99395999999977, 11.53593999999976], [75.99465000000055, 11.53571000000009], [75.9958499999993, 11.53571000000009], [75.99606999999921, 11.53566999999927], [75.99539000000004, 11.53616999999943], [75.9949300000007, 11.53754999999912], [75.99539000000004, 11.53852000000007], [75.99596999999999, 11.53852000000007], [75.9963100000004, 11.53852000000007], [75.99752000000078, 11.53835000000075], [75.99884000000021, 11.53926999999933], [75.99900999999954, 11.54094000000081], [75.99894999999928, 11.54231000000075], [75.99894999999928, 11.54392000000011], [75.9986700000009, 11.54605000000084], [75.99814999999944, 11.54834999999912], [75.99779999999917, 11.5497799999994], [75.99637000000075, 11.55001000000085], [75.99442000000089, 11.54938000000041], [75.99274999999939, 11.54886000000082], [75.99272999999997, 11.54872000000069], [75.99237999999968, 11.54875999999965], [75.99167999999915, 11.54883999999943], [75.9915600000004, 11.54883999999943], [75.99147000000087, 11.5489699999998], [75.99171999999997, 11.54904999999967], [75.9924499999997, 11.54942999999913], [75.99309999999967, 11.54997000000002], [75.99317999999944, 11.55073000000082], [75.9931400000005, 11.55131000000076], [75.99282999999926, 11.55177000000001], [75.99217999999931, 11.5520400000005], [75.99142000000029, 11.5520400000005], [75.99027000000025, 11.55157999999939], [75.98954000000052, 11.5508100000006], [75.98936999999933, 11.55064999999918], [75.98897000000034, 11.55027999999947], [75.98840000000017, 11.5496800000001], [75.9881700000005, 11.54942999999913], [75.98732000000015, 11.54867000000011], [75.98644000000061, 11.54847999999949], [75.98559999999995, 11.54847999999949], [75.98472000000041, 11.54847999999949], [75.98395999999961, 11.54847999999949], [75.98327000000062, 11.54877999999917], [75.98292000000033, 11.54939999999985], [75.98295999999938, 11.55011999999991], [75.98342000000049, 11.55092999999943], [75.9842599999993, 11.55146000000056], [75.98467999999959, 11.55199999999968], [75.98480000000019, 11.55249000000008], [75.98475999999937, 11.55318000000077], [75.98415000000024, 11.55414000000017], [75.98410999999942, 11.55451999999964], [75.98411999999918, 11.55460999999927], [75.98446999999945, 11.55528000000053], [75.98480000000019, 11.55626999999913], [75.98517999999966, 11.55703999999969], [75.98537000000037, 11.5582699999995], [75.98516000000014, 11.55920999999947], [75.98503999999953, 11.55975000000036], [75.98532999999955, 11.56061000000046], [75.98554999999945, 11.56062000000023], [75.98660999999994, 11.56118000000064], [75.98711000000002, 11.56135999999973], [75.98785999999927, 11.56139000000079], [75.98869999999985, 11.56142999999974], [75.98980999999914, 11.56173999999919], [75.99114999999979, 11.5622299999995], [75.99187999999963, 11.56262000000059], [75.99275999999915, 11.56394999999971], [75.99287, 11.56499000000076], [75.99287, 11.56571000000073], [75.99287, 11.56654999999954], [75.99291000000082, 11.56704999999969], [75.99315000000026, 11.56770999999932], [75.9934599999997, 11.56783999999969], [75.99372000000042, 11.56776999999967], [75.99442000000089, 11.56760000000035], [75.99775000000045, 11.56840000000011], [75.99899000000002, 11.56902000000078], [75.99964999999973, 11.56991999999993], [76.00013000000037, 11.57229999999985], [76.00194000000012, 11.57378000000063], [76.00136000000018, 11.57534999999917], [75.99998000000049, 11.57662999999956], [75.99847000000042, 11.57711000000019], [75.99844999999912, 11.57724000000056], [75.99769999999987, 11.57795000000077], [75.99769999999987, 11.5781900000002], [75.99769999999987, 11.57906999999974], [75.99792999999953, 11.57970999999994], [75.99851999999923, 11.58028999999988], [75.99921999999968, 11.58051999999954], [75.99985999999988, 11.58115999999974], [75.99985999999988, 11.58186000000019], [75.99979999999962, 11.58256000000073], [75.9990400000006, 11.58285000000066], [75.99827999999981, 11.58290999999914], [75.99728999999934, 11.58319999999915], [75.99664999999914, 11.58389999999961], [75.9961899999998, 11.58472000000075], [75.99577999999927, 11.58524000000035], [75.99495999999999, 11.58599999999937], [75.9938000000002, 11.58634999999955], [75.99293000000034, 11.58657999999922], [75.99222999999981, 11.58686999999914], [75.99196999999916, 11.58686999999914], [75.98833999999991, 11.58893999999962], [75.98296999999914, 11.58940000000073], [75.98276000000078, 11.59010999999917], [75.98165999999947, 11.59208000000034], [75.98407000000046, 11.59302999999999], [75.98931000000086, 11.59295000000021], [75.98953000000076, 11.59259000000017], [75.98982000000068, 11.59375999999972], [75.99026000000049, 11.59600999999928], [75.99222999999981, 11.5971800000007], [75.99500000000081, 11.59922000000003], [75.99565000000078, 11.60125999999944], [75.99885999999965, 11.60234999999921], [75.99958999999949, 11.60418000000026], [75.99921999999968, 11.60679999999952], [75.99936999999957, 11.60979000000045], [75.99856999999973, 11.61189999999988], [75.99733000000016, 11.61371999999939], [75.99660000000043, 11.61525000000075], [75.9920099999999, 11.61540000000055], [75.98953000000076, 11.61540000000055], [75.98436000000038, 11.61562000000045], [75.98012999999989, 11.61408999999909], [75.97773000000053, 11.61408999999909], [75.97626999999919, 11.61591000000047], [75.97809000000056, 11.61736000000018], [75.98173999999925, 11.61787999999977], [75.98472000000041, 11.6181699999997], [75.98617999999989, 11.61881999999966], [75.98859000000087, 11.61953999999972], [75.99055000000043, 11.62086000000094], [75.9891000000007, 11.62239000000043], [75.98724000000037, 11.62307999999935], [75.98711999999978, 11.62305999999991], [75.98667999999996, 11.62253000000056], [75.98586000000068, 11.62190000000012], [75.9854899999991, 11.62161000000011], [75.98482999999939, 11.62190000000012], [75.9840899999999, 11.62263999999962], [75.9832999999999, 11.62263999999962], [75.98274999999924, 11.62226999999983], [75.98187999999938, 11.62187000000084], [75.9813300000005, 11.62178999999919], [75.98121999999965, 11.62220999999957]]}}, {"type": "Feature", "properties": {"id": 259, "zone": "High Hazard Zone", "FID": "259", "ZONE_": "High Hazard Zone", "SHAPE_Leng": "0.112255", "SHAPE_Area": "0.000186", "aarea": "2.274363"}, "geometry": {"type": "Polygon", "coordinates": [[75.79204000000027, 11.74263000000065], [75.79220037458659, 11.74273491795408], [75.79209135772207, 11.74268913033514], [75.79203403263101, 11.7426272691706], [75.79204000000027, 11.74263000000065]]}}, {"type": "Feature", "properties": {"id": 260, "zone": "High Hazard Zone", "FID": "260", "ZONE_": "High Hazard Zone", "SHAPE_Leng": "0.242908", "SHAPE_Area": "0.00044", "aarea": "5.383578"}, "geometry": {"type": "MultiPolygon", "coordinates": [[[[76.12430251762741, 11.46753397732366], [76.12441254553154, 11.46711253632849], [76.12451967599337, 11.46694139262928], [76.12430251762741, 11.46753397732366]]], [[[76.12409015554697, 11.46868265427366], [76.12409210803126, 11.46864700507993], [76.12409210803126, 11.46833991132968], [76.12423918245547, 11.46777657067378], [76.12409015554697, 11.46868265427366]]]]}}, {"type": "Feature", "properties": {"id": 261, "zone": "High Hazard Zone", "FID": "261", "ZONE_": "High Hazard Zone", "SHAPE_Leng": "0.044164", "SHAPE_Area": "0.000037", "aarea": "0.45393"}, "geometry": {"type": "Polygon", "coordinates": [[76.09095008201481, 11.48322375528077], [76.09064000000035, 11.4839499999998], [76.09042608081789, 11.48404865679169], [76.09043120174992, 11.48403834884431], [76.09095008201481, 11.48322375528077]]}}, {"type": "Feature", "properties": {"id": 262, "zone": "High Hazard Zone", "FID": "262", "ZONE_": "High Hazard Zone", "SHAPE_Leng": "0.067487", "SHAPE_Area": "0.000103", "aarea": "1.265522"}, "geometry": {"type": "MultiPolygon", "coordinates": [[[[76.05722270423122, 11.50450385699478], [76.05715122118534, 11.50441352127756], [76.05720520171897, 11.50440694261328], [76.05722270423122, 11.50450385699478]]], [[[76.06568145172682, 11.51164244261998], [76.06573454542531, 11.51173292611756], [76.06573000000022, 11.51173000000017], [76.06561227099448, 11.51154948219156], [76.06568145172682, 11.51164244261998]]], [[[76.06799317047897, 11.51364516137188], [76.06806156042815, 11.51366184551333], [76.06796000000034, 11.51367000000028], [76.067905987187, 11.51359198149209], [76.06799317047897, 11.51364516137188]]]]}}, {"type": "Feature", "properties": {"id": 263, "zone": "High Hazard Zone", "FID": "263", "ZONE_": "High Hazard Zone", "SHAPE_Leng": "0.245217", "SHAPE_Area": "0.000436", "aarea": "5.338998"}, "geometry": {"type": "Polygon", "coordinates": [[76.02242542184652, 11.51224], [76.02206758635444, 11.51224], [76.0223083579365, 11.51218128637049], [76.02242542184652, 11.51224]]}}, {"type": "Feature", "properties": {"id": 264, "zone": "High Hazard Zone", "FID": "264", "ZONE_": "High Hazard Zone", "SHAPE_Leng": "0.08804", "SHAPE_Area": "0.000135", "aarea": "1.649935"}, "geometry": {"type": "MultiPolygon", "coordinates": [[[[75.81349945149196, 11.73846531783121], [75.81354188952453, 11.73848188744178], [75.81285000000027, 11.73881000000077], [75.81205000000043, 11.73955000000027], [75.81188112327973, 11.73971887672097], [75.81192779524052, 11.73958778658231], [75.81256104524113, 11.73867988033142], [75.8128814827414, 11.73845481783123], [75.81349945149196, 11.73846531783121]]], [[[75.80861228457424, 11.74159489192637], [75.80702000000018, 11.74171999999996], [75.80600807837031, 11.74166406463305], [75.80707551398604, 11.74157141158408], [75.80831907648718, 11.74151706783405], [75.80861228457424, 11.74159489192637]]], [[[75.79394999999931, 11.74190000000091], [75.79380492137794, 11.74183902492765], [75.79451089951584, 11.74173640430854], [75.79394999999931, 11.74190000000091]]]]}}, {"type": "Feature", "properties": {"id": 265, "zone": "Medium Hazard Zone", "FID": "265", "ZONE_": "Medium Hazard Zone", "SHAPE_Leng": "0.030328", "SHAPE_Area": "0.000041", "aarea": "0.496198"}, "geometry": {"type": "MultiPolygon", "coordinates": [[[[75.78990999999954, 11.76812000000063], [75.78998999999932, 11.7684700000009], [75.79015000000074, 11.76970000000071], [75.79018699508126, 11.76982155526496], [75.7901458889702, 11.76969719286032], [75.78998567022012, 11.76846981785913], [75.78988928894631, 11.76803370394446], [75.78990999999954, 11.76812000000063]]], [[[75.79068999999986, 11.77092000000085], [75.79068755862787, 11.77092350947311], [75.79063237713302, 11.77064629138188], [75.79068999999986, 11.77092000000085]]], [[[75.79023000000052, 11.77131000000007], [75.79013552458503, 11.77134633669826], [75.79022979522033, 11.77130891161185], [75.79027400819024, 11.77128652896562], [75.79023000000052, 11.77131000000007]]]]}}, {"type": "Feature", "properties": {"id": 266, "zone": "Medium Hazard Zone", "FID": "266", "ZONE_": "Medium Hazard Zone", "SHAPE_Leng": "0.355581", "SHAPE_Area": "0.000441", "aarea": "5.390121"}, "geometry": {"type": "Polygon", "coordinates": [[75.77757999999996, 11.80049999999933], [75.77712000000062, 11.8005799999992], [75.7761900000005, 11.80081000000065], [75.77572999999938, 11.80089000000043], [75.77479999999926, 11.80119999999987], [75.77472087902326, 11.80142747280589], [75.77471923270588, 11.8014268803899], [75.77479554520593, 11.80119609913962], [75.77572632645685, 11.80088616163933], [75.77619170145725, 11.80080891163933], [75.77712248270808, 11.80057716163908], [75.7775802639585, 11.80049706788895], [75.77798984884673, 11.80023530595336], [75.77757999999996, 11.80049999999933]]}}, {"type": "Feature", "properties": {"id": 267, "zone": "Medium Hazard Zone", "FID": "267", "ZONE_": "Medium Hazard Zone", "SHAPE_Leng": "0.024162", "SHAPE_Area": "0.000007", "aarea": "0.090141"}, "geometry": {"type": "Polygon", "coordinates": [[75.93905954357808, 11.58623828515498], [75.93906000000062, 11.58625000000025], [75.93904064516093, 11.58628020528039], [75.93890935925256, 11.58648509086436], [75.93901060785886, 11.58626459893946], [75.93905713757192, 11.58617653099808], [75.93905954357808, 11.58623828515498]]}}, {"type": "Feature", "properties": {"id": 268, "zone": "Medium Hazard Zone", "FID": "268", "ZONE_": "Medium Hazard Zone", "SHAPE_Leng": "0.09565", "SHAPE_Area": "0.000209", "aarea": "2.548284"}, "geometry": {"type": "MultiPolygon", "coordinates": [[[[75.79461000000082, 11.78465999999932], [75.79466718916213, 11.78596581921599], [75.79460757902682, 11.78465867946799], [75.79461000000082, 11.78465999999932]]], [[[75.79474999999907, 11.78657000000024], [75.79478719057157, 11.78689408927343], [75.79474638897453, 11.786566724126], [75.79467325933867, 11.78605200054047], [75.79474999999907, 11.78657000000024]]], [[[75.79506000000039, 11.78772000000026], [75.79496585449984, 11.78806924943639], [75.79505898189346, 11.7877177092596], [75.79506000000039, 11.78772000000026]]], [[[75.79119999999969, 11.79186999999911], [75.79088932278613, 11.79207491475823], [75.79119873272123, 11.79187013038095], [75.79142760772143, 11.7915630366307], [75.79142777874303, 11.79156299386677], [75.79119999999969, 11.79186999999911]]]]}}]}